UNIX time,seconds_elapsed,z,y,x,altitude,speedAccuracy,bearingAccuracy,latitude,altitudeAboveMeanSeaLevel,bearing,horizontalAccuracy,verticalAccuracy,longitude,speed
1763934556506391300,27.7924,2.334066048,2.281427222,0.5550280842,235.6451102,0.3080157143,7.258974519,43.12492858,270.1267424,188.8984833,4.74865153,6.504738219,-89.31832651,3.668035984
1763934556516442400,27.8024,2.989239099,1.897257955,0.6797603793,235.6451102,0.3080157143,7.258974519,43.12492858,270.1267424,188.8984833,4.74865153,6.504738219,-89.31832651,3.668035984
1763934556526493200,27.8125,2.763530647,2.060765094,0.3596972353,235.6451102,0.3080157143,7.258974519,43.12492858,270.1267424,188.8984833,4.74865153,6.504738219,-89.31832651,3.668035984
1763934556536545300,27.8225,1.652855032,2.497628717,-0.01117839662,235.6451102,0.3080157143,7.258974519,43.12492858,270.1267424,188.8984833,4.74865153,6.504738219,-89.31832651,3.668035984
1763934556546596400,27.8326,0.1716376925,1.775820171,-0.645720747,235.6451102,0.3080157143,7.258974519,43.12492858,270.1267424,188.8984833,4.74865153,6.504738219,-89.31832651,3.668035984
1763934556556647400,27.8426,-0.9971054965,1.87359607,-0.4024357223,235.6451102,0.3080157143,7.258974519,43.12492858,270.1267424,188.8984833,4.74865153,6.504738219,-89.31832651,3.668035984
1763934556566698200,27.8527,-1.562666811,1.764420679,-0.3194254306,235.6451102,0.3080157143,7.258974519,43.12492858,270.1267424,188.8984833,4.74865153,6.504738219,-89.31832651,3.668035984
1763934556576750300,27.8628,-1.938969144,1.103596617,-0.2101099004,235.6451102,0.3080157143,7.258974519,43.12492858,270.1267424,188.8984833,4.74865153,6.504738219,-89.31832651,3.668035984
1763934556586801400,27.8728,-2.093846256,0.5496256406,-0.2098334215,235.6451102,0.3080157143,7.258974519,43.12492858,270.1267424,188.8984833,4.74865153,6.504738219,-89.31832651,3.668035984
1763934556596852200,27.8829,-2.002582662,0.6134811499,-0.2315051551,235.6451102,0.3080157143,7.258974519,43.12492858,270.1267424,188.8984833,4.74865153,6.504738219,-89.31832651,3.668035984
1763934556606904300,27.8929,-0.9965490316,-0.05882226439,-0.1992097362,235.6451102,0.3080157143,7.258974519,43.12492858,270.1267424,188.8984833,4.74865153,6.504738219,-89.31832651,3.668035984
1763934556616955400,27.9030,0.3406909215,-0.05641162305,0.2288870816,235.6451102,0.3080157143,7.258974519,43.12492858,270.1267424,188.8984833,4.74865153,6.504738219,-89.31832651,3.668035984
1763934556627006200,27.9130,1.227812779,-0.1916508452,0.3042331222,235.6451102,0.3080157143,7.258974519,43.12492858,270.1267424,188.8984833,4.74865153,6.504738219,-89.31832651,3.668035984
1763934556637057300,27.9231,1.391736098,-0.1175967441,0.2371528056,235.6451102,0.3080157143,7.258974519,43.12492858,270.1267424,188.8984833,4.74865153,6.504738219,-89.31832651,3.668035984
1763934556647109400,27.9331,1.023632415,0.0821728179,0.007537994289,235.6451102,0.3080157143,7.258974519,43.12492858,270.1267424,188.8984833,4.74865153,6.504738219,-89.31832651,3.668035984
1763934556657160200,27.9432,1.001469683,0.6389205655,0.1535480552,235.6451102,0.3080157143,7.258974519,43.12492858,270.1267424,188.8984833,4.74865153,6.504738219,-89.31832651,3.668035984
1763934556667211300,27.9532,1.047798596,0.4710949786,-0.04785129998,235.6451102,0.3080157143,7.258974519,43.12492858,270.1267424,188.8984833,4.74865153,6.504738219,-89.31832651,3.668035984
1763934556677262300,27.9633,-0.03827931564,1.182685059,0.4247814096,235.6451102,0.3080157143,7.258974519,43.12492858,270.1267424,188.8984833,4.74865153,6.504738219,-89.31832651,3.668035984
1763934556687314200,27.9733,-0.2051893951,1.089293074,0.07385083363,235.6451102,0.3080157143,7.258974519,43.12492858,270.1267424,188.8984833,4.74865153,6.504738219,-89.31832651,3.668035984
1763934556697365200,27.9834,-0.9388323173,0.8364661678,-0.1077402438,235.6451102,0.3080157143,7.258974519,43.12492858,270.1267424,188.8984833,4.74865153,6.504738219,-89.31832651,3.668035984
1763934556707416300,27.9934,-1.783852232,1.249751201,0.4140776447,235.6451102,0.3080157143,7.258974519,43.12492858,270.1267424,188.8984833,4.74865153,6.504738219,-89.31832651,3.668035984
1763934556717468200,28.0035,-1.524066155,0.5658029415,-0.2161661317,235.6451102,0.3080157143,7.258974519,43.12492858,270.1267424,188.8984833,4.74865153,6.504738219,-89.31832651,3.668035984
1763934556727519200,28.0135,-1.925941028,0.7308746266,-0.144689626,235.6451102,0.3080157143,7.258974519,43.12492858,270.1267424,188.8984833,4.74865153,6.504738219,-89.31832651,3.668035984
1763934556737570300,28.0236,-1.934496383,0.2274722463,-0.3448199841,235.6451102,0.3080157143,7.258974519,43.12492858,270.1267424,188.8984833,4.74865153,6.504738219,-89.31832651,3.668035984
1763934556747621400,28.0336,-1.200851269,-1.223633228,-0.07146481528,235.6451102,0.3080157143,7.258974519,43.12492858,270.1267424,188.8984833,4.74865153,6.504738219,-89.31832651,3.668035984
1763934556757673200,28.0437,-1.016422776,-0.8789868474,1.528225466,235.6451102,0.3080157143,7.258974519,43.12492858,270.1267424,188.8984833,4.74865153,6.504738219,-89.31832651,3.668035984
1763934556767724300,28.0537,0.3457647176,0.1759622046,-0.2004372321,235.6451102,0.3080157143,7.258974519,43.12492858,270.1267424,188.8984833,4.74865153,6.504738219,-89.31832651,3.668035984
1763934556777775400,28.0638,0.1335572604,-0.1493335793,-1.234759237,235.6451102,0.3080157143,7.258974519,43.12492858,270.1267424,188.8984833,4.74865153,6.504738219,-89.31832651,3.668035984
1763934556787826200,28.0738,-1.094884026,0.006883695099,0.6218138017,235.6451102,0.3080157143,7.258974519,43.12492858,270.1267424,188.8984833,4.74865153,6.504738219,-89.31832651,3.668035984
1763934556797878300,28.0839,1.071165589,0.7259849548,0.05002162975,235.6451102,0.3080157143,7.258974519,43.12492858,270.1267424,188.8984833,4.74865153,6.504738219,-89.31832651,3.668035984
1763934556807929300,28.0939,1.167465278,0.1130898612,-0.1968757403,235.6451102,0.3080157143,7.258974519,43.12492858,270.1267424,188.8984833,4.74865153,6.504738219,-89.31832651,3.668035984
1763934556817980400,28.1040,-0.1898795978,0.1268170655,0.3920037601,235.6451102,0.3080157143,7.258974519,43.12492858,270.1267424,188.8984833,4.74865153,6.504738219,-89.31832651,3.668035984
1763934556828032300,28.1140,0.1623157374,0.6946857073,-0.2349959198,235.6451102,0.3080157143,7.258974519,43.12492858,270.1267424,188.8984833,4.74865153,6.504738219,-89.31832651,3.668035984
1763934556838083300,28.1241,0.1795019961,0.09729330321,-0.3153910605,235.6451102,0.3080157143,7.258974519,43.12492858,270.1267424,188.8984833,4.74865153,6.504738219,-89.31832651,3.668035984
1763934556848134400,28.1341,-0.2312272149,0.1940006963,0.1815641894,235.6451102,0.3080157143,7.258974519,43.12492858,270.1267424,188.8984833,4.74865153,6.504738219,-89.31832651,3.668035984
1763934556858185200,28.1442,0.1947626936,0.4008971145,-0.02262216617,235.6451102,0.3080157143,7.258974519,43.12492858,270.1267424,188.8984833,4.74865153,6.504738219,-89.31832651,3.668035984
1763934556868237300,28.1542,0.4430813286,0.3363662632,0.03021802813,235.6451102,0.3080157143,7.258974519,43.12492858,270.1267424,188.8984833,4.74865153,6.504738219,-89.31832651,3.668035984
1763934556878288400,28.1643,0.4805576573,0.5318146741,0.02227729826,235.6451102,0.3080157143,7.258974519,43.12492858,270.1267424,188.8984833,4.74865153,6.504738219,-89.31832651,3.668035984
1763934556888339200,28.1743,0.3294093568,0.6187070679,0.2952139494,235.6451102,0.3080157143,7.258974519,43.12492858,270.1267424,188.8984833,4.74865153,6.504738219,-89.31832651,3.668035984
1763934556898390300,28.1844,0.06493219864,0.8757265304,0.05462824677,235.6451102,0.3080157143,7.258974519,43.12492858,270.1267424,188.8984833,4.74865153,6.504738219,-89.31832651,3.668035984
1763934556908442400,28.1944,0.2819979095,1.266272858,-0.1554565192,235.6451102,0.3080157143,7.258974519,43.12492858,270.1267424,188.8984833,4.74865153,6.504738219,-89.31832651,3.668035984
1763934556918493200,28.2045,0.01899579237,0.9829170313,0.3805202431,235.6451102,0.3080157143,7.258974519,43.12492858,270.1267424,188.8984833,4.74865153,6.504738219,-89.31832651,3.668035984
1763934556928544300,28.2145,0.3989676078,1.301251671,0.3066530428,235.6451102,0.3080157143,7.258974519,43.12492858,270.1267424,188.8984833,4.74865153,6.504738219,-89.31832651,3.668035984
1763934556938596400,28.2246,0.4918728321,1.265160075,0.03443944522,235.6451102,0.3080157143,7.258974519,43.12492858,270.1267424,188.8984833,4.74865153,6.504738219,-89.31832651,3.668035984
1763934556948647200,28.2346,0.3424301664,1.087795894,0.1900222211,235.6451102,0.3080157143,7.258974519,43.12492858,270.1267424,188.8984833,4.74865153,6.504738219,-89.31832651,3.668035984
1763934556958698200,28.2447,0.6662878804,1.169779546,0.251222832,235.6451102,0.3080157143,7.258974519,43.12492858,270.1267424,188.8984833,4.74865153,6.504738219,-89.31832651,3.668035984
1763934556968749300,28.2547,0.911022081,0.9798706494,0.1951110687,235.6451102,0.3080157143,7.258974519,43.12492858,270.1267424,188.8984833,4.74865153,6.504738219,-89.31832651,3.668035984
1763934556978801200,28.2648,0.69724679,0.76125654,0.0147989252,235.6451102,0.3080157143,7.258974519,43.12492858,270.1267424,188.8984833,4.74865153,6.504738219,-89.31832651,3.668035984
1763934556988852200,28.2749,0.5725172714,0.6385780357,0.05067044905,235.6451102,0.3080157143,7.258974519,43.12492858,270.1267424,188.8984833,4.74865153,6.504738219,-89.31832651,3.668035984
1763934556998903300,28.2849,0.703384416,0.4548696739,0.1717430526,235.6451102,0.3080157143,7.258974519,43.12492858,270.1267424,188.8984833,4.74865153,6.504738219,-89.31832651,3.668035984
1763934557008954400,28.2950,0.6177437758,0.2835503996,0.1542886444,235.6451102,0.3080157143,7.258974519,43.12492858,270.1267424,188.8984833,4.74865153,6.504738219,-89.31832651,3.668035984
1763934557019006200,28.3050,2.954011133,0.4233770957,-0.7780348755,235.6451102,0.3080157143,7.258974519,43.12492858,270.1267424,188.8984833,4.74865153,6.504738219,-89.31832651,3.668035984
1763934557029057300,28.3151,0.6143292912,0.1115222465,0.7198410452,235.6451102,0.3080157143,7.258974519,43.12492858,270.1267424,188.8984833,4.74865153,6.504738219,-89.31832651,3.668035984
1763934557039108400,28.3251,-1.246876084,-0.872987607,0.6530909835,235.6451102,0.3080157143,7.258974519,43.12492858,270.1267424,188.8984833,4.74865153,6.504738219,-89.31832651,3.668035984
1763934557049159200,28.3352,-0.963233622,0.1855096391,-0.6375076299,235.6451102,0.3080157143,7.258974519,43.12492858,270.1267424,188.8984833,4.74865153,6.504738219,-89.31832651,3.668035984
1763934557059211300,28.3452,-2.11910257,-0.1326760937,0.07691197477,235.6451102,0.3080157143,7.258974519,43.12492858,270.1267424,188.8984833,4.74865153,6.504738219,-89.31832651,3.668035984
1763934557069262300,28.3553,0.8501679455,-0.3384995489,-0.4212310236,235.6451102,0.3080157143,7.258974519,43.12492858,270.1267424,188.8984833,4.74865153,6.504738219,-89.31832651,3.668035984
1763934557079313200,28.3653,1.532009369,0.09562909633,0.3053577423,235.6451102,0.3080157143,7.258974519,43.12492858,270.1267424,188.8984833,4.74865153,6.504738219,-89.31832651,3.668035984
1763934557089365200,28.3754,0.4701633968,-0.4279641313,0.4278624245,235.6451102,0.3080157143,7.258974519,43.12492858,270.1267424,188.8984833,4.74865153,6.504738219,-89.31832651,3.668035984
1763934557099416300,28.3854,0.06421162928,0.1786816927,-0.2890986814,235.6451102,0.3080157143,7.258974519,43.12492858,270.1267424,188.8984833,4.74865153,6.504738219,-89.31832651,3.668035984
1763934557109467400,28.3955,-0.3884875687,-0.03676679219,-0.1575076065,235.6451102,0.3080157143,7.258974519,43.12492858,270.1267424,188.8984833,4.74865153,6.504738219,-89.31832651,3.668035984
1763934557119518000,28.4055,-0.1418684311,0.1166238805,0.02411854221,235.6451102,0.3080157143,7.258974519,43.12492858,270.1267424,188.8984833,4.74865153,6.504738219,-89.31832651,3.668035984
1763934557129570300,28.4156,-0.3445711239,0.1360086722,0.03456394838,235.6451102,0.3080157143,7.258974519,43.12492858,270.1267424,188.8984833,4.74865153,6.504738219,-89.31832651,3.668035984
1763934557139621400,28.4256,-0.6901007176,0.2384039747,-0.2746212433,235.6451102,0.3080157143,7.258974519,43.12492858,270.1267424,188.8984833,4.74865153,6.504738219,-89.31832651,3.668035984
1763934557149672200,28.4357,-0.7388323076,0.2701479703,-0.1592056426,235.6451102,0.3080157143,7.258974519,43.12492858,270.1267424,188.8984833,4.74865153,6.504738219,-89.31832651,3.668035984
1763934557159723000,28.4457,-1.222919162,0.1466727626,-0.1077536878,235.6451102,0.3080157143,7.258974519,43.12492858,270.1267424,188.8984833,4.74865153,6.504738219,-89.31832651,3.668035984
1763934557169775400,28.4558,-1.104906677,0.1563438234,-0.01336626205,235.6451102,0.3080157143,7.258974519,43.12492858,270.1267424,188.8984833,4.74865153,6.504738219,-89.31832651,3.668035984
1763934557179826200,28.4658,-0.3743628895,-0.02139605845,-0.09292436741,235.6451102,0.3080157143,7.258974519,43.12492858,270.1267424,188.8984833,4.74865153,6.504738219,-89.31832651,3.668035984
1763934557189877200,28.4759,-0.1230661154,0.1036913337,0.1617512354,235.6451102,0.3080157143,7.258974519,43.12492858,270.1267424,188.8984833,4.74865153,6.504738219,-89.31832651,3.668035984
1763934557199929300,28.4859,-0.2274734154,0.01874802816,0.06404957058,235.6451102,0.3080157143,7.258974519,43.12492858,270.1267424,188.8984833,4.74865153,6.504738219,-89.31832651,3.668035984
1763934557209980200,28.4960,0.1009340709,0.01335515614,0.2017594207,235.6451102,0.3080157143,7.258974519,43.12492858,270.1267424,188.8984833,4.74865153,6.504738219,-89.31832651,3.668035984
1763934557220031200,28.5060,0.9658920276,0.07961071233,0.3400923711,235.6451102,0.3080157143,7.258974519,43.12492858,270.1267424,188.8984833,4.74865153,6.504738219,-89.31832651,3.668035984
1763934557230082300,28.5161,1.104358249,0.2924442655,-0.2461363225,235.6451102,0.3080157143,7.258974519,43.12492858,270.1267424,188.8984833,4.74865153,6.504738219,-89.31832651,3.668035984
1763934557240134100,28.5261,0.5125590618,0.5387904314,-0.960201707,235.6451102,0.3080157143,7.258974519,43.12492858,270.1267424,188.8984833,4.74865153,6.504738219,-89.31832651,3.668035984
1763934557250185200,28.5362,0.07354454416,0.695759401,-0.5491156453,235.6451102,0.3080157143,7.258974519,43.12492858,270.1267424,188.8984833,4.74865153,6.504738219,-89.31832651,3.668035984
1763934557260236300,28.5462,-0.1183946165,0.6807945446,-0.3474035709,235.6451102,0.3080157143,7.258974519,43.12492858,270.1267424,188.8984833,4.74865153,6.504738219,-89.31832651,3.668035984
1763934557270287400,28.5563,-0.06967734734,0.578180777,-0.1983849758,235.6451102,0.3080157143,7.258974519,43.12492858,270.1267424,188.8984833,4.74865153,6.504738219,-89.31832651,3.668035984
1763934557280339200,28.5663,-0.007304185534,0.2525381524,0.275522576,235.6451102,0.3080157143,7.258974519,43.12492858,270.1267424,188.8984833,4.74865153,6.504738219,-89.31832651,3.668035984
1763934557290390300,28.5764,-0.5365113075,-0.8850329226,0.843576146,235.6451102,0.3080157143,7.258974519,43.12492858,270.1267424,188.8984833,4.74865153,6.504738219,-89.31832651,3.668035984
1763934557300441300,28.5864,-0.2037196148,-1.399966458,0.4284165512,235.6451102,0.3080157143,7.258974519,43.12492858,270.1267424,188.8984833,4.74865153,6.504738219,-89.31832651,3.668035984
1763934557310493200,28.5965,-0.4066391653,-0.5651436008,0.09220482097,235.6451102,0.3080157143,7.258974519,43.12492858,270.1267424,188.8984833,4.74865153,6.504738219,-89.31832651,3.668035984
1763934557320544300,28.6065,-0.1952899324,0.1167877658,-0.4744903201,235.6451102,0.3080157143,7.258974519,43.12492858,270.1267424,188.8984833,4.74865153,6.504738219,-89.31832651,3.668035984
1763934557330595300,28.6166,-0.3559450431,0.03354512673,-0.3588216215,235.6451102,0.3080157143,7.258974519,43.12492858,270.1267424,188.8984833,4.74865153,6.504738219,-89.31832651,3.668035984
1763934557340646100,28.6266,-0.1869032123,0.1918537474,-0.3054951049,235.6451102,0.3080157143,7.258974519,43.12492858,270.1267424,188.8984833,4.74865153,6.504738219,-89.31832651,3.668035984
1763934557350698200,28.6367,0.324474823,-0.08575703307,0.09151099348,235.6451102,0.3080157143,7.258974519,43.12492858,270.1267424,188.8984833,4.74865153,6.504738219,-89.31832651,3.668035984
1763934557360749300,28.6467,1.08471393,-0.8816847812,0.2333873156,235.6451102,0.3080157143,7.258974519,43.12492858,270.1267424,188.8984833,4.74865153,6.504738219,-89.31832651,3.668035984
1763934557370800400,28.6568,1.576448522,0.1746317598,0.4331552702,235.6451102,0.3080157143,7.258974519,43.12492858,270.1267424,188.8984833,4.74865153,6.504738219,-89.31832651,3.668035984
1763934557380851200,28.6669,0.924053412,0.7112203703,-0.5220283164,235.6451102,0.3080157143,7.258974519,43.12492858,270.1267424,188.8984833,4.74865153,6.504738219,-89.31832651,3.668035984
1763934557390903300,28.6769,-0.6443313385,0.7873601916,-1.099699025,235.6451102,0.3080157143,7.258974519,43.12492858,270.1267424,188.8984833,4.74865153,6.504738219,-89.31832651,3.668035984
1763934557400954400,28.6870,-0.8427063774,1.413592102,-1.561962901,235.6451102,0.3080157143,7.258974519,43.12492858,270.1267424,188.8984833,4.74865153,6.504738219,-89.31832651,3.668035984
1763934557411005200,28.6970,-0.5678922419,1.50236651,-0.2300239766,235.6451102,0.3080157143,7.258974519,43.12492858,270.1267424,188.8984833,4.74865153,6.504738219,-89.31832651,3.668035984
1763934557421057300,28.7071,-0.06612111616,-0.1895663306,0.6187725343,235.6451102,0.3080157143,7.258974519,43.12492858,270.1267424,188.8984833,4.74865153,6.504738219,-89.31832651,3.668035984
1763934557431108400,28.7171,0.607127397,-0.1579913714,0.8706056072,235.6451102,0.3080157143,7.258974519,43.12492858,270.1267424,188.8984833,4.74865153,6.504738219,-89.31832651,3.668035984
1763934557441159200,28.7272,1.362495975,-0.7294152946,-0.4558014017,235.6451102,0.3080157143,7.258974519,43.12492858,270.1267424,188.8984833,4.74865153,6.504738219,-89.31832651,3.668035984
1763934557451210200,28.7372,0.7861176442,-0.6586858809,0.1989782655,235.6451102,0.3080157143,7.258974519,43.12492858,270.1267424,188.8984833,4.74865153,6.504738219,-89.31832651,3.668035984
1763934557461262300,28.7473,0.1682498036,-0.5450961805,1.432168062,235.6451102,0.3080157143,7.258974519,43.12492858,270.1267424,188.8984833,4.74865153,6.504738219,-89.31832651,3.668035984
1763934557471313200,28.7573,0.516570051,-0.5518386405,1.873479166,235.6451102,0.3080157143,7.258974519,43.12492858,270.1267424,188.8984833,4.74865153,6.504738219,-89.31832651,3.668035984
1763934557481364200,28.7674,0.5747744027,-0.5790639896,1.697006746,235.6451102,0.3080157143,7.258974519,43.12492858,270.1267424,188.8984833,4.74865153,6.504738219,-89.31832651,3.668035984
1763934557491415300,28.7774,-0.8342398701,0.3646586571,0.7043927162,235.6451102,0.3080157143,7.258974519,43.12492858,270.1267424,188.8984833,4.74865153,6.504738219,-89.31832651,3.668035984
1763934555501264400,26.7873,1.744263734,4.077249732,1.36126088,235.6566547,0.3080157152,7.258974519,43.12494572,270.1382869,188.8984833,4.74865153,5.200462581,-89.31832285,3.668035984
1763934555511315500,26.7973,-4.439627292,0.1936585318,3.991618736,235.6566547,0.3080157152,7.258974519,43.12494572,270.1382869,188.8984833,4.74865153,5.200462581,-89.31832285,3.668035984
1763934555521366300,26.8074,1.188453413,0.7973943866,-1.311180798,235.6566547,0.3080157152,7.258974519,43.12494572,270.1382869,188.8984833,4.74865153,5.200462581,-89.31832285,3.668035984
1763934555531418400,26.8174,3.020003655,0.5368247574,-2.004081814,235.6566547,0.3080157152,7.258974519,43.12494572,270.1382869,188.8984833,4.74865153,5.200462581,-89.31832285,3.668035984
1763934555541469400,26.8275,-2.997028437,-0.8145021733,2.315742456,235.6566547,0.3080157152,7.258974519,43.12494572,270.1382869,188.8984833,4.74865153,5.200462581,-89.31832285,3.668035984
1763934555551520300,26.8375,-2.147731868,0.2712783626,-2.181945395,235.6566547,0.3080157152,7.258974519,43.12494572,270.1382869,188.8984833,4.74865153,5.200462581,-89.31832285,3.668035984
1763934555561571300,26.8476,3.080987993,2.310177661,-3.898058409,235.6566547,0.3080157152,7.258974519,43.12494572,270.1382869,188.8984833,4.74865153,5.200462581,-89.31832285,3.668035984
1763934555571623400,26.8576,-0.7363783385,0.4783996025,1.896319943,235.6566547,0.3080157152,7.258974519,43.12494572,270.1382869,188.8984833,4.74865153,5.200462581,-89.31832285,3.668035984
1763934555581674200,26.8677,-2.062764889,0.4875260351,0.065155486,235.6566547,0.3080157152,7.258974519,43.12494572,270.1382869,188.8984833,4.74865153,5.200462581,-89.31832285,3.668035984
1763934555591725300,26.8777,1.702296231,4.445384833,-4.055970505,235.6566547,0.3080157152,7.258974519,43.12494572,270.1382869,188.8984833,4.74865153,5.200462581,-89.31832285,3.668035984
1763934555601777400,26.8878,0.2647146201,3.895076178,-1.315369482,235.6566547,0.3080157152,7.258974519,43.12494572,270.1382869,188.8984833,4.74865153,5.200462581,-89.31832285,3.668035984
1763934555611828200,26.8978,-2.948488571,3.131869746,2.50362182,235.6566547,0.3080157152,7.258974519,43.12494572,270.1382869,188.8984833,4.74865153,5.200462581,-89.31832285,3.668035984
1763934555621879300,26.9079,0.9163480983,3.627641632,-1.731132888,235.6566547,0.3080157152,7.258974519,43.12494572,270.1382869,188.8984833,4.74865153,5.200462581,-89.31832285,3.668035984
1763934555631930400,26.9179,3.01771116,4.369838886,-1.198217267,235.6566547,0.3080157152,7.258974519,43.12494572,270.1382869,188.8984833,4.74865153,5.200462581,-89.31832285,3.668035984
1763934555641982200,26.9280,-1.572839684,2.648979554,2.040003607,235.6566547,0.3080157152,7.258974519,43.12494572,270.1382869,188.8984833,4.74865153,5.200462581,-89.31832285,3.668035984
1763934555652033300,26.9380,-0.06724573628,3.243546453,-2.488020346,235.6566547,0.3080157152,7.258974519,43.12494572,270.1382869,188.8984833,4.74865153,5.200462581,-89.31832285,3.668035984
1763934555662084400,26.9481,0.7248644264,5.013973825,0.0504366403,235.6566547,0.3080157152,7.258974519,43.12494572,270.1382869,188.8984833,4.74865153,5.200462581,-89.31832285,3.668035984
1763934555672135400,26.9581,-1.238607876,-1.874808515,2.218354095,235.6566547,0.3080157152,7.258974519,43.12494572,270.1382869,188.8984833,4.74865153,5.200462581,-89.31832285,3.668035984
1763934555682187300,26.9682,-1.608288599,1.093709575,4.82291057,235.6566547,0.3080157152,7.258974519,43.12494572,270.1382869,188.8984833,4.74865153,5.200462581,-89.31832285,3.668035984
1763934555692238300,26.9782,1.925698013,5.625953046,-1.987781837,235.6566547,0.3080157152,7.258974519,43.12494572,270.1382869,188.8984833,4.74865153,5.200462581,-89.31832285,3.668035984
1763934555702289400,26.9883,2.608826408,2.937494883,-3.132185096,235.6566547,0.3080157152,7.258974519,43.12494572,270.1382869,188.8984833,4.74865153,5.200462581,-89.31832285,3.668035984
1763934555712341200,26.9983,-3.25318931,1.02250268,3.630381286,235.6566547,0.3080157152,7.258974519,43.12494572,270.1382869,188.8984833,4.74865153,5.200462581,-89.31832285,3.668035984
1763934555722392300,27.0084,-1.323250152,-2.930782526,1.455570564,235.6566547,0.3080157152,7.258974519,43.12494572,270.1382869,188.8984833,4.74865153,5.200462581,-89.31832285,3.668035984
1763934555732443400,27.0184,1.29210215,2.314472582,2.314478135,235.6566547,0.3080157152,7.258974519,43.12494572,270.1382869,188.8984833,4.74865153,5.200462581,-89.31832285,3.668035984
1763934555742494500,27.0285,0.7653824608,7.153004207,-1.122444525,235.6566547,0.3080157152,7.258974519,43.12494572,270.1382869,188.8984833,4.74865153,5.200462581,-89.31832285,3.668035984
1763934555752546300,27.0385,1.438045429,5.621362795,-3.263830531,235.6566547,0.3080157152,7.258974519,43.12494572,270.1382869,188.8984833,4.74865153,5.200462581,-89.31832285,3.668035984
1763934555762597400,27.0486,-2.410749475,3.066654931,2.348157117,235.6566547,0.3080157152,7.258974519,43.12494572,270.1382869,188.8984833,4.74865153,5.200462581,-89.31832285,3.668035984
1763934555772648400,27.0586,0.01991232269,1.243160424,1.092005548,235.6566547,0.3080157152,7.258974519,43.12494572,270.1382869,188.8984833,4.74865153,5.200462581,-89.31832285,3.668035984
1763934555782699300,27.0687,1.847685384,-0.6696894324,2.899125112,235.6566547,0.3080157152,7.258974519,43.12494572,270.1382869,188.8984833,4.74865153,5.200462581,-89.31832285,3.668035984
1763934555792751400,27.0788,-0.4213011663,-0.8464177261,2.10228383,235.6566547,0.3080157152,7.258974519,43.12494572,270.1382869,188.8984833,4.74865153,5.200462581,-89.31832285,3.668035984
1763934555802802400,27.0888,1.41602649,3.589739186,-2.917312511,235.6566547,0.3080157152,7.258974519,43.12494572,270.1382869,188.8984833,4.74865153,5.200462581,-89.31832285,3.668035984
1763934555812853200,27.0989,0.05281630197,5.745365607,-3.331125952,235.6566547,0.3080157152,7.258974519,43.12494572,270.1382869,188.8984833,4.74865153,5.200462581,-89.31832285,3.668035984
1763934555822905300,27.1089,-2.650807939,4.123203966,-1.065275946,235.6566547,0.3080157152,7.258974519,43.12494572,270.1382869,188.8984833,4.74865153,5.200462581,-89.31832285,3.668035984
1763934555832956400,27.1190,-1.432324129,3.177956959,-0.9983388377,235.6566547,0.3080157152,7.258974519,43.12494572,270.1382869,188.8984833,4.74865153,5.200462581,-89.31832285,3.668035984
1763934555843007200,27.1290,-0.7454396699,4.41568586,0.1886801589,235.6566547,0.3080157152,7.258974519,43.12494572,270.1382869,188.8984833,4.74865153,5.200462581,-89.31832285,3.668035984
1763934555853058300,27.1391,-1.055439612,1.207881386,1.906619803,235.6566547,0.3080157152,7.258974519,43.12494572,270.1382869,188.8984833,4.74865153,5.200462581,-89.31832285,3.668035984
1763934555863110400,27.1491,-0.5845733276,-0.7770186842,1.594164212,235.6566547,0.3080157152,7.258974519,43.12494572,270.1382869,188.8984833,4.74865153,5.200462581,-89.31832285,3.668035984
1763934555873161200,27.1592,1.122836082,-0.4051797603,0.8834937303,235.6566547,0.3080157152,7.258974519,43.12494572,270.1382869,188.8984833,4.74865153,5.200462581,-89.31832285,3.668035984
1763934555883212300,27.1692,1.566293916,-0.6034585723,0.7888987994,235.6566547,0.3080157152,7.258974519,43.12494572,270.1382869,188.8984833,4.74865153,5.200462581,-89.31832285,3.668035984
1763934555893263400,27.1793,1.229037791,0.6682443482,0.879958542,235.6566547,0.3080157152,7.258974519,43.12494572,270.1382869,188.8984833,4.74865153,5.200462581,-89.31832285,3.668035984
1763934555903315200,27.1893,1.722734477,1.642152436,-0.756912008,235.6566547,0.3080157152,7.258974519,43.12494572,270.1382869,188.8984833,4.74865153,5.200462581,-89.31832285,3.668035984
1763934555913366300,27.1994,0.1819850451,2.082416223,-0.4175847761,235.6566547,0.3080157152,7.258974519,43.12494572,270.1382869,188.8984833,4.74865153,5.200462581,-89.31832285,3.668035984
1763934555923417300,27.2094,-1.086794535,1.69454211,-1.346416362,235.6566547,0.3080157152,7.258974519,43.12494572,270.1382869,188.8984833,4.74865153,5.200462581,-89.31832285,3.668035984
1763934555933468400,27.2195,-1.796766513,2.07421918,-0.4598036231,235.6566547,0.3080157152,7.258974519,43.12494572,270.1382869,188.8984833,4.74865153,5.200462581,-89.31832285,3.668035984
1763934555943520300,27.2295,-1.432355693,-0.1071530915,0.4805103111,235.6566547,0.3080157152,7.258974519,43.12494572,270.1382869,188.8984833,4.74865153,5.200462581,-89.31832285,3.668035984
1763934555953571300,27.2396,1.031867013,1.627969743,0.8804261595,235.6566547,0.3080157152,7.258974519,43.12494572,270.1382869,188.8984833,4.74865153,5.200462581,-89.31832285,3.668035984
1763934555963622400,27.2496,2.623701321,3.81760277,2.477059976,235.6566547,0.3080157152,7.258974519,43.12494572,270.1382869,188.8984833,4.74865153,5.200462581,-89.31832285,3.668035984
1763934555973674200,27.2597,2.614222714,2.369363425,1.561768839,235.6566547,0.3080157152,7.258974519,43.12494572,270.1382869,188.8984833,4.74865153,5.200462581,-89.31832285,3.668035984
1763934555983725300,27.2697,2.665392929,3.358160382,0.8111819429,235.6566547,0.3080157152,7.258974519,43.12494572,270.1382869,188.8984833,4.74865153,5.200462581,-89.31832285,3.668035984
1763934555993776400,27.2798,1.633572677,4.010379258,0.5871873095,235.6566547,0.3080157152,7.258974519,43.12494572,270.1382869,188.8984833,4.74865153,5.200462581,-89.31832285,3.668035984
1763934556003827500,27.2898,0.1440916601,4.821939679,-0.7871282826,235.6566547,0.3080157152,7.258974519,43.12494572,270.1382869,188.8984833,4.74865153,5.200462581,-89.31832285,3.668035984
1763934556013879300,27.2999,-1.867064622,5.390400076,-0.9333476023,235.6566547,0.3080157152,7.258974519,43.12494572,270.1382869,188.8984833,4.74865153,5.200462581,-89.31832285,3.668035984
1763934556023930400,27.3099,-2.787652696,2.635544319,-0.2705786899,235.6566547,0.3080157152,7.258974519,43.12494572,270.1382869,188.8984833,4.74865153,5.200462581,-89.31832285,3.668035984
1763934556033981400,27.3200,-1.164695959,3.08511121,0.9388292486,235.6566547,0.3080157152,7.258974519,43.12494572,270.1382869,188.8984833,4.74865153,5.200462581,-89.31832285,3.668035984
1763934556044032300,27.3300,1.140322566,3.380941245,0.7515677244,235.6566547,0.3080157152,7.258974519,43.12494572,270.1382869,188.8984833,4.74865153,5.200462581,-89.31832285,3.668035984
1763934556054084400,27.3401,0.08215469773,2.10436122,1.307567284,235.6566547,0.3080157152,7.258974519,43.12494572,270.1382869,188.8984833,4.74865153,5.200462581,-89.31832285,3.668035984
1763934556064135400,27.3501,-0.8379143208,-0.07125044187,0.3552203821,235.6566547,0.3080157152,7.258974519,43.12494572,270.1382869,188.8984833,4.74865153,5.200462581,-89.31832285,3.668035984
1763934556074186200,27.3602,-0.003384235611,0.34217663,-1.018656819,235.6566547,0.3080157152,7.258974519,43.12494572,270.1382869,188.8984833,4.74865153,5.200462581,-89.31832285,3.668035984
1763934556084238300,27.3702,0.432056296,1.373948951,-1.70043789,235.6566547,0.3080157152,7.258974519,43.12494572,270.1382869,188.8984833,4.74865153,5.200462581,-89.31832285,3.668035984
1763934556094289400,27.3803,-0.3489176287,1.485878463,-1.425022866,235.6566547,0.3080157152,7.258974519,43.12494572,270.1382869,188.8984833,4.74865153,5.200462581,-89.31832285,3.668035984
1763934556104340200,27.3903,-1.351488259,1.201749313,-0.3857341783,235.6566547,0.3080157152,7.258974519,43.12494572,270.1382869,188.8984833,4.74865153,5.200462581,-89.31832285,3.668035984
1763934556114391300,27.4004,-0.8382336159,0.881749517,-0.3082353436,235.6566547,0.3080157152,7.258974519,43.12494572,270.1382869,188.8984833,4.74865153,5.200462581,-89.31832285,3.668035984
1763934556124443400,27.4104,-0.0717171826,1.022205159,0.4511877705,235.6566547,0.3080157152,7.258974519,43.12494572,270.1382869,188.8984833,4.74865153,5.200462581,-89.31832285,3.668035984
1763934556134494200,27.4205,0.3031925271,0.8741842694,-0.1686409949,235.6566547,0.3080157152,7.258974519,43.12494572,270.1382869,188.8984833,4.74865153,5.200462581,-89.31832285,3.668035984
1763934556144545300,27.4305,-0.08835282171,2.166974036,0.4926362177,235.6566547,0.3080157152,7.258974519,43.12494572,270.1382869,188.8984833,4.74865153,5.200462581,-89.31832285,3.668035984
1763934556154596400,27.4406,-0.202087995,2.381632248,1.86755036,235.6566547,0.3080157152,7.258974519,43.12494572,270.1382869,188.8984833,4.74865153,5.200462581,-89.31832285,3.668035984
1763934556164648200,27.4506,0.296563026,3.442957264,4.565934874,235.6566547,0.3080157152,7.258974519,43.12494572,270.1382869,188.8984833,4.74865153,5.200462581,-89.31832285,3.668035984
1763934556174699300,27.4607,1.005856885,0.9640407006,1.381910285,235.6566547,0.3080157152,7.258974519,43.12494572,270.1382869,188.8984833,4.74865153,5.200462581,-89.31832285,3.668035984
1763934556184750300,27.4708,0.6705903268,4.859866967,-0.2966670708,235.6566547,0.3080157152,7.258974519,43.12494572,270.1382869,188.8984833,4.74865153,5.200462581,-89.31832285,3.668035984
1763934556194802200,27.4808,-1.309876145,3.104277683,-1.559374638,235.6566547,0.3080157152,7.258974519,43.12494572,270.1382869,188.8984833,4.74865153,5.200462581,-89.31832285,3.668035984
1763934556204853200,27.4909,-2.563412564,1.809110154,-0.3548930498,235.6566547,0.3080157152,7.258974519,43.12494572,270.1382869,188.8984833,4.74865153,5.200462581,-89.31832285,3.668035984
1763934556214904300,27.5009,-0.8523358641,1.906934422,0.08143851228,235.6566547,0.3080157152,7.258974519,43.12494572,270.1382869,188.8984833,4.74865153,5.200462581,-89.31832285,3.668035984
1763934556224955400,27.5110,0.8337385695,2.845973076,-0.2084820069,235.6566547,0.3080157152,7.258974519,43.12494572,270.1382869,188.8984833,4.74865153,5.200462581,-89.31832285,3.668035984
1763934556235007200,27.5210,-0.5508501409,2.339601178,-0.05402151304,235.6566547,0.3080157152,7.258974519,43.12494572,270.1382869,188.8984833,4.74865153,5.200462581,-89.31832285,3.668035984
1763934556245058300,27.5311,-1.588957291,2.138302215,1.135161968,235.6566547,0.3080157152,7.258974519,43.12494572,270.1382869,188.8984833,4.74865153,5.200462581,-89.31832285,3.668035984
1763934556255109400,27.5411,0.007800883009,1.453160873,0.6237941619,235.6566547,0.3080157152,7.258974519,43.12494572,270.1382869,188.8984833,4.74865153,5.200462581,-89.31832285,3.668035984
1763934556265160400,27.5512,0.9716695881,1.873877225,1.501321093,235.6566547,0.3080157152,7.258974519,43.12494572,270.1382869,188.8984833,4.74865153,5.200462581,-89.31832285,3.668035984
1763934556275212300,27.5612,0.09394552715,0.8367726034,1.020578142,235.6566547,0.3080157152,7.258974519,43.12494572,270.1382869,188.8984833,4.74865153,5.200462581,-89.31832285,3.668035984
1763934556285263400,27.5713,-0.6719430566,1.338789521,0.2413590251,235.6566547,0.3080157152,7.258974519,43.12494572,270.1382869,188.8984833,4.74865153,5.200462581,-89.31832285,3.668035984
1763934556295314400,27.5813,-1.405063197,0.6583071838,-0.240395733,235.6566547,0.3080157152,7.258974519,43.12494572,270.1382869,188.8984833,4.74865153,5.200462581,-89.31832285,3.668035984
1763934556305365200,27.5914,-1.744415563,1.844199003,0.599603139,235.6566547,0.3080157152,7.258974519,43.12494572,270.1382869,188.8984833,4.74865153,5.200462581,-89.31832285,3.668035984
1763934556315417300,27.6014,-1.577880601,1.201031155,1.339352415,235.6566547,0.3080157152,7.258974519,43.12494572,270.1382869,188.8984833,4.74865153,5.200462581,-89.31832285,3.668035984
1763934556325468400,27.6115,-1.070886334,0.1864304802,1.437726865,235.6566547,0.3080157152,7.258974519,43.12494572,270.1382869,188.8984833,4.74865153,5.200462581,-89.31832285,3.668035984
1763934556335519200,27.6215,-0.7200025194,-0.6979182595,0.3831523451,235.6566547,0.3080157152,7.258974519,43.12494572,270.1382869,188.8984833,4.74865153,5.200462581,-89.31832285,3.668035984
1763934556345571300,27.6316,-0.5466450174,-1.282861589,-0.1096475387,235.6566547,0.3080157152,7.258974519,43.12494572,270.1382869,188.8984833,4.74865153,5.200462581,-89.31832285,3.668035984
1763934556355622400,27.6416,-0.005950432837,-0.7374342043,-1.111910272,235.6566547,0.3080157152,7.258974519,43.12494572,270.1382869,188.8984833,4.74865153,5.200462581,-89.31832285,3.668035984
1763934556365673200,27.6517,0.01131970479,-0.0596305851,-2.219998355,235.6566547,0.3080157152,7.258974519,43.12494572,270.1382869,188.8984833,4.74865153,5.200462581,-89.31832285,3.668035984
1763934556375724300,27.6617,-0.8558801856,0.4577114732,-1.819943975,235.6566547,0.3080157152,7.258974519,43.12494572,270.1382869,188.8984833,4.74865153,5.200462581,-89.31832285,3.668035984
1763934556385776400,27.6718,-0.8179998062,1.272456369,-1.490296425,235.6566547,0.3080157152,7.258974519,43.12494572,270.1382869,188.8984833,4.74865153,5.200462581,-89.31832285,3.668035984
1763934556395827200,27.6818,-0.7571640831,1.846673869,-0.4871650928,235.6566547,0.3080157152,7.258974519,43.12494572,270.1382869,188.8984833,4.74865153,5.200462581,-89.31832285,3.668035984
1763934556405878300,27.6919,-0.9836989024,2.383916705,0.1559083546,235.6566547,0.3080157152,7.258974519,43.12494572,270.1382869,188.8984833,4.74865153,5.200462581,-89.31832285,3.668035984
1763934556415929300,27.7019,-0.0968225439,4.007436775,-0.4276929131,235.6566547,0.3080157152,7.258974519,43.12494572,270.1382869,188.8984833,4.74865153,5.200462581,-89.31832285,3.668035984
1763934556425981200,27.7120,-0.3248844267,3.846939924,0.1253828679,235.6566547,0.3080157152,7.258974519,43.12494572,270.1382869,188.8984833,4.74865153,5.200462581,-89.31832285,3.668035984
1763934556436032300,27.7220,-0.3119023416,3.444277699,1.065434352,235.6566547,0.3080157152,7.258974519,43.12494572,270.1382869,188.8984833,4.74865153,5.200462581,-89.31832285,3.668035984
1763934556446083300,27.7321,0.422871192,3.707645727,1.022985203,235.6566547,0.3080157152,7.258974519,43.12494572,270.1382869,188.8984833,4.74865153,5.200462581,-89.31832285,3.668035984
1763934556456135200,27.7421,0.1682708464,3.502138352,0.9059066377,235.6566547,0.3080157152,7.258974519,43.12494572,270.1382869,188.8984833,4.74865153,5.200462581,-89.31832285,3.668035984
1763934556466186200,27.7522,0.008631050223,3.843270588,0.9141840522,235.6566547,0.3080157152,7.258974519,43.12494572,270.1382869,188.8984833,4.74865153,5.200462581,-89.31832285,3.668035984
1763934556476237300,27.7622,0.3184684222,3.40059141,0.8688105405,235.6566547,0.3080157152,7.258974519,43.12494572,270.1382869,188.8984833,4.74865153,5.200462581,-89.31832285,3.668035984
1763934556486288400,27.7723,0.8330933304,3.232486714,0.4591735085,235.6566547,0.3080157152,7.258974519,43.12494572,270.1382869,188.8984833,4.74865153,5.200462581,-89.31832285,3.668035984
1763934556496340200,27.7823,1.708528404,3.267608881,0.4521604149,235.6566547,0.3080157152,7.258974519,43.12494572,270.1382869,188.8984833,4.74865153,5.200462581,-89.31832285,3.668035984
1763934554003624700,25.2896,1.110143847,3.30910935,-0.001996142253,235.7896564,0.3080157194,7.258974519,43.12496542,270.2712886,188.8984833,4.74865153,5.182544586,-89.31831863,5.981110573
1763934554013675800,25.2997,-1.036068557,1.608707409,-1.21583651,235.7896564,0.3080157194,7.258974519,43.12496542,270.2712886,188.8984833,4.74865153,5.182544586,-89.31831863,5.981110573
1763934554023726600,25.3097,-2.083227832,2.19728968,-0.7778717939,235.7896564,0.3080157194,7.258974519,43.12496542,270.2712886,188.8984833,4.74865153,5.182544586,-89.31831863,5.981110573
1763934554033777700,25.3198,-2.073799493,0.4310728379,-2.380078442,235.7896564,0.3080157194,7.258974519,43.12496542,270.2712886,188.8984833,4.74865153,5.182544586,-89.31831863,5.981110573
1763934554043829800,25.3298,0.6701578537,4.159878915,0.3886199629,235.7896564,0.3080157194,7.258974519,43.12496542,270.2712886,188.8984833,4.74865153,5.182544586,-89.31831863,5.981110573
1763934554053880600,25.3399,0.3658066215,4.652860585,1.562719857,235.7896564,0.3080157194,7.258974519,43.12496542,270.2712886,188.8984833,4.74865153,5.182544586,-89.31831863,5.981110573
1763934554063931600,25.3499,2.113997064,0.2241438326,-2.92715586,235.7896564,0.3080157194,7.258974519,43.12496542,270.2712886,188.8984833,4.74865153,5.182544586,-89.31831863,5.981110573
1763934554073983700,25.3600,-2.004327898,4.801976211,2.739027489,235.7896564,0.3080157194,7.258974519,43.12496542,270.2712886,188.8984833,4.74865153,5.182544586,-89.31831863,5.981110573
1763934554084034600,25.3700,-1.262239949,2.893952094,0.8166694344,235.7896564,0.3080157194,7.258974519,43.12496542,270.2712886,188.8984833,4.74865153,5.182544586,-89.31831863,5.981110573
1763934554094085600,25.3801,0.9589747955,-0.3565131253,-4.25121952,235.7896564,0.3080157194,7.258974519,43.12496542,270.2712886,188.8984833,4.74865153,5.182544586,-89.31831863,5.981110573
1763934554104136700,25.3901,-2.971175034,5.380229396,0.6991355263,235.7896564,0.3080157194,7.258974519,43.12496542,270.2712886,188.8984833,4.74865153,5.182544586,-89.31831863,5.981110573
1763934554114189300,25.4002,1.591556075,-1.507989172,-3.238838713,235.7896564,0.3080157194,7.258974519,43.12496542,270.2712886,188.8984833,4.74865153,5.182544586,-89.31831863,5.981110573
1763934554124240400,25.4102,-4.546345792,-1.998079651,5.882703701,235.7896564,0.3080157194,7.258974519,43.12496542,270.2712886,188.8984833,4.74865153,5.182544586,-89.31831863,5.981110573
1763934554134291500,25.4203,-1.054572182,-3.083183457,3.873071852,235.7896564,0.3080157194,7.258974519,43.12496542,270.2712886,188.8984833,4.74865153,5.182544586,-89.31831863,5.981110573
1763934554144342500,25.4303,3.019942864,4.071345184,-1.394732942,235.7896564,0.3080157194,7.258974519,43.12496542,270.2712886,188.8984833,4.74865153,5.182544586,-89.31831863,5.981110573
1763934554154394400,25.4404,0.679244831,4.372214967,-2.81345057,235.7896564,0.3080157194,7.258974519,43.12496542,270.2712886,188.8984833,4.74865153,5.182544586,-89.31831863,5.981110573
1763934554164445400,25.4504,-2.211618065,2.660221664,2.101993322,235.7896564,0.3080157194,7.258974519,43.12496542,270.2712886,188.8984833,4.74865153,5.182544586,-89.31831863,5.981110573
1763934554174496500,25.4605,-1.802346359,0.8822156732,1.827026042,235.7896564,0.3080157194,7.258974519,43.12496542,270.2712886,188.8984833,4.74865153,5.182544586,-89.31831863,5.981110573
1763934554184547300,25.4705,2.011939542,3.792330382,1.491765913,235.7896564,0.3080157194,7.258974519,43.12496542,270.2712886,188.8984833,4.74865153,5.182544586,-89.31831863,5.981110573
1763934554194599400,25.4806,1.920304045,-0.8421080462,-0.1493295607,235.7896564,0.3080157194,7.258974519,43.12496542,270.2712886,188.8984833,4.74865153,5.182544586,-89.31831863,5.981110573
1763934554204650500,25.4907,-0.6571346329,4.483461465,4.926760821,235.7896564,0.3080157194,7.258974519,43.12496542,270.2712886,188.8984833,4.74865153,5.182544586,-89.31831863,5.981110573
1763934554214701300,25.5007,3.362856138,1.578809991,-2.951248098,235.7896564,0.3080157194,7.258974519,43.12496542,270.2712886,188.8984833,4.74865153,5.182544586,-89.31831863,5.981110573
1763934554224753400,25.5108,0.02512855951,3.883540639,-0.4853045596,235.7896564,0.3080157194,7.258974519,43.12496542,270.2712886,188.8984833,4.74865153,5.182544586,-89.31831863,5.981110573
1763934554234804500,25.5208,-1.179406183,3.315929552,0.07743044568,235.7896564,0.3080157194,7.258974519,43.12496542,270.2712886,188.8984833,4.74865153,5.182544586,-89.31831863,5.981110573
1763934554244855300,25.5309,0.738018507,4.781478489,-1.375909583,235.7896564,0.3080157194,7.258974519,43.12496542,270.2712886,188.8984833,4.74865153,5.182544586,-89.31831863,5.981110573
1763934554254906400,25.5409,0.6232277602,2.112982042,-0.8833020072,235.7896564,0.3080157194,7.258974519,43.12496542,270.2712886,188.8984833,4.74865153,5.182544586,-89.31831863,5.981110573
1763934554264958500,25.5510,-0.3489887577,2.525153853,2.850191278,235.7896564,0.3080157194,7.258974519,43.12496542,270.2712886,188.8984833,4.74865153,5.182544586,-89.31831863,5.981110573
1763934554275009300,25.5610,1.995028155,3.551675998,0.2027045926,235.7896564,0.3080157194,7.258974519,43.12496542,270.2712886,188.8984833,4.74865153,5.182544586,-89.31831863,5.981110573
1763934554285060400,25.5711,3.074686847,1.689203818,-2.643808874,235.7896564,0.3080157194,7.258974519,43.12496542,270.2712886,188.8984833,4.74865153,5.182544586,-89.31831863,5.981110573
1763934554295111400,25.5811,-1.055750578,1.987836782,-0.1864332567,235.7896564,0.3080157194,7.258974519,43.12496542,270.2712886,188.8984833,4.74865153,5.182544586,-89.31831863,5.981110573
1763934554305163300,25.5912,0.2331236962,0.5500565794,-1.669092319,235.7896564,0.3080157194,7.258974519,43.12496542,270.2712886,188.8984833,4.74865153,5.182544586,-89.31831863,5.981110573
1763934554315214300,25.6012,-0.3743616839,0.4321766344,0.4776397241,235.7896564,0.3080157194,7.258974519,43.12496542,270.2712886,188.8984833,4.74865153,5.182544586,-89.31831863,5.981110573
1763934554325265400,25.6113,0.5017617369,0.03572510111,-0.6594745471,235.7896564,0.3080157194,7.258974519,43.12496542,270.2712886,188.8984833,4.74865153,5.182544586,-89.31831863,5.981110573
1763934554335317200,25.6213,1.355064364,1.598877504,1.430707926,235.7896564,0.3080157194,7.258974519,43.12496542,270.2712886,188.8984833,4.74865153,5.182544586,-89.31831863,5.981110573
1763934554345368300,25.6314,-0.211983841,-0.4408220785,1.875241499,235.7896564,0.3080157194,7.258974519,43.12496542,270.2712886,188.8984833,4.74865153,5.182544586,-89.31831863,5.981110573
1763934554355419400,25.6414,0.1632054893,0.1396937904,0.4258621906,235.7896564,0.3080157194,7.258974519,43.12496542,270.2712886,188.8984833,4.74865153,5.182544586,-89.31831863,5.981110573
1763934554365470500,25.6515,0.8203940078,0.8101167248,0.4046510602,235.7896564,0.3080157194,7.258974519,43.12496542,270.2712886,188.8984833,4.74865153,5.182544586,-89.31831863,5.981110573
1763934554375522300,25.6615,1.63781163,1.361934542,-1.280709672,235.7896564,0.3080157194,7.258974519,43.12496542,270.2712886,188.8984833,4.74865153,5.182544586,-89.31831863,5.981110573
1763934554385573400,25.6716,1.319442431,2.967795329,-1.517423502,235.7896564,0.3080157194,7.258974519,43.12496542,270.2712886,188.8984833,4.74865153,5.182544586,-89.31831863,5.981110573
1763934554395624400,25.6816,0.3158850181,0.5486646866,2.109873846,235.7896564,0.3080157194,7.258974519,43.12496542,270.2712886,188.8984833,4.74865153,5.182544586,-89.31831863,5.981110573
1763934554405675500,25.6917,0.6033948959,-2.04707486,-0.2247673713,235.7896564,0.3080157194,7.258974519,43.12496542,270.2712886,188.8984833,4.74865153,5.182544586,-89.31831863,5.981110573
1763934554415727400,25.7017,1.46809453,4.002086354,1.121712704,235.7896564,0.3080157194,7.258974519,43.12496542,270.2712886,188.8984833,4.74865153,5.182544586,-89.31831863,5.981110573
1763934554425778400,25.7118,1.217163959,-0.2632940128,-1.169349484,235.7896564,0.3080157194,7.258974519,43.12496542,270.2712886,188.8984833,4.74865153,5.182544586,-89.31831863,5.981110573
1763934554435829500,25.7218,2.050272487,4.103815375,1.713793631,235.7896564,0.3080157194,7.258974519,43.12496542,270.2712886,188.8984833,4.74865153,5.182544586,-89.31831863,5.981110573
1763934554445880300,25.7319,0.7843406977,3.343787865,0.1574994232,235.7896564,0.3080157194,7.258974519,43.12496542,270.2712886,188.8984833,4.74865153,5.182544586,-89.31831863,5.981110573
1763934554455932400,25.7419,1.83872817,4.502596374,-0.8314508239,235.7896564,0.3080157194,7.258974519,43.12496542,270.2712886,188.8984833,4.74865153,5.182544586,-89.31831863,5.981110573
1763934554465983500,25.7520,-1.71187523,1.438972335,3.470405243,235.7896564,0.3080157194,7.258974519,43.12496542,270.2712886,188.8984833,4.74865153,5.182544586,-89.31831863,5.981110573
1763934554476034300,25.7620,0.4596855497,1.379233759,-0.693064682,235.7896564,0.3080157194,7.258974519,43.12496542,270.2712886,188.8984833,4.74865153,5.182544586,-89.31831863,5.981110573
1763934554486086400,25.7721,1.836550242,5.425276744,-1.188896481,235.7896564,0.3080157194,7.258974519,43.12496542,270.2712886,188.8984833,4.74865153,5.182544586,-89.31831863,5.981110573
1763934554496137500,25.7821,-0.802239927,1.638030241,0.3896960677,235.7896564,0.3080157194,7.258974519,43.12496542,270.2712886,188.8984833,4.74865153,5.182544586,-89.31831863,5.981110573
1763934554506188300,25.7922,-1.471612183,1.857544807,0.8187649453,235.7896564,0.3080157194,7.258974519,43.12496542,270.2712886,188.8984833,4.74865153,5.182544586,-89.31831863,5.981110573
1763934554516239400,25.8022,-0.1345488288,5.04910359,0.706389443,235.7896564,0.3080157194,7.258974519,43.12496542,270.2712886,188.8984833,4.74865153,5.182544586,-89.31831863,5.981110573
1763934554526291500,25.8123,-0.3127812068,2.118141032,-0.06500935553,235.7896564,0.3080157194,7.258974519,43.12496542,270.2712886,188.8984833,4.74865153,5.182544586,-89.31831863,5.981110573
1763934554536342300,25.8223,-0.6551134293,1.041791245,-1.279974344,235.7896564,0.3080157194,7.258974519,43.12496542,270.2712886,188.8984833,4.74865153,5.182544586,-89.31831863,5.981110573
1763934554546393300,25.8324,-0.8870598984,4.10046168,2.490129301,235.7896564,0.3080157194,7.258974519,43.12496542,270.2712886,188.8984833,4.74865153,5.182544586,-89.31831863,5.981110573
1763934554556444400,25.8424,-0.5952759234,-0.1644680931,-0.6279267316,235.7896564,0.3080157194,7.258974519,43.12496542,270.2712886,188.8984833,4.74865153,5.182544586,-89.31831863,5.981110573
1763934554566496300,25.8525,0.7591653399,-0.01769282001,-0.8122522024,235.7896564,0.3080157194,7.258974519,43.12496542,270.2712886,188.8984833,4.74865153,5.182544586,-89.31831863,5.981110573
1763934554576547300,25.8625,0.7370423554,0.9855391235,3.369192355,235.7896564,0.3080157194,7.258974519,43.12496542,270.2712886,188.8984833,4.74865153,5.182544586,-89.31831863,5.981110573
1763934554586598400,25.8726,1.200754092,3.530521566,1.444424317,235.7896564,0.3080157194,7.258974519,43.12496542,270.2712886,188.8984833,4.74865153,5.182544586,-89.31831863,5.981110573
1763934554596650200,25.8827,0.157253924,1.964382549,-1.503376856,235.7896564,0.3080157194,7.258974519,43.12496542,270.2712886,188.8984833,4.74865153,5.182544586,-89.31831863,5.981110573
1763934554606701300,25.8927,-1.154334797,1.09312498,-0.4032634053,235.7896564,0.3080157194,7.258974519,43.12496542,270.2712886,188.8984833,4.74865153,5.182544586,-89.31831863,5.981110573
1763934554616752400,25.9028,0.161338636,0.472932204,1.074549386,235.7896564,0.3080157194,7.258974519,43.12496542,270.2712886,188.8984833,4.74865153,5.182544586,-89.31831863,5.981110573
1763934554626803500,25.9128,0.6625076312,3.124424106,-0.1737654983,235.7896564,0.3080157194,7.258974519,43.12496542,270.2712886,188.8984833,4.74865153,5.182544586,-89.31831863,5.981110573
1763934554636855300,25.9229,-0.9050584964,4.768461772,1.330988492,235.7896564,0.3080157194,7.258974519,43.12496542,270.2712886,188.8984833,4.74865153,5.182544586,-89.31831863,5.981110573
1763934554646906400,25.9329,-1.724216825,-0.5078848594,1.258519468,235.7896564,0.3080157194,7.258974519,43.12496542,270.2712886,188.8984833,4.74865153,5.182544586,-89.31831863,5.981110573
1763934554656957400,25.9430,2.108742212,1.664725648,-1.816203619,235.7896564,0.3080157194,7.258974519,43.12496542,270.2712886,188.8984833,4.74865153,5.182544586,-89.31831863,5.981110573
1763934554667008500,25.9530,2.177072821,3.681173315,-0.3810316997,235.7896564,0.3080157194,7.258974519,43.12496542,270.2712886,188.8984833,4.74865153,5.182544586,-89.31831863,5.981110573
1763934554677060400,25.9631,-1.350589264,-0.2438687429,-0.4902870242,235.7896564,0.3080157194,7.258974519,43.12496542,270.2712886,188.8984833,4.74865153,5.182544586,-89.31831863,5.981110573
1763934554687111400,25.9731,-1.137334563,0.1807487813,0.1371703364,235.7896564,0.3080157194,7.258974519,43.12496542,270.2712886,188.8984833,4.74865153,5.182544586,-89.31831863,5.981110573
1763934554697162500,25.9832,3.223992442,3.493820313,-1.827931466,235.7896564,0.3080157194,7.258974519,43.12496542,270.2712886,188.8984833,4.74865153,5.182544586,-89.31831863,5.981110573
1763934554707213300,25.9932,0.7741501431,4.435787568,1.413053611,235.7896564,0.3080157194,7.258974519,43.12496542,270.2712886,188.8984833,4.74865153,5.182544586,-89.31831863,5.981110573
1763934554717265400,26.0033,-0.4811212095,0.5535320004,-1.087922662,235.7896564,0.3080157194,7.258974519,43.12496542,270.2712886,188.8984833,4.74865153,5.182544586,-89.31831863,5.981110573
1763934554727316500,26.0133,-1.292896954,4.212042818,0.8841244295,235.7896564,0.3080157194,7.258974519,43.12496542,270.2712886,188.8984833,4.74865153,5.182544586,-89.31831863,5.981110573
1763934554737367300,26.0234,1.549793155,2.642412451,-3.792201495,235.7896564,0.3080157194,7.258974519,43.12496542,270.2712886,188.8984833,4.74865153,5.182544586,-89.31831863,5.981110573
1763934554747419400,26.0334,0.3042833911,2.601191383,2.746829688,235.7896564,0.3080157194,7.258974519,43.12496542,270.2712886,188.8984833,4.74865153,5.182544586,-89.31831863,5.981110573
1763934554757470500,26.0435,0.2961082679,-2.394673808,-1.128886541,235.7896564,0.3080157194,7.258974519,43.12496542,270.2712886,188.8984833,4.74865153,5.182544586,-89.31831863,5.981110573
1763934554767521300,26.0535,-0.7229694795,5.870557921,2.843123239,235.7896564,0.3080157194,7.258974519,43.12496542,270.2712886,188.8984833,4.74865153,5.182544586,-89.31831863,5.981110573
1763934554777572400,26.0636,-1.503334186,4.490785817,-0.9240811768,235.7896564,0.3080157194,7.258974519,43.12496542,270.2712886,188.8984833,4.74865153,5.182544586,-89.31831863,5.981110573
1763934554787624400,26.0736,0.9953672014,2.344423776,0.5149468337,235.7896564,0.3080157194,7.258974519,43.12496542,270.2712886,188.8984833,4.74865153,5.182544586,-89.31831863,5.981110573
1763934554797675300,26.0837,-1.527151115,0.678556045,5.008823602,235.7896564,0.3080157194,7.258974519,43.12496542,270.2712886,188.8984833,4.74865153,5.182544586,-89.31831863,5.981110573
1763934554807726300,26.0937,0.6732243286,0.1605640714,0.7749959462,235.7896564,0.3080157194,7.258974519,43.12496542,270.2712886,188.8984833,4.74865153,5.182544586,-89.31831863,5.981110573
1763934554817777400,26.1038,0.08161094624,1.36678432,-0.6687316202,235.7896564,0.3080157194,7.258974519,43.12496542,270.2712886,188.8984833,4.74865153,5.182544586,-89.31831863,5.981110573
1763934554827829200,26.1138,-2.372815173,2.229078902,-1.583349972,235.7896564,0.3080157194,7.258974519,43.12496542,270.2712886,188.8984833,4.74865153,5.182544586,-89.31831863,5.981110573
1763934554837880300,26.1239,-0.04934190386,0.5801982543,-2.630314601,235.7896564,0.3080157194,7.258974519,43.12496542,270.2712886,188.8984833,4.74865153,5.182544586,-89.31831863,5.981110573
1763934554847931400,26.1339,-1.492222425,1.415812408,3.190256761,235.7896564,0.3080157194,7.258974519,43.12496542,270.2712886,188.8984833,4.74865153,5.182544586,-89.31831863,5.981110573
1763934554857983200,26.1440,-1.774637683,0.7441049142,1.840166094,235.7896564,0.3080157194,7.258974519,43.12496542,270.2712886,188.8984833,4.74865153,5.182544586,-89.31831863,5.981110573
1763934554868034300,26.1540,0.2291735704,4.672709779,-0.5210270304,235.7896564,0.3080157194,7.258974519,43.12496542,270.2712886,188.8984833,4.74865153,5.182544586,-89.31831863,5.981110573
1763934554878085400,26.1641,-1.260932959,2.427952831,-1.829658144,235.7896564,0.3080157194,7.258974519,43.12496542,270.2712886,188.8984833,4.74865153,5.182544586,-89.31831863,5.981110573
1763934554888136400,26.1741,-2.060190655,2.262278431,2.90041223,235.7896564,0.3080157194,7.258974519,43.12496542,270.2712886,188.8984833,4.74865153,5.182544586,-89.31831863,5.981110573
1763934554898188300,26.1842,-0.7892705553,1.23291624,1.158911092,235.7896564,0.3080157194,7.258974519,43.12496542,270.2712886,188.8984833,4.74865153,5.182544586,-89.31831863,5.981110573
1763934554908239400,26.1942,1.811229923,4.633559965,-0.1943985365,235.7896564,0.3080157194,7.258974519,43.12496542,270.2712886,188.8984833,4.74865153,5.182544586,-89.31831863,5.981110573
1763934554918290400,26.2043,-1.180488645,3.305670608,0.4933317987,235.7896564,0.3080157194,7.258974519,43.12496542,270.2712886,188.8984833,4.74865153,5.182544586,-89.31831863,5.981110573
1763934554928341500,26.2143,-0.855004791,2.25985135,-0.5108037425,235.7896564,0.3080157194,7.258974519,43.12496542,270.2712886,188.8984833,4.74865153,5.182544586,-89.31831863,5.981110573
1763934554938393300,26.2244,-0.4246961425,2.984527852,0.3887368673,235.7896564,0.3080157194,7.258974519,43.12496542,270.2712886,188.8984833,4.74865153,5.182544586,-89.31831863,5.981110573
1763934554948444400,26.2344,-1.309312666,0.7853945906,-0.738994074,235.7896564,0.3080157194,7.258974519,43.12496542,270.2712886,188.8984833,4.74865153,5.182544586,-89.31831863,5.981110573
1763934554958495500,26.2445,-0.150387107,2.449159431,-1.413908182,235.7896564,0.3080157194,7.258974519,43.12496542,270.2712886,188.8984833,4.74865153,5.182544586,-89.31831863,5.981110573
1763934554968547300,26.2545,-1.755759964,2.086811097,-0.1999865658,235.7896564,0.3080157194,7.258974519,43.12496542,270.2712886,188.8984833,4.74865153,5.182544586,-89.31831863,5.981110573
1763934554978598400,26.2646,-1.134106906,1.04966702,-1.457199042,235.7896564,0.3080157194,7.258974519,43.12496542,270.2712886,188.8984833,4.74865153,5.182544586,-89.31831863,5.981110573
1763934554988649500,26.2746,-1.229160687,2.145982978,1.476930748,235.7896564,0.3080157194,7.258974519,43.12496542,270.2712886,188.8984833,4.74865153,5.182544586,-89.31831863,5.981110573
1763934554998700300,26.2847,-0.7714322624,2.236332673,1.459638837,235.7896564,0.3080157194,7.258974519,43.12496542,270.2712886,188.8984833,4.74865153,5.182544586,-89.31831863,5.981110573
1763934555008752400,26.2948,0.6615909547,2.504932318,-1.747346356,235.7896564,0.3080157194,7.258974519,43.12496542,270.2712886,188.8984833,4.74865153,5.182544586,-89.31831863,5.981110573
1763934555018803500,26.3048,-2.075680485,1.842045917,2.34921101,235.7896564,0.3080157194,7.258974519,43.12496542,270.2712886,188.8984833,4.74865153,5.182544586,-89.31831863,5.981110573
1763934555028854300,26.3149,-2.297344191,1.118432221,2.317187979,235.7896564,0.3080157194,7.258974519,43.12496542,270.2712886,188.8984833,4.74865153,5.182544586,-89.31831863,5.981110573
1763934555038905300,26.3249,0.1399041453,0.6870243058,-1.176389466,235.7896564,0.3080157194,7.258974519,43.12496542,270.2712886,188.8984833,4.74865153,5.182544586,-89.31831863,5.981110573
1763934555048957400,26.3350,-1.55366722,0.8799545964,0.8628677064,235.7896564,0.3080157194,7.258974519,43.12496542,270.2712886,188.8984833,4.74865153,5.182544586,-89.31831863,5.981110573
1763934555059008300,26.3450,-1.141262623,0.7294850719,0.5165975235,235.7896564,0.3080157194,7.258974519,43.12496542,270.2712886,188.8984833,4.74865153,5.182544586,-89.31831863,5.981110573
1763934555069059300,26.3551,-0.7022712671,0.5005534936,-0.1238712943,235.7896564,0.3080157194,7.258974519,43.12496542,270.2712886,188.8984833,4.74865153,5.182544586,-89.31831863,5.981110573
1763934555079110400,26.3651,-1.394968358,2.228243621,2.776494174,235.7896564,0.3080157194,7.258974519,43.12496542,270.2712886,188.8984833,4.74865153,5.182544586,-89.31831863,5.981110573
1763934555089162200,26.3752,-0.3669606504,-0.5005124309,-2.693262933,235.7896564,0.3080157194,7.258974519,43.12496542,270.2712886,188.8984833,4.74865153,5.182544586,-89.31831863,5.981110573
1763934555099213300,26.3852,1.280417411,4.188431348,-1.256160337,235.7896564,0.3080157194,7.258974519,43.12496542,270.2712886,188.8984833,4.74865153,5.182544586,-89.31831863,5.981110573
1763934555109264400,26.3953,-2.704741774,2.266267646,2.665786312,235.7896564,0.3080157194,7.258974519,43.12496542,270.2712886,188.8984833,4.74865153,5.182544586,-89.31831863,5.981110573
1763934555119316200,26.4053,-1.306840139,1.428303203,1.313835697,235.7896564,0.3080157194,7.258974519,43.12496542,270.2712886,188.8984833,4.74865153,5.182544586,-89.31831863,5.981110573
1763934555129367300,26.4154,0.4355949184,0.4195229776,-3.219039788,235.7896564,0.3080157194,7.258974519,43.12496542,270.2712886,188.8984833,4.74865153,5.182544586,-89.31831863,5.981110573
1763934555139418400,26.4254,-2.031896288,7.83938722,3.143286336,235.7896564,0.3080157194,7.258974519,43.12496542,270.2712886,188.8984833,4.74865153,5.182544586,-89.31831863,5.981110573
1763934555149469400,26.4355,2.273665063,1.697779631,-1.789046148,235.7896564,0.3080157194,7.258974519,43.12496542,270.2712886,188.8984833,4.74865153,5.182544586,-89.31831863,5.981110573
1763934555159521300,26.4455,-1.693253531,3.212717015,4.602006888,235.7896564,0.3080157194,7.258974519,43.12496542,270.2712886,188.8984833,4.74865153,5.182544586,-89.31831863,5.981110573
1763934555169572400,26.4556,-0.4522878407,0.9024669456,-1.209940438,235.7896564,0.3080157194,7.258974519,43.12496542,270.2712886,188.8984833,4.74865153,5.182544586,-89.31831863,5.981110573
1763934555179623400,26.4656,1.516150267,6.005970015,0.4740624501,235.7896564,0.3080157194,7.258974519,43.12496542,270.2712886,188.8984833,4.74865153,5.182544586,-89.31831863,5.981110573
1763934555189674500,26.4757,-1.394415692,0.4477699979,0.7394032393,235.7896564,0.3080157194,7.258974519,43.12496542,270.2712886,188.8984833,4.74865153,5.182544586,-89.31831863,5.981110573
1763934555199726300,26.4857,-0.1752488687,1.608667807,0.4698316807,235.7896564,0.3080157194,7.258974519,43.12496542,270.2712886,188.8984833,4.74865153,5.182544586,-89.31831863,5.981110573
1763934555209777400,26.4958,0.4877706575,3.875007204,0.04100070343,235.7896564,0.3080157194,7.258974519,43.12496542,270.2712886,188.8984833,4.74865153,5.182544586,-89.31831863,5.981110573
1763934555219828500,26.5058,-0.5193313324,3.638609893,-0.5292465772,235.7896564,0.3080157194,7.258974519,43.12496542,270.2712886,188.8984833,4.74865153,5.182544586,-89.31831863,5.981110573
1763934555229880300,26.5159,-0.7466414469,0.369726608,-0.9223135826,235.7896564,0.3080157194,7.258974519,43.12496542,270.2712886,188.8984833,4.74865153,5.182544586,-89.31831863,5.981110573
1763934555239931400,26.5259,-1.54828275,1.865702979,2.567556824,235.7896564,0.3080157194,7.258974519,43.12496542,270.2712886,188.8984833,4.74865153,5.182544586,-89.31831863,5.981110573
1763934555249982500,26.5360,0.8455880703,2.091241919,-1.018594275,235.7896564,0.3080157194,7.258974519,43.12496542,270.2712886,188.8984833,4.74865153,5.182544586,-89.31831863,5.981110573
1763934555260033300,26.5460,-0.4648550613,2.421022155,-0.3297486717,235.7896564,0.3080157194,7.258974519,43.12496542,270.2712886,188.8984833,4.74865153,5.182544586,-89.31831863,5.981110573
1763934555270085400,26.5561,-2.260616197,0.4617147174,-0.01110883851,235.7896564,0.3080157194,7.258974519,43.12496542,270.2712886,188.8984833,4.74865153,5.182544586,-89.31831863,5.981110573
1763934555280136400,26.5661,-0.3425894486,2.656909763,-1.962640966,235.7896564,0.3080157194,7.258974519,43.12496542,270.2712886,188.8984833,4.74865153,5.182544586,-89.31831863,5.981110573
1763934555290187300,26.5762,-1.240766807,4.789506605,3.524640691,235.7896564,0.3080157194,7.258974519,43.12496542,270.2712886,188.8984833,4.74865153,5.182544586,-89.31831863,5.981110573
1763934555300238300,26.5862,-1.387164114,-2.988144289,-1.520020533,235.7896564,0.3080157194,7.258974519,43.12496542,270.2712886,188.8984833,4.74865153,5.182544586,-89.31831863,5.981110573
1763934555310290400,26.5963,0.3188973882,2.702989085,0.8924281474,235.7896564,0.3080157194,7.258974519,43.12496542,270.2712886,188.8984833,4.74865153,5.182544586,-89.31831863,5.981110573
1763934555320341200,26.6063,-1.772559123,3.625872576,3.262726954,235.7896564,0.3080157194,7.258974519,43.12496542,270.2712886,188.8984833,4.74865153,5.182544586,-89.31831863,5.981110573
1763934555330392300,26.6164,-2.908571571,5.024889186,11.10311488,235.7896564,0.3080157194,7.258974519,43.12496542,270.2712886,188.8984833,4.74865153,5.182544586,-89.31831863,5.981110573
1763934555340444400,26.6264,2.81901931,-3.170916101,0.3767044842,235.7896564,0.3080157194,7.258974519,43.12496542,270.2712886,188.8984833,4.74865153,5.182544586,-89.31831863,5.981110573
1763934555350495200,26.6365,2.693527137,3.824265151,-3.709907827,235.7896564,0.3080157194,7.258974519,43.12496542,270.2712886,188.8984833,4.74865153,5.182544586,-89.31831863,5.981110573
1763934555360546300,26.6465,0.7262777272,4.556524656,-2.358066517,235.7896564,0.3080157194,7.258974519,43.12496542,270.2712886,188.8984833,4.74865153,5.182544586,-89.31831863,5.981110573
1763934555370597400,26.6566,-5.789708022,3.165997057,9.952118794,235.7896564,0.3080157194,7.258974519,43.12496542,270.2712886,188.8984833,4.74865153,5.182544586,-89.31831863,5.981110573
1763934555380649200,26.6666,-4.019540762,-6.20073797,1.436741361,235.7896564,0.3080157194,7.258974519,43.12496542,270.2712886,188.8984833,4.74865153,5.182544586,-89.31831863,5.981110573
1763934555390700300,26.6767,1.08996732,-2.216204808,-3.01412278,235.7896564,0.3080157194,7.258974519,43.12496542,270.2712886,188.8984833,4.74865153,5.182544586,-89.31831863,5.981110573
1763934555400751400,26.6868,0.3765943748,-1.80355895,-7.493080796,235.7896564,0.3080157194,7.258974519,43.12496542,270.2712886,188.8984833,4.74865153,5.182544586,-89.31831863,5.981110573
1763934555410802400,26.6968,-1.444818723,2.569149062,-5.480072749,235.7896564,0.3080157194,7.258974519,43.12496542,270.2712886,188.8984833,4.74865153,5.182544586,-89.31831863,5.981110573
1763934555420854300,26.7069,0.5262709224,9.239626358,1.370104112,235.7896564,0.3080157194,7.258974519,43.12496542,270.2712886,188.8984833,4.74865153,5.182544586,-89.31831863,5.981110573
1763934555430905300,26.7169,7.553802099,6.579339812,2.820619147,235.7896564,0.3080157194,7.258974519,43.12496542,270.2712886,188.8984833,4.74865153,5.182544586,-89.31831863,5.981110573
1763934555440956400,26.7270,-2.217764897,4.557479764,7.118518585,235.7896564,0.3080157194,7.258974519,43.12496542,270.2712886,188.8984833,4.74865153,5.182544586,-89.31831863,5.981110573
1763934555451007500,26.7370,-3.229816618,2.72937791,-1.827518209,235.7896564,0.3080157194,7.258974519,43.12496542,270.2712886,188.8984833,4.74865153,5.182544586,-89.31831863,5.981110573
1763934555461059300,26.7471,1.522443522,7.014998589,-3.250724966,235.7896564,0.3080157194,7.258974519,43.12496542,270.2712886,188.8984833,4.74865153,5.182544586,-89.31831863,5.981110573
1763934555471110400,26.7571,-2.183880309,3.302387056,2.823361723,235.7896564,0.3080157194,7.258974519,43.12496542,270.2712886,188.8984833,4.74865153,5.182544586,-89.31831863,5.981110573
1763934555481161500,26.7672,-2.674460033,1.158120234,2.91132876,235.7896564,0.3080157194,7.258974519,43.12496542,270.2712886,188.8984833,4.74865153,5.182544586,-89.31831863,5.981110573
1763934555491213300,26.7772,2.075311213,2.293961855,-2.97452376,235.7896564,0.3080157194,7.258974519,43.12496542,270.2712886,188.8984833,4.74865153,5.182544586,-89.31831863,5.981110573
1763934552505986000,23.7920,-0.7240180387,-6.187730604,0.6260375569,235.949262,0.3080157265,7.258974519,43.12506803,270.4308942,189.9787445,4.74865153,5.214363262,-89.31829612,6.081433773
1763934552516036900,23.8020,0.3096878805,1.058975239,1.630893229,235.949262,0.3080157265,7.258974519,43.12506803,270.4308942,189.9787445,4.74865153,5.214363262,-89.31829612,6.081433773
1763934552526088000,23.8121,-0.2829612016,-0.4204728987,-2.374077156,235.949262,0.3080157265,7.258974519,43.12506803,270.4308942,189.9787445,4.74865153,5.214363262,-89.31829612,6.081433773
1763934552546191000,23.8322,-1.744531591,-0.1699902176,-2.527680156,235.949262,0.3080157265,7.258974519,43.12506803,270.4308942,189.9787445,4.74865153,5.214363262,-89.31829612,6.081433773
1763934552556242000,23.8422,0.2612997702,4.196505057,-0.7375193253,235.949262,0.3080157265,7.258974519,43.12506803,270.4308942,189.9787445,4.74865153,5.214363262,-89.31829612,6.081433773
1763934552566294000,23.8523,-3.021563159,1.583682127,4.24340154,235.949262,0.3080157265,7.258974519,43.12506803,270.4308942,189.9787445,4.74865153,5.214363262,-89.31829612,6.081433773
1763934552576345000,23.8623,-2.15110602,1.944493899,3.239475258,235.949262,0.3080157265,7.258974519,43.12506803,270.4308942,189.9787445,4.74865153,5.214363262,-89.31829612,6.081433773
1763934552586396000,23.8724,-0.5359237169,1.492938026,-2.323137242,235.949262,0.3080157265,7.258974519,43.12506803,270.4308942,189.9787445,4.74865153,5.214363262,-89.31829612,6.081433773
1763934552596447000,23.8824,-1.769762624,3.227547504,-0.3491097903,235.949262,0.3080157265,7.258974519,43.12506803,270.4308942,189.9787445,4.74865153,5.214363262,-89.31829612,6.081433773
1763934552606499000,23.8925,-0.1909717769,-1.03842871,-1.971895116,235.949262,0.3080157265,7.258974519,43.12506803,270.4308942,189.9787445,4.74865153,5.214363262,-89.31829612,6.081433773
1763934552626601000,23.9126,1.324631816,2.141158627,-1.314084118,235.949262,0.3080157265,7.258974519,43.12506803,270.4308942,189.9787445,4.74865153,5.214363262,-89.31829612,6.081433773
1763934552636652000,23.9227,-1.683729624,1.078776064,-0.8720669119,235.949262,0.3080157265,7.258974519,43.12506803,270.4308942,189.9787445,4.74865153,5.214363262,-89.31829612,6.081433773
1763934552646703900,23.9327,-4.888949269,-4.178291355,-3.727218443,235.949262,0.3080157265,7.258974519,43.12506803,270.4308942,189.9787445,4.74865153,5.214363262,-89.31829612,6.081433773
1763934552656755000,23.9428,-6.044388886,0.2837778517,-5.214278955,235.949262,0.3080157265,7.258974519,43.12506803,270.4308942,189.9787445,4.74865153,5.214363262,-89.31829612,6.081433773
1763934552666806000,23.9528,-8.571929341,9.534144726,9.432130459,235.949262,0.3080157265,7.258974519,43.12506803,270.4308942,189.9787445,4.74865153,5.214363262,-89.31829612,6.081433773
1763934552676857000,23.9629,-7.260619948,10.74679267,22.33185286,235.949262,0.3080157265,7.258974519,43.12506803,270.4308942,189.9787445,4.74865153,5.214363262,-89.31829612,6.081433773
1763934552686909000,23.9729,5.095470205,-4.467562762,7.002422016,235.949262,0.3080157265,7.258974519,43.12506803,270.4308942,189.9787445,4.74865153,5.214363262,-89.31829612,6.081433773
1763934552707011000,23.9930,-1.627084631,-4.378308023,-8.538910284,235.949262,0.3080157265,7.258974519,43.12506803,270.4308942,189.9787445,4.74865153,5.214363262,-89.31829612,6.081433773
1763934552717063000,24.0031,-5.706278044,-4.200871435,-10.2721983,235.949262,0.3080157265,7.258974519,43.12506803,270.4308942,189.9787445,4.74865153,5.214363262,-89.31829612,6.081433773
1763934552727114000,24.0131,-11.49212004,-2.883359096,-1.914126233,235.949262,0.3080157265,7.258974519,43.12506803,270.4308942,189.9787445,4.74865153,5.214363262,-89.31829612,6.081433773
1763934552737165000,24.0232,-4.729506895,0.0578514466,1.119623623,235.949262,0.3080157265,7.258974519,43.12506803,270.4308942,189.9787445,4.74865153,5.214363262,-89.31829612,6.081433773
1763934552747216000,24.0332,0.4051005576,3.835481541,2.631369663,235.949262,0.3080157265,7.258974519,43.12506803,270.4308942,189.9787445,4.74865153,5.214363262,-89.31829612,6.081433773
1763934552757268000,24.0433,-0.6420517031,2.155171809,3.971448055,235.949262,0.3080157265,7.258974519,43.12506803,270.4308942,189.9787445,4.74865153,5.214363262,-89.31829612,6.081433773
1763934552767319000,24.0533,-3.399511506,-0.1581074721,0.2038333043,235.949262,0.3080157265,7.258974519,43.12506803,270.4308942,189.9787445,4.74865153,5.214363262,-89.31829612,6.081433773
1763934552777369900,24.0634,-2.565257315,1.934457951,-1.760421526,235.949262,0.3080157265,7.258974519,43.12506803,270.4308942,189.9787445,4.74865153,5.214363262,-89.31829612,6.081433773
1763934552787421000,24.0734,-3.817209679,0.8133082874,0.7525415378,235.949262,0.3080157265,7.258974519,43.12506803,270.4308942,189.9787445,4.74865153,5.214363262,-89.31829612,6.081433773
1763934552797473000,24.0835,-1.53218984,2.263632329,2.305451364,235.949262,0.3080157265,7.258974519,43.12506803,270.4308942,189.9787445,4.74865153,5.214363262,-89.31829612,6.081433773
1763934552807523800,24.0935,2.100858181,2.848616576,-2.180213457,235.949262,0.3080157265,7.258974519,43.12506803,270.4308942,189.9787445,4.74865153,5.214363262,-89.31829612,6.081433773
1763934552817575000,24.1036,1.62413148,3.181098472,-2.633125567,235.949262,0.3080157265,7.258974519,43.12506803,270.4308942,189.9787445,4.74865153,5.214363262,-89.31829612,6.081433773
1763934552827626000,24.1136,-2.599045018,-3.810267313,-1.069387473,235.949262,0.3080157265,7.258974519,43.12506803,270.4308942,189.9787445,4.74865153,5.214363262,-89.31829612,6.081433773
1763934552837678000,24.1237,-3.524719602,-7.147275308,4.12211091,235.949262,0.3080157265,7.258974519,43.12506803,270.4308942,189.9787445,4.74865153,5.214363262,-89.31829612,6.081433773
1763934552847729000,24.1337,-2.730594008,-5.237836356,7.600678417,235.949262,0.3080157265,7.258974519,43.12506803,270.4308942,189.9787445,4.74865153,5.214363262,-89.31829612,6.081433773
1763934552867832000,24.1538,1.372704942,6.778029324,-4.503599121,235.949262,0.3080157265,7.258974519,43.12506803,270.4308942,189.9787445,4.74865153,5.214363262,-89.31829612,6.081433773
1763934552877883000,24.1639,-2.659309225,2.914778609,-6.386621776,235.949262,0.3080157265,7.258974519,43.12506803,270.4308942,189.9787445,4.74865153,5.214363262,-89.31829612,6.081433773
1763934552887934000,24.1739,-4.204815497,2.117656025,1.624454136,235.949262,0.3080157265,7.258974519,43.12506803,270.4308942,189.9787445,4.74865153,5.214363262,-89.31829612,6.081433773
1763934552897985000,24.1840,0.542762623,2.615481189,4.283832919,235.949262,0.3080157265,7.258974519,43.12506803,270.4308942,189.9787445,4.74865153,5.214363262,-89.31829612,6.081433773
1763934552908036900,24.1940,3.367746248,-0.9064606183,2.582132462,235.949262,0.3080157265,7.258974519,43.12506803,270.4308942,189.9787445,4.74865153,5.214363262,-89.31829612,6.081433773
1763934552918088000,24.2041,1.467928672,0.7749784106,1.469925838,235.949262,0.3080157265,7.258974519,43.12506803,270.4308942,189.9787445,4.74865153,5.214363262,-89.31829612,6.081433773
1763934552928139000,24.2141,-1.693218314,-0.9809637784,-0.2593704826,235.949262,0.3080157265,7.258974519,43.12506803,270.4308942,189.9787445,4.74865153,5.214363262,-89.31829612,6.081433773
1763934552948242000,24.2342,-0.6947744085,0.5028720727,-0.9364747944,235.949262,0.3080157265,7.258974519,43.12506803,270.4308942,189.9787445,4.74865153,5.214363262,-89.31829612,6.081433773
1763934552958293000,24.2443,-1.6978771,0.3082534637,1.330778064,235.949262,0.3080157265,7.258974519,43.12506803,270.4308942,189.9787445,4.74865153,5.214363262,-89.31829612,6.081433773
1763934552968344000,24.2543,-0.5114332726,1.440616449,2.105130451,235.949262,0.3080157265,7.258974519,43.12506803,270.4308942,189.9787445,4.74865153,5.214363262,-89.31829612,6.081433773
1763934552978395000,24.2644,-0.1367943427,-2.385508212,-1.197128303,235.949262,0.3080157265,7.258974519,43.12506803,270.4308942,189.9787445,4.74865153,5.214363262,-89.31829612,6.081433773
1763934552988447000,24.2744,-2.78023979,1.84737018,0.8797533748,235.949262,0.3080157265,7.258974519,43.12506803,270.4308942,189.9787445,4.74865153,5.214363262,-89.31829612,6.081433773
1763934552998498000,24.2845,-1.657279424,-0.6506735471,-3.381361517,235.949262,0.3080157265,7.258974519,43.12506803,270.4308942,189.9787445,4.74865153,5.214363262,-89.31829612,6.081433773
1763934553008548900,24.2945,-1.183118044,-1.121312453,-0.7227426119,235.949262,0.3080157265,7.258974519,43.12506803,270.4308942,189.9787445,4.74865153,5.214363262,-89.31829612,6.081433773
1763934553028652000,24.3147,-0.3639021396,1.010544239,-0.05191372711,235.949262,0.3080157265,7.258974519,43.12506803,270.4308942,189.9787445,4.74865153,5.214363262,-89.31829612,6.081433773
1763934553038702800,24.3247,-1.604716001,-3.016208939,-1.807562632,235.949262,0.3080157265,7.258974519,43.12506803,270.4308942,189.9787445,4.74865153,5.214363262,-89.31829612,6.081433773
1763934553048754000,24.3348,-1.548564636,0.3138959997,0.3166349231,235.949262,0.3080157265,7.258974519,43.12506803,270.4308942,189.9787445,4.74865153,5.214363262,-89.31829612,6.081433773
1763934553058806000,24.3448,1.712887476,1.779443184,-0.3709966279,235.949262,0.3080157265,7.258974519,43.12506803,270.4308942,189.9787445,4.74865153,5.214363262,-89.31829612,6.081433773
1763934553068856800,24.3549,1.045334398,-1.194911649,2.270132213,235.949262,0.3080157265,7.258974519,43.12506803,270.4308942,189.9787445,4.74865153,5.214363262,-89.31829612,6.081433773
1763934553078908000,24.3649,0.713241647,-1.869005966,1.634727108,235.949262,0.3080157265,7.258974519,43.12506803,270.4308942,189.9787445,4.74865153,5.214363262,-89.31829612,6.081433773
1763934553088959000,24.3750,0.3751262751,0.5799594041,-0.9691957453,235.949262,0.3080157265,7.258974519,43.12506803,270.4308942,189.9787445,4.74865153,5.214363262,-89.31829612,6.081433773
1763934553099011000,24.3850,-1.200855945,1.720394929,0.2594622526,235.949262,0.3080157265,7.258974519,43.12506803,270.4308942,189.9787445,4.74865153,5.214363262,-89.31829612,6.081433773
1763934553109061600,24.3951,-0.05096826295,-1.357070297,-0.9090829296,235.949262,0.3080157265,7.258974519,43.12506803,270.4308942,189.9787445,4.74865153,5.214363262,-89.31829612,6.081433773
1763934553119112700,24.4051,0.3389092988,-0.4480247764,-0.7390455119,235.949262,0.3080157265,7.258974519,43.12506803,270.4308942,189.9787445,4.74865153,5.214363262,-89.31829612,6.081433773
1763934553129163800,24.4152,0.6366333313,1.161033345,-0.5507955612,235.949262,0.3080157265,7.258974519,43.12506803,270.4308942,189.9787445,4.74865153,5.214363262,-89.31829612,6.081433773
1763934553139215600,24.4252,-0.4928094553,2.024821381,1.749900132,235.949262,0.3080157265,7.258974519,43.12506803,270.4308942,189.9787445,4.74865153,5.214363262,-89.31829612,6.081433773
1763934553149266700,24.4353,1.543009194,0.8907020543,1.091598721,235.949262,0.3080157265,7.258974519,43.12506803,270.4308942,189.9787445,4.74865153,5.214363262,-89.31829612,6.081433773
1763934553159317800,24.4453,1.349174721,1.088025977,0.448904628,235.949262,0.3080157265,7.258974519,43.12506803,270.4308942,189.9787445,4.74865153,5.214363262,-89.31829612,6.081433773
1763934553169368800,24.4554,1.779210982,-0.4261261022,-1.639471672,235.949262,0.3080157265,7.258974519,43.12506803,270.4308942,189.9787445,4.74865153,5.214363262,-89.31829612,6.081433773
1763934553179420700,24.4654,0.8303438856,1.162872836,-0.5526823978,235.949262,0.3080157265,7.258974519,43.12506803,270.4308942,189.9787445,4.74865153,5.214363262,-89.31829612,6.081433773
1763934553189471700,24.4755,1.196381868,0.7464617795,-2.388127893,235.949262,0.3080157265,7.258974519,43.12506803,270.4308942,189.9787445,4.74865153,5.214363262,-89.31829612,6.081433773
1763934553199522800,24.4855,-0.4165443271,3.638973173,1.754599688,235.949262,0.3080157265,7.258974519,43.12506803,270.4308942,189.9787445,4.74865153,5.214363262,-89.31829612,6.081433773
1763934553209574700,24.4956,0.06191029353,-1.891613373,-0.8240881862,235.949262,0.3080157265,7.258974519,43.12506803,270.4308942,189.9787445,4.74865153,5.214363262,-89.31829612,6.081433773
1763934553219625700,24.5056,1.012839657,0.79547847,-0.9400894778,235.949262,0.3080157265,7.258974519,43.12506803,270.4308942,189.9787445,4.74865153,5.214363262,-89.31829612,6.081433773
1763934553229676800,24.5157,-0.1618565955,-0.05110884047,-1.832596536,235.949262,0.3080157265,7.258974519,43.12506803,270.4308942,189.9787445,4.74865153,5.214363262,-89.31829612,6.081433773
1763934553239727600,24.5257,-0.91417828,1.386698688,-1.666296551,235.949262,0.3080157265,7.258974519,43.12506803,270.4308942,189.9787445,4.74865153,5.214363262,-89.31829612,6.081433773
1763934553249779700,24.5358,0.6083188718,-2.815333023,-5.735214215,235.949262,0.3080157265,7.258974519,43.12506803,270.4308942,189.9787445,4.74865153,5.214363262,-89.31829612,6.081433773
1763934553259830800,24.5458,-1.424325531,0.9920686714,-5.735266238,235.949262,0.3080157265,7.258974519,43.12506803,270.4308942,189.9787445,4.74865153,5.214363262,-89.31829612,6.081433773
1763934553269881600,24.5559,-1.470731893,3.949176894,-2.100166107,235.949262,0.3080157265,7.258974519,43.12506803,270.4308942,189.9787445,4.74865153,5.214363262,-89.31829612,6.081433773
1763934553279932700,24.5659,-5.707579189,11.75218318,19.79339821,235.949262,0.3080157265,7.258974519,43.12506803,270.4308942,189.9787445,4.74865153,5.214363262,-89.31829612,6.081433773
1763934553289984800,24.5760,1.344117438,2.174031554,15.02231778,235.949262,0.3080157265,7.258974519,43.12506803,270.4308942,189.9787445,4.74865153,5.214363262,-89.31829612,6.081433773
1763934553300035800,24.5860,7.778059768,-5.746302596,1.58607852,235.949262,0.3080157265,7.258974519,43.12506803,270.4308942,189.9787445,4.74865153,5.214363262,-89.31829612,6.081433773
1763934553310086700,24.5961,2.953646392,-3.321173882,-1.544537719,235.949262,0.3080157265,7.258974519,43.12506803,270.4308942,189.9787445,4.74865153,5.214363262,-89.31829612,6.081433773
1763934553320137700,24.6061,-0.4683223721,-3.24446649,-7.349625096,235.949262,0.3080157265,7.258974519,43.12506803,270.4308942,189.9787445,4.74865153,5.214363262,-89.31829612,6.081433773
1763934553330189800,24.6162,-6.340951912,-4.7994464,-5.891884786,235.949262,0.3080157265,7.258974519,43.12506803,270.4308942,189.9787445,4.74865153,5.214363262,-89.31829612,6.081433773
1763934553340240600,24.6262,-4.164420358,-3.787558345,-3.404005895,235.949262,0.3080157265,7.258974519,43.12506803,270.4308942,189.9787445,4.74865153,5.214363262,-89.31829612,6.081433773
1763934553350291700,24.6363,0.1593570337,5.765520506,-0.5940805761,235.949262,0.3080157265,7.258974519,43.12506803,270.4308942,189.9787445,4.74865153,5.214363262,-89.31829612,6.081433773
1763934553360343800,24.6463,6.977264779,4.263648209,-1.30935066,235.949262,0.3080157265,7.258974519,43.12506803,270.4308942,189.9787445,4.74865153,5.214363262,-89.31829612,6.081433773
1763934553370394600,24.6564,1.114346559,-0.9627047758,3.806628664,235.949262,0.3080157265,7.258974519,43.12506803,270.4308942,189.9787445,4.74865153,5.214363262,-89.31829612,6.081433773
1763934553380445700,24.6664,-2.41350608,0.51113239,3.083256522,235.949262,0.3080157265,7.258974519,43.12506803,270.4308942,189.9787445,4.74865153,5.214363262,-89.31829612,6.081433773
1763934553390496800,24.6765,0.9629846157,2.799717228,-4.101753766,235.949262,0.3080157265,7.258974519,43.12506803,270.4308942,189.9787445,4.74865153,5.214363262,-89.31829612,6.081433773
1763934553400548600,24.6865,0.6130594174,1.953048231,-2.625917828,235.949262,0.3080157265,7.258974519,43.12506803,270.4308942,189.9787445,4.74865153,5.214363262,-89.31829612,6.081433773
1763934553410599700,24.6966,-1.889267102,1.200065233,1.623249436,235.949262,0.3080157265,7.258974519,43.12506803,270.4308942,189.9787445,4.74865153,5.214363262,-89.31829612,6.081433773
1763934553420650800,24.7067,1.758045445,4.46779774,-0.2777595413,235.949262,0.3080157265,7.258974519,43.12506803,270.4308942,189.9787445,4.74865153,5.214363262,-89.31829612,6.081433773
1763934553430701800,24.7167,3.941805196,2.050013398,-3.913904797,235.949262,0.3080157265,7.258974519,43.12506803,270.4308942,189.9787445,4.74865153,5.214363262,-89.31829612,6.081433773
1763934553440753700,24.7268,-0.9130909962,0.09136150201,0.08357669335,235.949262,0.3080157265,7.258974519,43.12506803,270.4308942,189.9787445,4.74865153,5.214363262,-89.31829612,6.081433773
1763934553450804700,24.7368,-1.590809056,-7.507218043,2.054776229,235.949262,0.3080157265,7.258974519,43.12506803,270.4308942,189.9787445,4.74865153,5.214363262,-89.31829612,6.081433773
1763934553460855800,24.7469,-3.103985422,-10.02044005,9.692779291,235.949262,0.3080157265,7.258974519,43.12506803,270.4308942,189.9787445,4.74865153,5.214363262,-89.31829612,6.081433773
1763934553470906600,24.7569,5.585331112,2.261647878,2.705137495,235.949262,0.3080157265,7.258974519,43.12506803,270.4308942,189.9787445,4.74865153,5.214363262,-89.31829612,6.081433773
1763934553480958700,24.7670,9.703483056,5.997239596,-8.265440549,235.949262,0.3080157265,7.258974519,43.12506803,270.4308942,189.9787445,4.74865153,5.214363262,-89.31829612,6.081433773
1763934553491009800,24.7770,2.059623669,7.202698505,-5.156647435,235.949262,0.3080157265,7.258974519,43.12506803,270.4308942,189.9787445,4.74865153,5.214363262,-89.31829612,6.081433773
1763934553501060600,24.7871,-4.246797028,3.457728133,1.17840782,235.949262,0.3080157265,7.258974519,43.12506803,270.4308942,189.9787445,4.74865153,5.214363262,-89.31829612,6.081433773
1763934553511112700,24.7971,-0.9547077857,3.068699004,4.086124235,235.949262,0.3080157265,7.258974519,43.12506803,270.4308942,189.9787445,4.74865153,5.214363262,-89.31829612,6.081433773
1763934553521163800,24.8072,1.598026732,-1.443332722,-0.0233650935,235.949262,0.3080157265,7.258974519,43.12506803,270.4308942,189.9787445,4.74865153,5.214363262,-89.31829612,6.081433773
1763934553531214600,24.8172,4.422484434,0.2637004747,-1.688809412,235.949262,0.3080157265,7.258974519,43.12506803,270.4308942,189.9787445,4.74865153,5.214363262,-89.31829612,6.081433773
1763934553541265700,24.8273,1.933051299,1.051229009,-1.962156397,235.949262,0.3080157265,7.258974519,43.12506803,270.4308942,189.9787445,4.74865153,5.214363262,-89.31829612,6.081433773
1763934553551317800,24.8373,-2.14176653,6.100483113,1.344938106,235.949262,0.3080157265,7.258974519,43.12506803,270.4308942,189.9787445,4.74865153,5.214363262,-89.31829612,6.081433773
1763934553561368600,24.8474,1.110540152,5.098501535,0.9003747225,235.949262,0.3080157265,7.258974519,43.12506803,270.4308942,189.9787445,4.74865153,5.214363262,-89.31829612,6.081433773
1763934553571419600,24.8574,1.133475622,1.884183223,5.372172346,235.949262,0.3080157265,7.258974519,43.12506803,270.4308942,189.9787445,4.74865153,5.214363262,-89.31829612,6.081433773
1763934553581470700,24.8675,1.509698461,-0.2936383707,4.535751332,235.949262,0.3080157265,7.258974519,43.12506803,270.4308942,189.9787445,4.74865153,5.214363262,-89.31829612,6.081433773
1763934553591522800,24.8775,2.538054835,0.9894842078,0.279246565,235.949262,0.3080157265,7.258974519,43.12506803,270.4308942,189.9787445,4.74865153,5.214363262,-89.31829612,6.081433773
1763934553601573600,24.8876,-0.7865595428,1.028849419,-0.8636059576,235.949262,0.3080157265,7.258974519,43.12506803,270.4308942,189.9787445,4.74865153,5.214363262,-89.31829612,6.081433773
1763934553611624700,24.8976,-1.629927599,-2.685455182,-2.964679242,235.949262,0.3080157265,7.258974519,43.12506803,270.4308942,189.9787445,4.74865153,5.214363262,-89.31829612,6.081433773
1763934553621675800,24.9077,-0.8522060272,0.1560484937,-4.058067769,235.949262,0.3080157265,7.258974519,43.12506803,270.4308942,189.9787445,4.74865153,5.214363262,-89.31829612,6.081433773
1763934553631727600,24.9177,1.945698014,1.817249767,-3.77186364,235.949262,0.3080157265,7.258974519,43.12506803,270.4308942,189.9787445,4.74865153,5.214363262,-89.31829612,6.081433773
1763934553641778700,24.9278,0.9886673385,2.564497437,0.4630360292,235.949262,0.3080157265,7.258974519,43.12506803,270.4308942,189.9787445,4.74865153,5.214363262,-89.31829612,6.081433773
1763934553651829800,24.9378,0.3823556418,0.2622595551,-0.835726017,235.949262,0.3080157265,7.258974519,43.12506803,270.4308942,189.9787445,4.74865153,5.214363262,-89.31829612,6.081433773
1763934553661881600,24.9479,0.5176479093,0.7086320343,0.2721376097,235.949262,0.3080157265,7.258974519,43.12506803,270.4308942,189.9787445,4.74865153,5.214363262,-89.31829612,6.081433773
1763934553671932700,24.9579,-1.826585313,0.9925623732,3.183541774,235.949262,0.3080157265,7.258974519,43.12506803,270.4308942,189.9787445,4.74865153,5.214363262,-89.31829612,6.081433773
1763934553681983700,24.9680,0.7064753677,1.751068592,1.325197633,235.949262,0.3080157265,7.258974519,43.12506803,270.4308942,189.9787445,4.74865153,5.214363262,-89.31829612,6.081433773
1763934553692034800,24.9780,0.1348351623,1.390855662,1.887715196,235.949262,0.3080157265,7.258974519,43.12506803,270.4308942,189.9787445,4.74865153,5.214363262,-89.31829612,6.081433773
1763934553702086700,24.9881,0.3832558055,1.102150583,1.794026274,235.949262,0.3080157265,7.258974519,43.12506803,270.4308942,189.9787445,4.74865153,5.214363262,-89.31829612,6.081433773
1763934553712137700,24.9981,1.036173771,1.832562633,1.119811839,235.949262,0.3080157265,7.258974519,43.12506803,270.4308942,189.9787445,4.74865153,5.214363262,-89.31829612,6.081433773
1763934553722188800,25.0082,0.9587187749,-0.768723588,-2.377576104,235.949262,0.3080157265,7.258974519,43.12506803,270.4308942,189.9787445,4.74865153,5.214363262,-89.31829612,6.081433773
1763934553732239600,25.0182,-0.7038987952,0.659822776,0.2868213841,235.949262,0.3080157265,7.258974519,43.12506803,270.4308942,189.9787445,4.74865153,5.214363262,-89.31829612,6.081433773
1763934553742291700,25.0283,-0.2920224599,-2.409170389,-2.551207162,235.949262,0.3080157265,7.258974519,43.12506803,270.4308942,189.9787445,4.74865153,5.214363262,-89.31829612,6.081433773
1763934553752342800,25.0383,-0.301798004,1.160834316,0.8682885624,235.949262,0.3080157265,7.258974519,43.12506803,270.4308942,189.9787445,4.74865153,5.214363262,-89.31829612,6.081433773
1763934553762393600,25.0484,-1.497425839,3.222217249,0.7626046667,235.949262,0.3080157265,7.258974519,43.12506803,270.4308942,189.9787445,4.74865153,5.214363262,-89.31829612,6.081433773
1763934553772444700,25.0584,-0.8698772929,3.133071231,-2.005055043,235.949262,0.3080157265,7.258974519,43.12506803,270.4308942,189.9787445,4.74865153,5.214363262,-89.31829612,6.081433773
1763934553782496800,25.0685,-1.738695432,3.022181583,-0.01517944895,235.949262,0.3080157265,7.258974519,43.12506803,270.4308942,189.9787445,4.74865153,5.214363262,-89.31829612,6.081433773
1763934553792547600,25.0785,-1.97497087,2.506618079,1.486498202,235.949262,0.3080157265,7.258974519,43.12506803,270.4308942,189.9787445,4.74865153,5.214363262,-89.31829612,6.081433773
1763934553802598700,25.0886,0.9963701679,3.105238929,-0.101498719,235.949262,0.3080157265,7.258974519,43.12506803,270.4308942,189.9787445,4.74865153,5.214363262,-89.31829612,6.081433773
1763934553812650800,25.0987,1.561558412,3.025096009,-0.1758189237,235.949262,0.3080157265,7.258974519,43.12506803,270.4308942,189.9787445,4.74865153,5.214363262,-89.31829612,6.081433773
1763934553822701600,25.1087,-0.2929939718,0.4036613916,0.4991898771,235.949262,0.3080157265,7.258974519,43.12506803,270.4308942,189.9787445,4.74865153,5.214363262,-89.31829612,6.081433773
1763934553832752600,25.1188,0.2718798356,3.996960974,1.663970154,235.949262,0.3080157265,7.258974519,43.12506803,270.4308942,189.9787445,4.74865153,5.214363262,-89.31829612,6.081433773
1763934553842803700,25.1288,2.063348242,3.00196414,-0.6308809053,235.949262,0.3080157265,7.258974519,43.12506803,270.4308942,189.9787445,4.74865153,5.214363262,-89.31829612,6.081433773
1763934553852855800,25.1389,1.022125371,0.4470750014,-0.5391700053,235.949262,0.3080157265,7.258974519,43.12506803,270.4308942,189.9787445,4.74865153,5.214363262,-89.31829612,6.081433773
1763934553862906600,25.1489,-0.476249731,0.2006925221,0.359423679,235.949262,0.3080157265,7.258974519,43.12506803,270.4308942,189.9787445,4.74865153,5.214363262,-89.31829612,6.081433773
1763934553872957700,25.1590,-0.3128442987,1.901227589,0.3935498205,235.949262,0.3080157265,7.258974519,43.12506803,270.4308942,189.9787445,4.74865153,5.214363262,-89.31829612,6.081433773
1763934553883008800,25.1690,1.460191795,-2.605258778,-5.698183585,235.949262,0.3080157265,7.258974519,43.12506803,270.4308942,189.9787445,4.74865153,5.214363262,-89.31829612,6.081433773
1763934553893060600,25.1791,-0.0236848635,3.272944397,0.1404278769,235.949262,0.3080157265,7.258974519,43.12506803,270.4308942,189.9787445,4.74865153,5.214363262,-89.31829612,6.081433773
1763934553903111700,25.1891,2.905380081,0.2876104156,-3.97175376,235.949262,0.3080157265,7.258974519,43.12506803,270.4308942,189.9787445,4.74865153,5.214363262,-89.31829612,6.081433773
1763934553913162800,25.1992,1.465202316,5.885204286,2.405823124,235.949262,0.3080157265,7.258974519,43.12506803,270.4308942,189.9787445,4.74865153,5.214363262,-89.31829612,6.081433773
1763934553923213800,25.2092,0.8536883747,3.607601006,3.264413884,235.949262,0.3080157265,7.258974519,43.12506803,270.4308942,189.9787445,4.74865153,5.214363262,-89.31829612,6.081433773
1763934553933265700,25.2193,0.3914566111,5.2633899,6.255395443,235.949262,0.3080157265,7.258974519,43.12506803,270.4308942,189.9787445,4.74865153,5.214363262,-89.31829612,6.081433773
1763934553943316700,25.2293,2.005432644,0.2343601792,4.146474367,235.949262,0.3080157265,7.258974519,43.12506803,270.4308942,189.9787445,4.74865153,5.214363262,-89.31829612,6.081433773
1763934553953367800,25.2394,0.3304653321,0.9365455946,5.225139956,235.949262,0.3080157265,7.258974519,43.12506803,270.4308942,189.9787445,4.74865153,5.214363262,-89.31829612,6.081433773
1763934553963419600,25.2494,0.8309890516,-2.56990631,-1.665903752,235.949262,0.3080157265,7.258974519,43.12506803,270.4308942,189.9787445,4.74865153,5.214363262,-89.31829612,6.081433773
1763934553973470700,25.2595,-0.7380301974,-0.2306368478,-2.205440253,235.949262,0.3080157265,7.258974519,43.12506803,270.4308942,189.9787445,4.74865153,5.214363262,-89.31829612,6.081433773
1763934553983521800,25.2695,-1.049553477,0.5015940156,-2.022075151,235.949262,0.3080157265,7.258974519,43.12506803,270.4308942,189.9787445,4.74865153,5.214363262,-89.31829612,6.081433773
1763934553993572600,25.2796,-0.16427637,0.1740310905,0.09308452641,235.949262,0.3080157265,7.258974519,43.12506803,270.4308942,189.9787445,4.74865153,5.214363262,-89.31829612,6.081433773
1763934551510911000,22.7969,1.154401506,-1.043513466,0.118989952,236.0648457,0.3080157233,7.258974519,43.12512244,270.5464779,189.9787445,4.74865153,5.340161481,-89.31828305,6.082404137
1763934551520962000,22.8070,-0.4793384177,-1.057140571,-0.623597178,236.0648457,0.3080157233,7.258974519,43.12512244,270.5464779,189.9787445,4.74865153,5.340161481,-89.31828305,6.082404137
1763934551531014000,22.8170,0.3513524912,1.487193491,1.002498295,236.0648457,0.3080157233,7.258974519,43.12512244,270.5464779,189.9787445,4.74865153,5.340161481,-89.31828305,6.082404137
1763934551541065000,22.8271,3.586275602,-1.627281322,0.04849252049,236.0648457,0.3080157233,7.258974519,43.12512244,270.5464779,189.9787445,4.74865153,5.340161481,-89.31828305,6.082404137
1763934551551116000,22.8371,1.526203021,-0.04279343207,2.323033782,236.0648457,0.3080157233,7.258974519,43.12512244,270.5464779,189.9787445,4.74865153,5.340161481,-89.31828305,6.082404137
1763934551561167000,22.8472,1.523307299,-0.4981025203,-1.506130539,236.0648457,0.3080157233,7.258974519,43.12512244,270.5464779,189.9787445,4.74865153,5.340161481,-89.31828305,6.082404137
1763934551571219000,22.8572,-0.02399469664,0.5854033487,-0.4047901764,236.0648457,0.3080157233,7.258974519,43.12512244,270.5464779,189.9787445,4.74865153,5.340161481,-89.31828305,6.082404137
1763934551591321000,22.8773,0.5929565406,-4.812998832,-1.227795244,236.0648457,0.3080157233,7.258974519,43.12512244,270.5464779,189.9787445,4.74865153,5.340161481,-89.31828305,6.082404137
1763934551601372000,22.8874,-0.8054525324,0.723008131,2.428058922,236.0648457,0.3080157233,7.258974519,43.12512244,270.5464779,189.9787445,4.74865153,5.340161481,-89.31828305,6.082404137
1763934551611424000,22.8974,0.2313128109,2.73485751,-0.6290636267,236.0648457,0.3080157233,7.258974519,43.12512244,270.5464779,189.9787445,4.74865153,5.340161481,-89.31828305,6.082404137
1763934551621475000,22.9075,0.334028541,0.7389755154,-1.958918146,236.0648457,0.3080157233,7.258974519,43.12512244,270.5464779,189.9787445,4.74865153,5.340161481,-89.31828305,6.082404137
1763934551631526000,22.9175,-0.7592179469,-0.7521411403,0.916556042,236.0648457,0.3080157233,7.258974519,43.12512244,270.5464779,189.9787445,4.74865153,5.340161481,-89.31828305,6.082404137
1763934551641577000,22.9276,-0.01474514919,2.590111478,1.226229309,236.0648457,0.3080157233,7.258974519,43.12512244,270.5464779,189.9787445,4.74865153,5.340161481,-89.31828305,6.082404137
1763934551651629000,22.9376,1.295983229,2.970705079,-0.8157645945,236.0648457,0.3080157233,7.258974519,43.12512244,270.5464779,189.9787445,4.74865153,5.340161481,-89.31828305,6.082404137
1763934551661679900,22.9477,-1.663917547,-0.5422461979,1.645131013,236.0648457,0.3080157233,7.258974519,43.12512244,270.5464779,189.9787445,4.74865153,5.340161481,-89.31828305,6.082404137
1763934551671731000,22.9577,-1.887844376,-0.1194976093,1.87212249,236.0648457,0.3080157233,7.258974519,43.12512244,270.5464779,189.9787445,4.74865153,5.340161481,-89.31828305,6.082404137
1763934551681782000,22.9678,0.08586736157,4.114984419,0.326458398,236.0648457,0.3080157233,7.258974519,43.12512244,270.5464779,189.9787445,4.74865153,5.340161481,-89.31828305,6.082404137
1763934551691833900,22.9778,0.4778969868,1.40583462,-3.741895203,236.0648457,0.3080157233,7.258974519,43.12512244,270.5464779,189.9787445,4.74865153,5.340161481,-89.31828305,6.082404137
1763934551701885000,22.9879,-0.5142039429,-1.908108288,-1.277120708,236.0648457,0.3080157233,7.258974519,43.12512244,270.5464779,189.9787445,4.74865153,5.340161481,-89.31828305,6.082404137
1763934551711936000,22.9979,-2.732071679,-0.4353142018,2.89076528,236.0648457,0.3080157233,7.258974519,43.12512244,270.5464779,189.9787445,4.74865153,5.340161481,-89.31828305,6.082404137
1763934551721987800,23.0080,1.319618956,1.225648295,-2.59614579,236.0648457,0.3080157233,7.258974519,43.12512244,270.5464779,189.9787445,4.74865153,5.340161481,-89.31828305,6.082404137
1763934551732039000,23.0180,0.3093980307,0.7709057543,-1.621944784,236.0648457,0.3080157233,7.258974519,43.12512244,270.5464779,189.9787445,4.74865153,5.340161481,-89.31828305,6.082404137
1763934551752141000,23.0381,1.350147365,0.5968868657,-0.6054957041,236.0648457,0.3080157233,7.258974519,43.12512244,270.5464779,189.9787445,4.74865153,5.340161481,-89.31828305,6.082404137
1763934551762193000,23.0482,2.90569923,1.413223269,-3.761632169,236.0648457,0.3080157233,7.258974519,43.12512244,270.5464779,189.9787445,4.74865153,5.340161481,-89.31828305,6.082404137
1763934551772244000,23.0582,-1.461252117,1.489236395,-0.9362228655,236.0648457,0.3080157233,7.258974519,43.12512244,270.5464779,189.9787445,4.74865153,5.340161481,-89.31828305,6.082404137
1763934551782295000,23.0683,-1.03264092,-0.4724241814,2.513517191,236.0648457,0.3080157233,7.258974519,43.12512244,270.5464779,189.9787445,4.74865153,5.340161481,-89.31828305,6.082404137
1763934551792346000,23.0783,1.059563998,0.1759725068,4.278467593,236.0648457,0.3080157233,7.258974519,43.12512244,270.5464779,189.9787445,4.74865153,5.340161481,-89.31828305,6.082404137
1763934551802398000,23.0884,2.373730535,-1.098483366,0.8440531158,236.0648457,0.3080157233,7.258974519,43.12512244,270.5464779,189.9787445,4.74865153,5.340161481,-89.31828305,6.082404137
1763934551812449000,23.0984,0.6479892765,-0.551181784,-0.2731915027,236.0648457,0.3080157233,7.258974519,43.12512244,270.5464779,189.9787445,4.74865153,5.340161481,-89.31828305,6.082404137
1763934551832551000,23.1186,-0.08729476403,-0.8973341858,-2.403966098,236.0648457,0.3080157233,7.258974519,43.12512244,270.5464779,189.9787445,4.74865153,5.340161481,-89.31828305,6.082404137
1763934551842603000,23.1286,0.2751800462,1.715086009,1.542798182,236.0648457,0.3080157233,7.258974519,43.12512244,270.5464779,189.9787445,4.74865153,5.340161481,-89.31828305,6.082404137
1763934551852654000,23.1387,0.1688824025,-0.4524925695,0.8050111453,236.0648457,0.3080157233,7.258974519,43.12512244,270.5464779,189.9787445,4.74865153,5.340161481,-89.31828305,6.082404137
1763934551862705000,23.1487,0.07718947653,0.4594890042,0.8236024485,236.0648457,0.3080157233,7.258974519,43.12512244,270.5464779,189.9787445,4.74865153,5.340161481,-89.31828305,6.082404137
1763934551872756000,23.1588,-0.7372842744,2.301443589,1.040947561,236.0648457,0.3080157233,7.258974519,43.12512244,270.5464779,189.9787445,4.74865153,5.340161481,-89.31828305,6.082404137
1763934551882808000,23.1688,-1.011326841,0.9372251744,0.06326806482,236.0648457,0.3080157233,7.258974519,43.12512244,270.5464779,189.9787445,4.74865153,5.340161481,-89.31828305,6.082404137
1763934551892859000,23.1789,-1.554396849,-0.2431521922,-0.04073591501,236.0648457,0.3080157233,7.258974519,43.12512244,270.5464779,189.9787445,4.74865153,5.340161481,-89.31828305,6.082404137
1763934551912961000,23.1990,1.71144736,0.3046085314,-0.3369809611,236.0648457,0.3080157233,7.258974519,43.12512244,270.5464779,189.9787445,4.74865153,5.340161481,-89.31828305,6.082404137
1763934551923012900,23.2090,0.4095323295,0.9295645766,0.6812064864,236.0648457,0.3080157233,7.258974519,43.12512244,270.5464779,189.9787445,4.74865153,5.340161481,-89.31828305,6.082404137
1763934551933064000,23.2191,0.2939782702,-0.6261247968,-1.965476481,236.0648457,0.3080157233,7.258974519,43.12512244,270.5464779,189.9787445,4.74865153,5.340161481,-89.31828305,6.082404137
1763934551943115000,23.2291,-0.7720925529,0.02075710296,-0.8307745321,236.0648457,0.3080157233,7.258974519,43.12512244,270.5464779,189.9787445,4.74865153,5.340161481,-89.31828305,6.082404137
1763934551953166800,23.2392,0.3218612064,-0.6812265063,-1.496718567,236.0648457,0.3080157233,7.258974519,43.12512244,270.5464779,189.9787445,4.74865153,5.340161481,-89.31828305,6.082404137
1763934551963218000,23.2492,0.6703226888,3.473381044,1.510700916,236.0648457,0.3080157233,7.258974519,43.12512244,270.5464779,189.9787445,4.74865153,5.340161481,-89.31828305,6.082404137
1763934551973269000,23.2593,-0.9219898305,-2.828742832,-2.680232186,236.0648457,0.3080157233,7.258974519,43.12512244,270.5464779,189.9787445,4.74865153,5.340161481,-89.31828305,6.082404137
1763934551993372000,23.2794,0.2236427512,2.071778509,-0.4008855702,236.0648457,0.3080157233,7.258974519,43.12512244,270.5464779,189.9787445,4.74865153,5.340161481,-89.31828305,6.082404137
1763934552003423000,23.2894,0.1233878947,0.1972875359,-0.5070984583,236.0648457,0.3080157233,7.258974519,43.12512244,270.5464779,189.9787445,4.74865153,5.340161481,-89.31828305,6.082404137
1763934552013474000,23.2995,-1.233809974,-3.495641391,-0.2701952435,236.0648457,0.3080157233,7.258974519,43.12512244,270.5464779,189.9787445,4.74865153,5.340161481,-89.31828305,6.082404137
1763934552023525000,23.3095,-1.645286496,-1.480096518,-1.919860393,236.0648457,0.3080157233,7.258974519,43.12512244,270.5464779,189.9787445,4.74865153,5.340161481,-89.31828305,6.082404137
1763934552033577000,23.3196,1.484574541,-0.5861928916,-7.804858343,236.0648457,0.3080157233,7.258974519,43.12512244,270.5464779,189.9787445,4.74865153,5.340161481,-89.31828305,6.082404137
1763934552043628000,23.3296,-0.7407516583,-0.7905589146,-7.108152674,236.0648457,0.3080157233,7.258974519,43.12512244,270.5464779,189.9787445,4.74865153,5.340161481,-89.31828305,6.082404137
1763934552053679000,23.3397,-2.80368847,7.130073998,6.773117586,236.0648457,0.3080157233,7.258974519,43.12512244,270.5464779,189.9787445,4.74865153,5.340161481,-89.31828305,6.082404137
1763934552073782000,23.3598,6.81405107,-3.220104787,11.98230828,236.0648457,0.3080157233,7.258974519,43.12512244,270.5464779,189.9787445,4.74865153,5.340161481,-89.31828305,6.082404137
1763934552083833000,23.3698,1.98240482,-5.795781204,1.501736103,236.0648457,0.3080157233,7.258974519,43.12512244,270.5464779,189.9787445,4.74865153,5.340161481,-89.31828305,6.082404137
1763934552093884000,23.3799,1.886557258,-2.278494821,-5.909100125,236.0648457,0.3080157233,7.258974519,43.12512244,270.5464779,189.9787445,4.74865153,5.340161481,-89.31828305,6.082404137
1763934552103935000,23.3899,-1.878211455,-2.672625511,-10.55870288,236.0648457,0.3080157233,7.258974519,43.12512244,270.5464779,189.9787445,4.74865153,5.340161481,-89.31828305,6.082404137
1763934552113987000,23.4000,-5.923658227,-3.054175973,-11.6097235,236.0648457,0.3080157233,7.258974519,43.12512244,270.5464779,189.9787445,4.74865153,5.340161481,-89.31828305,6.082404137
1763934552124038000,23.4100,-7.915030782,2.562846162,-4.882801852,236.0648457,0.3080157233,7.258974519,43.12512244,270.5464779,189.9787445,4.74865153,5.340161481,-89.31828305,6.082404137
1763934552134089000,23.4201,1.158322479,3.798530405,-0.3696814537,236.0648457,0.3080157233,7.258974519,43.12512244,270.5464779,189.9787445,4.74865153,5.340161481,-89.31828305,6.082404137
1763934552154192000,23.4402,7.059585335,0.9075560123,7.919769501,236.0648457,0.3080157233,7.258974519,43.12512244,270.5464779,189.9787445,4.74865153,5.340161481,-89.31828305,6.082404137
1763934552164243000,23.4502,3.918598508,0.2410258476,-3.062743895,236.0648457,0.3080157233,7.258974519,43.12512244,270.5464779,189.9787445,4.74865153,5.340161481,-89.31828305,6.082404137
1763934552174294000,23.4603,-1.467700563,1.746389786,-3.629416825,236.0648457,0.3080157233,7.258974519,43.12512244,270.5464779,189.9787445,4.74865153,5.340161481,-89.31828305,6.082404137
1763934552184345900,23.4703,-6.860058787,-0.210497,-1.932259856,236.0648457,0.3080157233,7.258974519,43.12512244,270.5464779,189.9787445,4.74865153,5.340161481,-89.31828305,6.082404137
1763934552194397000,23.4804,-7.546458166,3.099205202,-2.055379455,236.0648457,0.3080157233,7.258974519,43.12512244,270.5464779,189.9787445,4.74865153,5.340161481,-89.31828305,6.082404137
1763934552204448000,23.4904,-0.1309387485,3.976484003,-4.226097354,236.0648457,0.3080157233,7.258974519,43.12512244,270.5464779,189.9787445,4.74865153,5.340161481,-89.31828305,6.082404137
1763934552214499000,23.5005,1.954483378,2.302678099,-0.2712029592,236.0648457,0.3080157233,7.258974519,43.12512244,270.5464779,189.9787445,4.74865153,5.340161481,-89.31828305,6.082404137
1763934552224551000,23.5106,-1.69671507,-4.929105338,1.807892887,236.0648457,0.3080157233,7.258974519,43.12512244,270.5464779,189.9787445,4.74865153,5.340161481,-89.31828305,6.082404137
1763934552234602000,23.5206,-4.184497516,-12.45696694,7.36650375,236.0648457,0.3080157233,7.258974519,43.12512244,270.5464779,189.9787445,4.74865153,5.340161481,-89.31828305,6.082404137
1763934552244653000,23.5307,3.96875867,-2.868197183,6.414569521,236.0648457,0.3080157233,7.258974519,43.12512244,270.5464779,189.9787445,4.74865153,5.340161481,-89.31828305,6.082404137
1763934552254703900,23.5407,9.084660252,6.532666908,-4.79622247,236.0648457,0.3080157233,7.258974519,43.12512244,270.5464779,189.9787445,4.74865153,5.340161481,-89.31828305,6.082404137
1763934552264756000,23.5508,2.57252526,5.023292857,-6.602946897,236.0648457,0.3080157233,7.258974519,43.12512244,270.5464779,189.9787445,4.74865153,5.340161481,-89.31828305,6.082404137
1763934552274807000,23.5608,-5.494843617,4.95980209,1.644020422,236.0648457,0.3080157233,7.258974519,43.12512244,270.5464779,189.9787445,4.74865153,5.340161481,-89.31828305,6.082404137
1763934552284858000,23.5709,-4.630979885,0.944946124,1.947691234,236.0648457,0.3080157233,7.258974519,43.12512244,270.5464779,189.9787445,4.74865153,5.340161481,-89.31828305,6.082404137
1763934552294909000,23.5809,-0.0818342336,-1.697661849,2.129302769,236.0648457,0.3080157233,7.258974519,43.12512244,270.5464779,189.9787445,4.74865153,5.340161481,-89.31828305,6.082404137
1763934552304961000,23.5910,2.078013896,-1.05630865,1.439983704,236.0648457,0.3080157233,7.258974519,43.12512244,270.5464779,189.9787445,4.74865153,5.340161481,-89.31828305,6.082404137
1763934552315012000,23.6010,-1.333191555,3.424063763,0.9936866279,236.0648457,0.3080157233,7.258974519,43.12512244,270.5464779,189.9787445,4.74865153,5.340161481,-89.31828305,6.082404137
1763934552325063000,23.6111,-2.669982595,2.841766564,-2.023048965,236.0648457,0.3080157233,7.258974519,43.12512244,270.5464779,189.9787445,4.74865153,5.340161481,-89.31828305,6.082404137
1763934552335115000,23.6211,-0.4911258131,2.133497591,-0.104610129,236.0648457,0.3080157233,7.258974519,43.12512244,270.5464779,189.9787445,4.74865153,5.340161481,-89.31828305,6.082404137
1763934552345166000,23.6312,-0.5045839182,0.2771360026,1.436739607,236.0648457,0.3080157233,7.258974519,43.12512244,270.5464779,189.9787445,4.74865153,5.340161481,-89.31828305,6.082404137
1763934552355217000,23.6412,2.824367685,1.957724114,1.196591712,236.0648457,0.3080157233,7.258974519,43.12512244,270.5464779,189.9787445,4.74865153,5.340161481,-89.31828305,6.082404137
1763934552365268000,23.6513,1.16714401,0.6847321763,-0.3888753989,236.0648457,0.3080157233,7.258974519,43.12512244,270.5464779,189.9787445,4.74865153,5.340161481,-89.31828305,6.082404137
1763934552385371000,23.6714,-0.9514765487,1.043874116,-0.1660240904,236.0648457,0.3080157233,7.258974519,43.12512244,270.5464779,189.9787445,4.74865153,5.340161481,-89.31828305,6.082404137
1763934552395422000,23.6814,0.8607131587,-1.316332336,-2.29955646,236.0648457,0.3080157233,7.258974519,43.12512244,270.5464779,189.9787445,4.74865153,5.340161481,-89.31828305,6.082404137
1763934552405473000,23.6915,0.963095821,0.08759279713,0.1516179639,236.0648457,0.3080157233,7.258974519,43.12512244,270.5464779,189.9787445,4.74865153,5.340161481,-89.31828305,6.082404137
1763934552415524900,23.7015,0.3034371495,0.531260109,0.1488596051,236.0648457,0.3080157233,7.258974519,43.12512244,270.5464779,189.9787445,4.74865153,5.340161481,-89.31828305,6.082404137
1763934552425576000,23.7116,1.966969935,-1.588767759,-2.424558804,236.0648457,0.3080157233,7.258974519,43.12512244,270.5464779,189.9787445,4.74865153,5.340161481,-89.31828305,6.082404137
1763934552435627000,23.7216,0.2446877312,-2.285292519,-0.1016249757,236.0648457,0.3080157233,7.258974519,43.12512244,270.5464779,189.9787445,4.74865153,5.340161481,-89.31828305,6.082404137
1763934552445678000,23.7317,2.721367914,-1.038311367,-1.353328918,236.0648457,0.3080157233,7.258974519,43.12512244,270.5464779,189.9787445,4.74865153,5.340161481,-89.31828305,6.082404137
1763934552465781000,23.7518,3.485761218,-2.252630166,-2.623134919,236.0648457,0.3080157233,7.258974519,43.12512244,270.5464779,189.9787445,4.74865153,5.340161481,-89.31828305,6.082404137
1763934552475832000,23.7618,1.715121664,1.650210655,0.7335252872,236.0648457,0.3080157233,7.258974519,43.12512244,270.5464779,189.9787445,4.74865153,5.340161481,-89.31828305,6.082404137
1763934552485883000,23.7719,-0.2747241191,1.484431187,-0.09104922119,236.0648457,0.3080157233,7.258974519,43.12512244,270.5464779,189.9787445,4.74865153,5.340161481,-89.31828305,6.082404137
1763934552495935000,23.7819,-1.157766014,-0.741137808,2.357509468,236.0648457,0.3080157233,7.258974519,43.12512244,270.5464779,189.9787445,4.74865153,5.340161481,-89.31828305,6.082404137
1763934550505785000,21.7918,-0.2312379555,0.5802477195,-0.1408095697,236.1259404,0.308015727,7.258974519,43.12517993,270.6075726,191.9334259,4.74865153,6.730142943,-89.3182904,5.98064518
1763934550515836000,21.8018,0.5864216589,2.820678183,-0.6643459525,236.1259404,0.308015727,7.258974519,43.12517993,270.6075726,191.9334259,4.74865153,6.730142943,-89.3182904,5.98064518
1763934550525888000,21.8119,-0.5919592731,-0.5790751686,0.01711596997,236.1259404,0.308015727,7.258974519,43.12517993,270.6075726,191.9334259,4.74865153,6.730142943,-89.3182904,5.98064518
1763934550535939000,21.8219,0.01128244151,-2.517006202,-0.7581962026,236.1259404,0.308015727,7.258974519,43.12517993,270.6075726,191.9334259,4.74865153,6.730142943,-89.3182904,5.98064518
1763934550556041000,21.8420,1.082886349,2.146029009,0.5980734452,236.1259404,0.308015727,7.258974519,43.12517993,270.6075726,191.9334259,4.74865153,6.730142943,-89.3182904,5.98064518
1763934550566093000,21.8521,-0.2461222209,0.2347492516,0.5681050079,236.1259404,0.308015727,7.258974519,43.12517993,270.6075726,191.9334259,4.74865153,6.730142943,-89.3182904,5.98064518
1763934550576144000,21.8621,-1.431206523,-1.353739837,1.220731297,236.1259404,0.308015727,7.258974519,43.12517993,270.6075726,191.9334259,4.74865153,6.730142943,-89.3182904,5.98064518
1763934550586195000,21.8722,1.734352435,4.621850822,0.5263759902,236.1259404,0.308015727,7.258974519,43.12517993,270.6075726,191.9334259,4.74865153,6.730142943,-89.3182904,5.98064518
1763934550596246000,21.8822,2.588805364,2.179194928,-1.616368445,236.1259404,0.308015727,7.258974519,43.12517993,270.6075726,191.9334259,4.74865153,6.730142943,-89.3182904,5.98064518
1763934550606297900,21.8923,0.5009715729,0.4401571118,1.309501467,236.1259404,0.308015727,7.258974519,43.12517993,270.6075726,191.9334259,4.74865153,6.730142943,-89.3182904,5.98064518
1763934550616349000,21.9023,0.5502302554,-1.285431878,0.4043880254,236.1259404,0.308015727,7.258974519,43.12517993,270.6075726,191.9334259,4.74865153,6.730142943,-89.3182904,5.98064518
1763934550636451000,21.9225,1.016285998,0.2993108634,-1.817208412,236.1259404,0.308015727,7.258974519,43.12517993,270.6075726,191.9334259,4.74865153,6.730142943,-89.3182904,5.98064518
1763934550646503000,21.9325,-1.511352657,-0.09470613626,0.1771481265,236.1259404,0.308015727,7.258974519,43.12517993,270.6075726,191.9334259,4.74865153,6.730142943,-89.3182904,5.98064518
1763934550656554000,21.9426,-0.2777097839,1.823282179,-0.5266928011,236.1259404,0.308015727,7.258974519,43.12517993,270.6075726,191.9334259,4.74865153,6.730142943,-89.3182904,5.98064518
1763934550666605000,21.9526,-0.6097007911,1.271441347,-0.1494365282,236.1259404,0.308015727,7.258974519,43.12517993,270.6075726,191.9334259,4.74865153,6.730142943,-89.3182904,5.98064518
1763934550676656000,21.9627,-1.207732114,-0.2651201322,0.282252761,236.1259404,0.308015727,7.258974519,43.12517993,270.6075726,191.9334259,4.74865153,6.730142943,-89.3182904,5.98064518
1763934550686708000,21.9727,-0.3863970992,-1.79909291,-0.2636439222,236.1259404,0.308015727,7.258974519,43.12517993,270.6075726,191.9334259,4.74865153,6.730142943,-89.3182904,5.98064518
1763934550696759000,21.9828,-0.7473579977,2.416779403,0.3194710233,236.1259404,0.308015727,7.258974519,43.12517993,270.6075726,191.9334259,4.74865153,6.730142943,-89.3182904,5.98064518
1763934550716861000,22.0029,-2.739341962,2.491717155,0.6184703365,236.1259404,0.308015727,7.258974519,43.12517993,270.6075726,191.9334259,4.74865153,6.730142943,-89.3182904,5.98064518
1763934550726913000,22.0129,-1.351156396,-1.024726055,-0.1617833841,236.1259404,0.308015727,7.258974519,43.12517993,270.6075726,191.9334259,4.74865153,6.730142943,-89.3182904,5.98064518
1763934550736964000,22.0230,-1.503259367,-0.3828934019,4.134615002,236.1259404,0.308015727,7.258974519,43.12517993,270.6075726,191.9334259,4.74865153,6.730142943,-89.3182904,5.98064518
1763934550747015000,22.0330,0.280238389,-1.343840667,2.959573444,236.1259404,0.308015727,7.258974519,43.12517993,270.6075726,191.9334259,4.74865153,6.730142943,-89.3182904,5.98064518
1763934550757066000,22.0431,-1.093057103,-2.013203717,-0.09555471592,236.1259404,0.308015727,7.258974519,43.12517993,270.6075726,191.9334259,4.74865153,6.730142943,-89.3182904,5.98064518
1763934550767118000,22.0531,-1.784737052,-1.009151031,-1.142284367,236.1259404,0.308015727,7.258974519,43.12517993,270.6075726,191.9334259,4.74865153,6.730142943,-89.3182904,5.98064518
1763934550777169000,22.0632,0.8442132748,-1.181163256,-2.742679582,236.1259404,0.308015727,7.258974519,43.12517993,270.6075726,191.9334259,4.74865153,6.730142943,-89.3182904,5.98064518
1763934550797271000,22.0833,1.854569883,0.8706051688,0.8869318881,236.1259404,0.308015727,7.258974519,43.12517993,270.6075726,191.9334259,4.74865153,6.730142943,-89.3182904,5.98064518
1763934550807323000,22.0933,1.661803916,-0.4476083046,0.1209007541,236.1259404,0.308015727,7.258974519,43.12517993,270.6075726,191.9334259,4.74865153,6.730142943,-89.3182904,5.98064518
1763934550817374000,22.1034,0.3986333343,0.3488353572,1.442454478,236.1259404,0.308015727,7.258974519,43.12517993,270.6075726,191.9334259,4.74865153,6.730142943,-89.3182904,5.98064518
1763934550827425000,22.1134,1.385820736,-1.081934966,-0.1715723722,236.1259404,0.308015727,7.258974519,43.12517993,270.6075726,191.9334259,4.74865153,6.730142943,-89.3182904,5.98064518
1763934550837476900,22.1235,-0.7277402741,1.683180173,2.674423792,236.1259404,0.308015727,7.258974519,43.12517993,270.6075726,191.9334259,4.74865153,6.730142943,-89.3182904,5.98064518
1763934550847528000,22.1335,0.485676827,0.0547607871,-0.02547930917,236.1259404,0.308015727,7.258974519,43.12517993,270.6075726,191.9334259,4.74865153,6.730142943,-89.3182904,5.98064518
1763934550857579000,22.1436,-0.182730822,-1.680436574,-0.86539401,236.1259404,0.308015727,7.258974519,43.12517993,270.6075726,191.9334259,4.74865153,6.730142943,-89.3182904,5.98064518
1763934550877682000,22.1637,1.674766273,2.888414626,-2.948959111,236.1259404,0.308015727,7.258974519,43.12517993,270.6075726,191.9334259,4.74865153,6.730142943,-89.3182904,5.98064518
1763934550887733000,22.1737,-0.7029074461,1.548425228,0.7649976993,236.1259404,0.308015727,7.258974519,43.12517993,270.6075726,191.9334259,4.74865153,6.730142943,-89.3182904,5.98064518
1763934550897784000,22.1838,-2.183447617,-0.3338745195,1.662174503,236.1259404,0.308015727,7.258974519,43.12517993,270.6075726,191.9334259,4.74865153,6.730142943,-89.3182904,5.98064518
1763934550907835000,22.1938,0.1599146676,0.7743370439,0.3154728936,236.1259404,0.308015727,7.258974519,43.12517993,270.6075726,191.9334259,4.74865153,6.730142943,-89.3182904,5.98064518
1763934550917887000,22.2039,-1.755969223,1.493454159,0.3950730845,236.1259404,0.308015727,7.258974519,43.12517993,270.6075726,191.9334259,4.74865153,6.730142943,-89.3182904,5.98064518
1763934550927938000,22.2139,-1.155301743,1.845278907,-1.321845985,236.1259404,0.308015727,7.258974519,43.12517993,270.6075726,191.9334259,4.74865153,6.730142943,-89.3182904,5.98064518
1763934550937989000,22.2240,-1.87207982,1.273435589,-0.5293325019,236.1259404,0.308015727,7.258974519,43.12517993,270.6075726,191.9334259,4.74865153,6.730142943,-89.3182904,5.98064518
1763934550958092000,22.2441,0.1383528242,0.3881942848,-2.431009588,236.1259404,0.308015727,7.258974519,43.12517993,270.6075726,191.9334259,4.74865153,6.730142943,-89.3182904,5.98064518
1763934550968143000,22.2541,-1.190415142,1.154936782,1.743074086,236.1259404,0.308015727,7.258974519,43.12517993,270.6075726,191.9334259,4.74865153,6.730142943,-89.3182904,5.98064518
1763934550978194000,22.2642,0.06947506623,0.1460369489,2.701837869,236.1259404,0.308015727,7.258974519,43.12517993,270.6075726,191.9334259,4.74865153,6.730142943,-89.3182904,5.98064518
1763934550988245000,22.2742,1.334893682,0.5856263438,1.541304144,236.1259404,0.308015727,7.258974519,43.12517993,270.6075726,191.9334259,4.74865153,6.730142943,-89.3182904,5.98064518
1763934550998297000,22.2843,-0.2105834362,-3.291995426,-1.197262743,236.1259404,0.308015727,7.258974519,43.12517993,270.6075726,191.9334259,4.74865153,6.730142943,-89.3182904,5.98064518
1763934551008348000,22.2943,-2.045622031,-1.684598954,-0.04669862281,236.1259404,0.308015727,7.258974519,43.12517993,270.6075726,191.9334259,4.74865153,6.730142943,-89.3182904,5.98064518
1763934551018399000,22.3044,0.9504349307,-1.746225828,-5.605968827,236.1259404,0.308015727,7.258974519,43.12517993,270.6075726,191.9334259,4.74865153,6.730142943,-89.3182904,5.98064518
1763934551038502000,22.3245,-0.6341524012,0.7871165921,2.669961552,236.1259404,0.308015727,7.258974519,43.12517993,270.6075726,191.9334259,4.74865153,6.730142943,-89.3182904,5.98064518
1763934551048553000,22.3346,2.525924837,-1.394526459,-0.5431237114,236.1259404,0.308015727,7.258974519,43.12517993,270.6075726,191.9334259,4.74865153,6.730142943,-89.3182904,5.98064518
1763934551058604000,22.3446,-0.09370127007,-1.889233784,-1.321792793,236.1259404,0.308015727,7.258974519,43.12517993,270.6075726,191.9334259,4.74865153,6.730142943,-89.3182904,5.98064518
1763934551068655900,22.3547,1.660786701,0.9832162335,-2.346444468,236.1259404,0.308015727,7.258974519,43.12517993,270.6075726,191.9334259,4.74865153,6.730142943,-89.3182904,5.98064518
1763934551078707000,22.3647,1.623705948,-0.1180563245,-3.474670499,236.1259404,0.308015727,7.258974519,43.12517993,270.6075726,191.9334259,4.74865153,6.730142943,-89.3182904,5.98064518
1763934551088758000,22.3748,0.2593767662,-3.33047684,-2.045409265,236.1259404,0.308015727,7.258974519,43.12517993,270.6075726,191.9334259,4.74865153,6.730142943,-89.3182904,5.98064518
1763934551098809000,22.3848,-0.7430279326,1.316902537,-0.2656681215,236.1259404,0.308015727,7.258974519,43.12517993,270.6075726,191.9334259,4.74865153,6.730142943,-89.3182904,5.98064518
1763934551108861000,22.3949,1.921139912,1.273661215,-5.389536738,236.1259404,0.308015727,7.258974519,43.12517993,270.6075726,191.9334259,4.74865153,6.730142943,-89.3182904,5.98064518
1763934551118912000,22.4049,0.3559479657,5.288993712,2.526249247,236.1259404,0.308015727,7.258974519,43.12517993,270.6075726,191.9334259,4.74865153,6.730142943,-89.3182904,5.98064518
1763934551128963000,22.4150,-3.782428289,9.690496733,17.46516803,236.1259404,0.308015727,7.258974519,43.12517993,270.6075726,191.9334259,4.74865153,6.730142943,-89.3182904,5.98064518
1763934551139014000,22.4250,2.385237432,-0.2553912037,13.3715625,236.1259404,0.308015727,7.258974519,43.12517993,270.6075726,191.9334259,4.74865153,6.730142943,-89.3182904,5.98064518
1763934551149066000,22.4351,3.507771974,-7.342038002,2.667370951,236.1259404,0.308015727,7.258974519,43.12517993,270.6075726,191.9334259,4.74865153,6.730142943,-89.3182904,5.98064518
1763934551159117000,22.4451,2.578206813,-4.906286188,-3.562416003,236.1259404,0.308015727,7.258974519,43.12517993,270.6075726,191.9334259,4.74865153,6.730142943,-89.3182904,5.98064518
1763934551169168000,22.4552,1.489755743,-3.245372207,-8.679576061,236.1259404,0.308015727,7.258974519,43.12517993,270.6075726,191.9334259,4.74865153,6.730142943,-89.3182904,5.98064518
1763934551179219000,22.4652,-4.241218351,-0.4057349099,-8.418641398,236.1259404,0.308015727,7.258974519,43.12517993,270.6075726,191.9334259,4.74865153,6.730142943,-89.3182904,5.98064518
1763934551189271000,22.4753,-4.560844272,-0.05150324661,-2.613175835,236.1259404,0.308015727,7.258974519,43.12517993,270.6075726,191.9334259,4.74865153,6.730142943,-89.3182904,5.98064518
1763934551199322000,22.4853,-3.492976556,2.628864987,4.328364135,236.1259404,0.308015727,7.258974519,43.12517993,270.6075726,191.9334259,4.74865153,6.730142943,-89.3182904,5.98064518
1763934551209373000,22.4954,2.830044562,2.462586045,5.727064227,236.1259404,0.308015727,7.258974519,43.12517993,270.6075726,191.9334259,4.74865153,6.730142943,-89.3182904,5.98064518
1763934551219424000,22.5054,2.612147661,-0.6111996149,1.441484756,236.1259404,0.308015727,7.258974519,43.12517993,270.6075726,191.9334259,4.74865153,6.730142943,-89.3182904,5.98064518
1763934551229476000,22.5155,0.5688882672,1.964272074,-2.234777991,236.1259404,0.308015727,7.258974519,43.12517993,270.6075726,191.9334259,4.74865153,6.730142943,-89.3182904,5.98064518
1763934551239527000,22.5255,-0.4979612852,1.719354187,-5.95742898,236.1259404,0.308015727,7.258974519,43.12517993,270.6075726,191.9334259,4.74865153,6.730142943,-89.3182904,5.98064518
1763934551249578000,22.5356,-2.149652899,4.578385774,-1.453659762,236.1259404,0.308015727,7.258974519,43.12517993,270.6075726,191.9334259,4.74865153,6.730142943,-89.3182904,5.98064518
1763934551259629000,22.5456,0.04642966968,1.970716866,-1.040714921,236.1259404,0.308015727,7.258974519,43.12517993,270.6075726,191.9334259,4.74865153,6.730142943,-89.3182904,5.98064518
1763934551269681000,22.5557,0.6487457209,0.02403349428,2.028127291,236.1259404,0.308015727,7.258974519,43.12517993,270.6075726,191.9334259,4.74865153,6.730142943,-89.3182904,5.98064518
1763934551279732000,22.5657,0.2164355963,-1.71454971,-0.209633515,236.1259404,0.308015727,7.258974519,43.12517993,270.6075726,191.9334259,4.74865153,6.730142943,-89.3182904,5.98064518
1763934551289783000,22.5758,0.5283833114,-3.891926774,-0.4990905084,236.1259404,0.308015727,7.258974519,43.12517993,270.6075726,191.9334259,4.74865153,6.730142943,-89.3182904,5.98064518
1763934551299835000,22.5858,-1.526611017,-9.978541521,5.622078835,236.1259404,0.308015727,7.258974519,43.12517993,270.6075726,191.9334259,4.74865153,6.730142943,-89.3182904,5.98064518
1763934551309886000,22.5959,0.1261093556,-4.193776216,5.263852841,236.1259404,0.308015727,7.258974519,43.12517993,270.6075726,191.9334259,4.74865153,6.730142943,-89.3182904,5.98064518
1763934551319937000,22.6059,8.07525057,7.316368139,-2.41902046,236.1259404,0.308015727,7.258974519,43.12517993,270.6075726,191.9334259,4.74865153,6.730142943,-89.3182904,5.98064518
1763934551329988000,22.6160,2.575205878,6.678520317,-6.451321919,236.1259404,0.308015727,7.258974519,43.12517993,270.6075726,191.9334259,4.74865153,6.730142943,-89.3182904,5.98064518
1763934551350091000,22.6361,-4.365597595,5.037926947,0.2493301501,236.1259404,0.308015727,7.258974519,43.12517993,270.6075726,191.9334259,4.74865153,6.730142943,-89.3182904,5.98064518
1763934551360142000,22.6461,-0.8036615573,2.455853522,2.13471778,236.1259404,0.308015727,7.258974519,43.12517993,270.6075726,191.9334259,4.74865153,6.730142943,-89.3182904,5.98064518
1763934551370193000,22.6562,1.713710629,-3.570554301,2.168473919,236.1259404,0.308015727,7.258974519,43.12517993,270.6075726,191.9334259,4.74865153,6.730142943,-89.3182904,5.98064518
1763934551380245000,22.6662,-1.241869362,-5.224752418,6.044238079,236.1259404,0.308015727,7.258974519,43.12517993,270.6075726,191.9334259,4.74865153,6.730142943,-89.3182904,5.98064518
1763934551390296000,22.6763,-0.431414564,1.03929541,-0.7526227864,236.1259404,0.308015727,7.258974519,43.12517993,270.6075726,191.9334259,4.74865153,6.730142943,-89.3182904,5.98064518
1763934551400347000,22.6863,1.430140355,1.5342684,-7.198084289,236.1259404,0.308015727,7.258974519,43.12517993,270.6075726,191.9334259,4.74865153,6.730142943,-89.3182904,5.98064518
1763934551410398000,22.6964,-1.731601675,-0.5126547772,-4.331836195,236.1259404,0.308015727,7.258974519,43.12517993,270.6075726,191.9334259,4.74865153,6.730142943,-89.3182904,5.98064518
1763934551430500900,22.7165,2.560745975,2.20869414,6.50241264,236.1259404,0.308015727,7.258974519,43.12517993,270.6075726,191.9334259,4.74865153,6.730142943,-89.3182904,5.98064518
1763934551440552000,22.7266,2.169146704,-4.040156849,2.336548513,236.1259404,0.308015727,7.258974519,43.12517993,270.6075726,191.9334259,4.74865153,6.730142943,-89.3182904,5.98064518
1763934551450603000,22.7366,-1.640720211,-1.955339411,-0.7888111211,236.1259404,0.308015727,7.258974519,43.12517993,270.6075726,191.9334259,4.74865153,6.730142943,-89.3182904,5.98064518
1763934551460654800,22.7467,-3.989512704,3.624589843,-2.928458174,236.1259404,0.308015727,7.258974519,43.12517993,270.6075726,191.9334259,4.74865153,6.730142943,-89.3182904,5.98064518
1763934551470706000,22.7567,-2.102498349,-0.7781943039,-5.310222962,236.1259404,0.308015727,7.258974519,43.12517993,270.6075726,191.9334259,4.74865153,6.730142943,-89.3182904,5.98064518
1763934551480757000,22.7668,-2.814761653,-2.052034529,0.1687801111,236.1259404,0.308015727,7.258974519,43.12517993,270.6075726,191.9334259,4.74865153,6.730142943,-89.3182904,5.98064518
1763934551490808000,22.7768,0.04278239922,2.600855867,3.745152159,236.1259404,0.308015727,7.258974519,43.12517993,270.6075726,191.9334259,4.74865153,6.730142943,-89.3182904,5.98064518
1763934549008148500,20.2941,2.371618072,3.535377189,-0.8422767538,236.1871937,0.308015722,7.258974519,43.12523285,270.6688259,193.5662654,4.74865153,5.41786039,-89.31827314,5.904175758
1763934549018199600,20.3042,-0.1679868419,-0.5346805849,-0.5216285034,236.1871937,0.308015722,7.258974519,43.12523285,270.6688259,193.5662654,4.74865153,5.41786039,-89.31827314,5.904175758
1763934549028250400,20.3143,0.04609773431,-1.110343022,0.5191057069,236.1871937,0.308015722,7.258974519,43.12523285,270.6688259,193.5662654,4.74865153,5.41786039,-89.31827314,5.904175758
1763934549038302500,20.3243,2.386474281,4.440163299,-0.5905728603,236.1871937,0.308015722,7.258974519,43.12523285,270.6688259,193.5662654,4.74865153,5.41786039,-89.31827314,5.904175758
1763934549048353500,20.3344,1.964962687,2.481260643,-2.48576,236.1871937,0.308015722,7.258974519,43.12523285,270.6688259,193.5662654,4.74865153,5.41786039,-89.31827314,5.904175758
1763934549058404400,20.3444,-0.9249813405,0.1416359375,1.648499613,236.1871937,0.308015722,7.258974519,43.12523285,270.6688259,193.5662654,4.74865153,5.41786039,-89.31827314,5.904175758
1763934549068455400,20.3545,-0.6605495559,-4.717917579,1.628063559,236.1871937,0.308015722,7.258974519,43.12523285,270.6688259,193.5662654,4.74865153,5.41786039,-89.31827314,5.904175758
1763934549078507500,20.3645,0.3273591097,-4.226873015,5.615370861,236.1871937,0.308015722,7.258974519,43.12523285,270.6688259,193.5662654,4.74865153,5.41786039,-89.31827314,5.904175758
1763934549088558300,20.3746,3.139672821,3.214999865,1.491888663,236.1871937,0.308015722,7.258974519,43.12523285,270.6688259,193.5662654,4.74865153,5.41786039,-89.31827314,5.904175758
1763934549098609400,20.3846,4.319980337,5.207571566,-5.305014288,236.1871937,0.308015722,7.258974519,43.12523285,270.6688259,193.5662654,4.74865153,5.41786039,-89.31827314,5.904175758
1763934549108660200,20.3947,-3.053273472,4.879065003,-4.605031205,236.1871937,0.308015722,7.258974519,43.12523285,270.6688259,193.5662654,4.74865153,5.41786039,-89.31827314,5.904175758
1763934549118712000,20.4047,-4.714208788,4.303609633,1.112586564,236.1871937,0.308015722,7.258974519,43.12523285,270.6688259,193.5662654,4.74865153,5.41786039,-89.31827314,5.904175758
1763934549128763100,20.4148,-0.3632921545,0.4073457061,2.026026519,236.1871937,0.308015722,7.258974519,43.12523285,270.6688259,193.5662654,4.74865153,5.41786039,-89.31827314,5.904175758
1763934549138814200,20.4248,1.573092198,-2.171034564,1.394893685,236.1871937,0.308015722,7.258974519,43.12523285,270.6688259,193.5662654,4.74865153,5.41786039,-89.31827314,5.904175758
1763934549148865300,20.4349,-0.3822750508,-0.6911104792,2.244570486,236.1871937,0.308015722,7.258974519,43.12523285,270.6688259,193.5662654,4.74865153,5.41786039,-89.31827314,5.904175758
1763934549158917000,20.4449,1.540111134,1.219730887,-0.8218909684,236.1871937,0.308015722,7.258974519,43.12523285,270.6688259,193.5662654,4.74865153,5.41786039,-89.31827314,5.904175758
1763934549168968200,20.4550,0.314216683,0.2974022533,-1.109711885,236.1871937,0.308015722,7.258974519,43.12523285,270.6688259,193.5662654,4.74865153,5.41786039,-89.31827314,5.904175758
1763934549179019300,20.4650,-0.6739899792,1.079968927,-1.945757635,236.1871937,0.308015722,7.258974519,43.12523285,270.6688259,193.5662654,4.74865153,5.41786039,-89.31827314,5.904175758
1763934549189070300,20.4751,0.2371511251,-0.1552557359,-3.186151079,236.1871937,0.308015722,7.258974519,43.12523285,270.6688259,193.5662654,4.74865153,5.41786039,-89.31827314,5.904175758
1763934549199122200,20.4851,0.7122622075,1.481628989,2.050643074,236.1871937,0.308015722,7.258974519,43.12523285,270.6688259,193.5662654,4.74865153,5.41786039,-89.31827314,5.904175758
1763934549209173200,20.4952,1.279881989,-2.202290118,0.6275789411,236.1871937,0.308015722,7.258974519,43.12523285,270.6688259,193.5662654,4.74865153,5.41786039,-89.31827314,5.904175758
1763934549219224300,20.5052,-0.9868296017,1.022270041,1.607934378,236.1871937,0.308015722,7.258974519,43.12523285,270.6688259,193.5662654,4.74865153,5.41786039,-89.31827314,5.904175758
1763934549229275100,20.5153,-2.508032622,-1.256327803,-4.296543932,236.1871937,0.308015722,7.258974519,43.12523285,270.6688259,193.5662654,4.74865153,5.41786039,-89.31827314,5.904175758
1763934549239327200,20.5253,-3.493503795,2.824319755,-0.19050036,236.1871937,0.308015722,7.258974519,43.12523285,270.6688259,193.5662654,4.74865153,5.41786039,-89.31827314,5.904175758
1763934549249378300,20.5354,-1.809867987,0.2097511501,1.677376163,236.1871937,0.308015722,7.258974519,43.12523285,270.6688259,193.5662654,4.74865153,5.41786039,-89.31827314,5.904175758
1763934549259429000,20.5454,-0.5679716638,-2.020297182,4.035669475,236.1871937,0.308015722,7.258974519,43.12523285,270.6688259,193.5662654,4.74865153,5.41786039,-89.31827314,5.904175758
1763934549269480200,20.5555,0.1010053095,-2.940997338,-1.00675303,236.1871937,0.308015722,7.258974519,43.12523285,270.6688259,193.5662654,4.74865153,5.41786039,-89.31827314,5.904175758
1763934549279532300,20.5655,-1.167388413,0.3859058816,-2.917161704,236.1871937,0.308015722,7.258974519,43.12523285,270.6688259,193.5662654,4.74865153,5.41786039,-89.31827314,5.904175758
1763934549289583000,20.5756,-2.082197904,-0.3503491228,-1.239524844,236.1871937,0.308015722,7.258974519,43.12523285,270.6688259,193.5662654,4.74865153,5.41786039,-89.31827314,5.904175758
1763934549299634200,20.5856,1.952949593,-1.175553015,2.003306738,236.1871937,0.308015722,7.258974519,43.12523285,270.6688259,193.5662654,4.74865153,5.41786039,-89.31827314,5.904175758
1763934549309685200,20.5957,4.848080667,-0.791783561,0.0006564180821,236.1871937,0.308015722,7.258974519,43.12523285,270.6688259,193.5662654,4.74865153,5.41786039,-89.31827314,5.904175758
1763934549319737000,20.6057,2.625945885,0.2316286354,0.8536912973,236.1871937,0.308015722,7.258974519,43.12523285,270.6688259,193.5662654,4.74865153,5.41786039,-89.31827314,5.904175758
1763934549329788200,20.6158,-0.6229670634,-0.9199847013,-0.7248790394,236.1871937,0.308015722,7.258974519,43.12523285,270.6688259,193.5662654,4.74865153,5.41786039,-89.31827314,5.904175758
1763934549339839200,20.6258,-0.1894504856,-0.1710615001,-1.883808837,236.1871937,0.308015722,7.258974519,43.12523285,270.6688259,193.5662654,4.74865153,5.41786039,-89.31827314,5.904175758
1763934549349890300,20.6359,-1.079896008,-1.640664243,-1.724325546,236.1871937,0.308015722,7.258974519,43.12523285,270.6688259,193.5662654,4.74865153,5.41786039,-89.31827314,5.904175758
1763934549359942100,20.6459,-0.04619600705,-0.7220980304,-5.123548298,236.1871937,0.308015722,7.258974519,43.12523285,270.6688259,193.5662654,4.74865153,5.41786039,-89.31827314,5.904175758
1763934549369993200,20.6560,0.6637268708,3.062395813,-3.634393444,236.1871937,0.308015722,7.258974519,43.12523285,270.6688259,193.5662654,4.74865153,5.41786039,-89.31827314,5.904175758
1763934549380044300,20.6660,-2.585772864,4.486265125,5.878463579,236.1871937,0.308015722,7.258974519,43.12523285,270.6688259,193.5662654,4.74865153,5.41786039,-89.31827314,5.904175758
1763934549390095400,20.6761,0.3022164851,4.721946689,10.7833627,236.1871937,0.308015722,7.258974519,43.12523285,270.6688259,193.5662654,4.74865153,5.41786039,-89.31827314,5.904175758
1763934549400147200,20.6861,2.939529019,0.8058090176,11.59750817,236.1871937,0.308015722,7.258974519,43.12523285,270.6688259,193.5662654,4.74865153,5.41786039,-89.31827314,5.904175758
1763934549410198300,20.6962,0.9109048844,-3.440639635,5.745296633,236.1871937,0.308015722,7.258974519,43.12523285,270.6688259,193.5662654,4.74865153,5.41786039,-89.31827314,5.904175758
1763934549420249300,20.7062,1.39343355,-5.879463696,-2.905430935,236.1871937,0.308015722,7.258974519,43.12523285,270.6688259,193.5662654,4.74865153,5.41786039,-89.31827314,5.904175758
1763934549430300200,20.7163,-2.096886939,-4.680263848,-6.397540645,236.1871937,0.308015722,7.258974519,43.12523285,270.6688259,193.5662654,4.74865153,5.41786039,-89.31827314,5.904175758
1763934549440352300,20.7264,-1.721849511,3.211714267,-6.473637796,236.1871937,0.308015722,7.258974519,43.12523285,270.6688259,193.5662654,4.74865153,5.41786039,-89.31827314,5.904175758
1763934549450403300,20.7364,-0.4588076344,2.573853294,-5.850932598,236.1871937,0.308015722,7.258974519,43.12523285,270.6688259,193.5662654,4.74865153,5.41786039,-89.31827314,5.904175758
1763934549460454100,20.7465,-0.8875475358,0.4067310814,0.842789964,236.1871937,0.308015722,7.258974519,43.12523285,270.6688259,193.5662654,4.74865153,5.41786039,-89.31827314,5.904175758
1763934549470505200,20.7565,-0.4875778018,3.591016075,3.275149798,236.1871937,0.308015722,7.258974519,43.12523285,270.6688259,193.5662654,4.74865153,5.41786039,-89.31827314,5.904175758
1763934549480557300,20.7666,1.405017604,3.853118612,-1.234100481,236.1871937,0.308015722,7.258974519,43.12523285,270.6688259,193.5662654,4.74865153,5.41786039,-89.31827314,5.904175758
1763934549490608000,20.7766,-3.109644763,1.801350041,-1.690758792,236.1871937,0.308015722,7.258974519,43.12523285,270.6688259,193.5662654,4.74865153,5.41786039,-89.31827314,5.904175758
1763934549500659200,20.7867,-3.367579075,1.195397095,-0.02379822422,236.1871937,0.308015722,7.258974519,43.12523285,270.6688259,193.5662654,4.74865153,5.41786039,-89.31827314,5.904175758
1763934549510711300,20.7967,-1.117982285,2.468958503,1.689751661,236.1871937,0.308015722,7.258974519,43.12523285,270.6688259,193.5662654,4.74865153,5.41786039,-89.31827314,5.904175758
1763934549520762000,20.8068,1.177669057,-0.9664714349,-0.05471650957,236.1871937,0.308015722,7.258974519,43.12523285,270.6688259,193.5662654,4.74865153,5.41786039,-89.31827314,5.904175758
1763934549530813200,20.8168,-1.892262192,-0.1858851213,0.6121306121,236.1871937,0.308015722,7.258974519,43.12523285,270.6688259,193.5662654,4.74865153,5.41786039,-89.31827314,5.904175758
1763934549540864300,20.8269,-0.4256136957,-1.667586152,-2.425256139,236.1871937,0.308015722,7.258974519,43.12523285,270.6688259,193.5662654,4.74865153,5.41786039,-89.31827314,5.904175758
1763934549550916000,20.8369,0.6165676447,-5.855588315,-3.225975725,236.1871937,0.308015722,7.258974519,43.12523285,270.6688259,193.5662654,4.74865153,5.41786039,-89.31827314,5.904175758
1763934549560967200,20.8470,0.6322679027,-7.35955963,0.7339432203,236.1871937,0.308015722,7.258974519,43.12523285,270.6688259,193.5662654,4.74865153,5.41786039,-89.31827314,5.904175758
1763934549571018200,20.8570,1.135898977,-2.677268076,2.837594247,236.1871937,0.308015722,7.258974519,43.12523285,270.6688259,193.5662654,4.74865153,5.41786039,-89.31827314,5.904175758
1763934549581069300,20.8671,1.582329981,4.158177664,0.5444049834,236.1871937,0.308015722,7.258974519,43.12523285,270.6688259,193.5662654,4.74865153,5.41786039,-89.31827314,5.904175758
1763934549591121200,20.8771,1.965395233,7.419072142,-0.8931494474,236.1871937,0.308015722,7.258974519,43.12523285,270.6688259,193.5662654,4.74865153,5.41786039,-89.31827314,5.904175758
1763934549601172200,20.8872,-1.092116023,2.843506101,-2.849042692,236.1871937,0.308015722,7.258974519,43.12523285,270.6688259,193.5662654,4.74865153,5.41786039,-89.31827314,5.904175758
1763934549611223300,20.8972,-2.110136881,-0.1180842354,2.148859118,236.1871937,0.308015722,7.258974519,43.12523285,270.6688259,193.5662654,4.74865153,5.41786039,-89.31827314,5.904175758
1763934549621274000,20.9073,0.2219394544,-2.439277358,0.9926526087,236.1871937,0.308015722,7.258974519,43.12523285,270.6688259,193.5662654,4.74865153,5.41786039,-89.31827314,5.904175758
1763934549631326200,20.9173,2.833172923,-1.211616408,-0.2193295641,236.1871937,0.308015722,7.258974519,43.12523285,270.6688259,193.5662654,4.74865153,5.41786039,-89.31827314,5.904175758
1763934549641377300,20.9274,1.586367859,-0.0120117787,-1.136274898,236.1871937,0.308015722,7.258974519,43.12523285,270.6688259,193.5662654,4.74865153,5.41786039,-89.31827314,5.904175758
1763934549651428000,20.9374,-2.099983736,1.697099247,0.9517372455,236.1871937,0.308015722,7.258974519,43.12523285,270.6688259,193.5662654,4.74865153,5.41786039,-89.31827314,5.904175758
1763934549661479200,20.9475,-0.5674141761,1.834004795,0.6740677206,236.1871937,0.308015722,7.258974519,43.12523285,270.6688259,193.5662654,4.74865153,5.41786039,-89.31827314,5.904175758
1763934549671531300,20.9575,-0.8514579122,-0.5468110216,1.166696339,236.1871937,0.308015722,7.258974519,43.12523285,270.6688259,193.5662654,4.74865153,5.41786039,-89.31827314,5.904175758
1763934549681582300,20.9676,-1.811169132,2.428492491,4.140335133,236.1871937,0.308015722,7.258974519,43.12523285,270.6688259,193.5662654,4.74865153,5.41786039,-89.31827314,5.904175758
1763934549691633200,20.9776,1.061429792,0.4722312892,-1.065097667,236.1871937,0.308015722,7.258974519,43.12523285,270.6688259,193.5662654,4.74865153,5.41786039,-89.31827314,5.904175758
1763934549701684200,20.9877,0.1858908935,-1.185271568,-1.096587615,236.1871937,0.308015722,7.258974519,43.12523285,270.6688259,193.5662654,4.74865153,5.41786039,-89.31827314,5.904175758
1763934549711736300,20.9977,-1.150361218,1.829499593,1.315308692,236.1871937,0.308015722,7.258974519,43.12523285,270.6688259,193.5662654,4.74865153,5.41786039,-89.31827314,5.904175758
1763934549721787100,21.0078,0.8863281501,1.061348398,-1.711788136,236.1871937,0.308015722,7.258974519,43.12523285,270.6688259,193.5662654,4.74865153,5.41786039,-89.31827314,5.904175758
1763934549731838200,21.0178,0.8678688757,-0.3981711967,0.2929629556,236.1871937,0.308015722,7.258974519,43.12523285,270.6688259,193.5662654,4.74865153,5.41786039,-89.31827314,5.904175758
1763934549741889300,21.0279,-1.569030939,-0.7278618546,1.363636377,236.1871937,0.308015722,7.258974519,43.12523285,270.6688259,193.5662654,4.74865153,5.41786039,-89.31827314,5.904175758
1763934549751941000,21.0379,0.8088250775,-1.731090949,-1.758319586,236.1871937,0.308015722,7.258974519,43.12523285,270.6688259,193.5662654,4.74865153,5.41786039,-89.31827314,5.904175758
1763934549761992200,21.0480,0.3184065359,0.6506460746,-0.1426128197,236.1871937,0.308015722,7.258974519,43.12523285,270.6688259,193.5662654,4.74865153,5.41786039,-89.31827314,5.904175758
1763934549772043300,21.0580,-1.477548588,-0.3434846439,0.07572597985,236.1871937,0.308015722,7.258974519,43.12523285,270.6688259,193.5662654,4.74865153,5.41786039,-89.31827314,5.904175758
1763934549782094300,21.0681,-0.23039281,-0.1828527679,-2.428981297,236.1871937,0.308015722,7.258974519,43.12523285,270.6688259,193.5662654,4.74865153,5.41786039,-89.31827314,5.904175758
1763934549792146200,21.0781,-0.9959106607,0.8564875039,-1.153784251,236.1871937,0.308015722,7.258974519,43.12523285,270.6688259,193.5662654,4.74865153,5.41786039,-89.31827314,5.904175758
1763934549802197200,21.0882,-0.5913876838,-0.226085322,-0.4487912307,236.1871937,0.308015722,7.258974519,43.12523285,270.6688259,193.5662654,4.74865153,5.41786039,-89.31827314,5.904175758
1763934549812248300,21.0982,1.794320873,0.6449750432,-0.4333890789,236.1871937,0.308015722,7.258974519,43.12523285,270.6688259,193.5662654,4.74865153,5.41786039,-89.31827314,5.904175758
1763934549822299100,21.1083,1.403848561,2.228645041,0.637255701,236.1871937,0.308015722,7.258974519,43.12523285,270.6688259,193.5662654,4.74865153,5.41786039,-89.31827314,5.904175758
1763934549832351200,21.1184,0.6467850883,1.030032784,1.834496816,236.1871937,0.308015722,7.258974519,43.12523285,270.6688259,193.5662654,4.74865153,5.41786039,-89.31827314,5.904175758
1763934549842402300,21.1284,0.2522247025,0.2090638985,0.9921680401,236.1871937,0.308015722,7.258974519,43.12523285,270.6688259,193.5662654,4.74865153,5.41786039,-89.31827314,5.904175758
1763934549852453000,21.1385,-0.8068821998,-1.683230442,0.6914777051,236.1871937,0.308015722,7.258974519,43.12523285,270.6688259,193.5662654,4.74865153,5.41786039,-89.31827314,5.904175758
1763934549862504200,21.1485,0.8497942168,-0.2770835417,-0.6952490403,236.1871937,0.308015722,7.258974519,43.12523285,270.6688259,193.5662654,4.74865153,5.41786039,-89.31827314,5.904175758
1763934549872556300,21.1586,2.068310833,1.257995005,-1.510996099,236.1871937,0.308015722,7.258974519,43.12523285,270.6688259,193.5662654,4.74865153,5.41786039,-89.31827314,5.904175758
1763934549882607000,21.1686,0.4745124589,-1.224572774,-1.661089045,236.1871937,0.308015722,7.258974519,43.12523285,270.6688259,193.5662654,4.74865153,5.41786039,-89.31827314,5.904175758
1763934549892658200,21.1787,-0.5777052685,1.475250832,1.58669636,236.1871937,0.308015722,7.258974519,43.12523285,270.6688259,193.5662654,4.74865153,5.41786039,-89.31827314,5.904175758
1763934549902710300,21.1887,1.930950527,1.779323211,-0.8380944997,236.1871937,0.308015722,7.258974519,43.12523285,270.6688259,193.5662654,4.74865153,5.41786039,-89.31827314,5.904175758
1763934549912761000,21.1988,0.5155774597,-1.214145927,-0.8054811009,236.1871937,0.308015722,7.258974519,43.12523285,270.6688259,193.5662654,4.74865153,5.41786039,-89.31827314,5.904175758
1763934549922812200,21.2088,-0.483726935,1.917451286,3.148878456,236.1871937,0.308015722,7.258974519,43.12523285,270.6688259,193.5662654,4.74865153,5.41786039,-89.31827314,5.904175758
1763934549932863200,21.2189,0.4574678737,2.004731656,2.036182587,236.1871937,0.308015722,7.258974519,43.12523285,270.6688259,193.5662654,4.74865153,5.41786039,-89.31827314,5.904175758
1763934549942915300,21.2289,-0.02834704663,-2.734149654,0.06035539224,236.1871937,0.308015722,7.258974519,43.12523285,270.6688259,193.5662654,4.74865153,5.41786039,-89.31827314,5.904175758
1763934549952966100,21.2390,-3.565606908,-0.7950697431,0.7891320236,236.1871937,0.308015722,7.258974519,43.12523285,270.6688259,193.5662654,4.74865153,5.41786039,-89.31827314,5.904175758
1763934549963017200,21.2490,-0.2306827328,1.357149938,-2.821063968,236.1871937,0.308015722,7.258974519,43.12523285,270.6688259,193.5662654,4.74865153,5.41786039,-89.31827314,5.904175758
1763934549973068300,21.2591,-3.397722869,2.374522416,-0.8282949902,236.1871937,0.308015722,7.258974519,43.12523285,270.6688259,193.5662654,4.74865153,5.41786039,-89.31827314,5.904175758
1763934549983120100,21.2691,-1.775910772,-1.918681705,-0.6905167511,236.1871937,0.308015722,7.258974519,43.12523285,270.6688259,193.5662654,4.74865153,5.41786039,-89.31827314,5.904175758
1763934549993171200,21.2792,0.4904138654,-2.174334628,-1.470549522,236.1871937,0.308015722,7.258974519,43.12523285,270.6688259,193.5662654,4.74865153,5.41786039,-89.31827314,5.904175758
1763934550003222300,21.2892,1.152192013,1.834823272,-0.6394447355,236.1871937,0.308015722,7.258974519,43.12523285,270.6688259,193.5662654,4.74865153,5.41786039,-89.31827314,5.904175758
1763934550013273300,21.2993,-0.8964168517,4.636591003,1.52797646,236.1871937,0.308015722,7.258974519,43.12523285,270.6688259,193.5662654,4.74865153,5.41786039,-89.31827314,5.904175758
1763934550023325200,21.3093,0.4371756848,-2.406454554,-0.6585358049,236.1871937,0.308015722,7.258974519,43.12523285,270.6688259,193.5662654,4.74865153,5.41786039,-89.31827314,5.904175758
1763934550033376300,21.3194,0.1735830544,-1.012905269,3.744018771,236.1871937,0.308015722,7.258974519,43.12523285,270.6688259,193.5662654,4.74865153,5.41786039,-89.31827314,5.904175758
1763934550043427300,21.3294,2.906902176,0.9206870043,-2.097788272,236.1871937,0.308015722,7.258974519,43.12523285,270.6688259,193.5662654,4.74865153,5.41786039,-89.31827314,5.904175758
1763934550053478100,21.3395,2.751677712,-1.44894574,-4.333687376,236.1871937,0.308015722,7.258974519,43.12523285,270.6688259,193.5662654,4.74865153,5.41786039,-89.31827314,5.904175758
1763934550063530200,21.3495,-2.581485981,-1.082306722,0.5302484477,236.1871937,0.308015722,7.258974519,43.12523285,270.6688259,193.5662654,4.74865153,5.41786039,-89.31827314,5.904175758
1763934550073581300,21.3596,1.110054999,-1.019123413,-3.825008955,236.1871937,0.308015722,7.258974519,43.12523285,270.6688259,193.5662654,4.74865153,5.41786039,-89.31827314,5.904175758
1763934550083632000,21.3696,2.089413242,-1.610303738,-7.707145572,236.1871937,0.308015722,7.258974519,43.12523285,270.6688259,193.5662654,4.74865153,5.41786039,-89.31827314,5.904175758
1763934550093683200,21.3797,-2.291392443,1.674591793,-2.935050412,236.1871937,0.308015722,7.258974519,43.12523285,270.6688259,193.5662654,4.74865153,5.41786039,-89.31827314,5.904175758
1763934550103735300,21.3897,-3.691230014,9.529190903,17.35425851,236.1871937,0.308015722,7.258974519,43.12523285,270.6688259,193.5662654,4.74865153,5.41786039,-89.31827314,5.904175758
1763934550113785900,21.3998,1.456581787,5.279113538,22.38345211,236.1871937,0.308015722,7.258974519,43.12523285,270.6688259,193.5662654,4.74865153,5.41786039,-89.31827314,5.904175758
1763934550123837000,21.4098,6.864131736,-7.306794839,6.927862158,236.1871937,0.308015722,7.258974519,43.12523285,270.6688259,193.5662654,4.74865153,5.41786039,-89.31827314,5.904175758
1763934550133888000,21.4199,0.1523158831,-5.748918916,-1.124690843,236.1871937,0.308015722,7.258974519,43.12523285,270.6688259,193.5662654,4.74865153,5.41786039,-89.31827314,5.904175758
1763934550153991000,21.4400,-3.366254548,-4.151071047,-11.59368072,236.1871937,0.308015722,7.258974519,43.12523285,270.6688259,193.5662654,4.74865153,5.41786039,-89.31827314,5.904175758
1763934550164042000,21.4500,-5.102262349,-0.04905395377,-10.04854854,236.1871937,0.308015722,7.258974519,43.12523285,270.6688259,193.5662654,4.74865153,5.41786039,-89.31827314,5.904175758
1763934550174093000,21.4601,-0.3602198344,4.187184563,-3.513858601,236.1871937,0.308015722,7.258974519,43.12523285,270.6688259,193.5662654,4.74865153,5.41786039,-89.31827314,5.904175758
1763934550184145000,21.4701,2.118785467,3.447655067,1.892018446,236.1871937,0.308015722,7.258974519,43.12523285,270.6688259,193.5662654,4.74865153,5.41786039,-89.31827314,5.904175758
1763934550194196000,21.4802,-0.9783937817,3.081223555,7.075157582,236.1871937,0.308015722,7.258974519,43.12523285,270.6688259,193.5662654,4.74865153,5.41786039,-89.31827314,5.904175758
1763934550204247000,21.4902,-2.772575539,2.845839512,2.892179239,236.1871937,0.308015722,7.258974519,43.12523285,270.6688259,193.5662654,4.74865153,5.41786039,-89.31827314,5.904175758
1763934550214298000,21.5003,-3.529913663,0.9289876535,-4.911159931,236.1871937,0.308015722,7.258974519,43.12523285,270.6688259,193.5662654,4.74865153,5.41786039,-89.31827314,5.904175758
1763934550234401000,21.5204,-1.845230392,2.705001594,1.541487099,236.1871937,0.308015722,7.258974519,43.12523285,270.6688259,193.5662654,4.74865153,5.41786039,-89.31827314,5.904175758
1763934550244452000,21.5305,0.4582850353,0.1456969033,0.890066679,236.1871937,0.308015722,7.258974519,43.12523285,270.6688259,193.5662654,4.74865153,5.41786039,-89.31827314,5.904175758
1763934550254504000,21.5405,1.156972233,4.07484004,-3.155394122,236.1871937,0.308015722,7.258974519,43.12523285,270.6688259,193.5662654,4.74865153,5.41786039,-89.31827314,5.904175758
1763934550264555000,21.5506,-0.09196049082,-0.05146422978,-5.18015106,236.1871937,0.308015722,7.258974519,43.12523285,270.6688259,193.5662654,4.74865153,5.41786039,-89.31827314,5.904175758
1763934550274606000,21.5606,-4.161699993,-9.074923287,1.064989531,236.1871937,0.308015722,7.258974519,43.12523285,270.6688259,193.5662654,4.74865153,5.41786039,-89.31827314,5.904175758
1763934550284657000,21.5707,-4.727925178,-14.66945945,10.74540385,236.1871937,0.308015722,7.258974519,43.12523285,270.6688259,193.5662654,4.74865153,5.41786039,-89.31827314,5.904175758
1763934550294709000,21.5807,7.073521505,3.577361059,6.968230408,236.1871937,0.308015722,7.258974519,43.12523285,270.6688259,193.5662654,4.74865153,5.41786039,-89.31827314,5.904175758
1763934550314811000,21.6008,3.032522945,5.766310195,-6.534401769,236.1871937,0.308015722,7.258974519,43.12523285,270.6688259,193.5662654,4.74865153,5.41786039,-89.31827314,5.904175758
1763934550324862000,21.6109,-4.950587102,1.686818092,-0.6364525679,236.1871937,0.308015722,7.258974519,43.12523285,270.6688259,193.5662654,4.74865153,5.41786039,-89.31827314,5.904175758
1763934550334914000,21.6209,-2.031206552,0.09502966913,0.5338385812,236.1871937,0.308015722,7.258974519,43.12523285,270.6688259,193.5662654,4.74865153,5.41786039,-89.31827314,5.904175758
1763934550344964900,21.6310,-0.7420739198,-4.241371203,-0.3018722383,236.1871937,0.308015722,7.258974519,43.12523285,270.6688259,193.5662654,4.74865153,5.41786039,-89.31827314,5.904175758
1763934550355016000,21.6410,2.736429874,-5.330350974,0.4484416866,236.1871937,0.308015722,7.258974519,43.12523285,270.6688259,193.5662654,4.74865153,5.41786039,-89.31827314,5.904175758
1763934550365067000,21.6511,2.374333615,4.294022889,0.61067223,236.1871937,0.308015722,7.258974519,43.12523285,270.6688259,193.5662654,4.74865153,5.41786039,-89.31827314,5.904175758
1763934550375118800,21.6611,1.386773507,3.004666969,1.479568695,236.1871937,0.308015722,7.258974519,43.12523285,270.6688259,193.5662654,4.74865153,5.41786039,-89.31827314,5.904175758
1763934550395221000,21.6812,-1.884152535,3.137253485,2.371554944,236.1871937,0.308015722,7.258974519,43.12523285,270.6688259,193.5662654,4.74865153,5.41786039,-89.31827314,5.904175758
1763934550405272000,21.6913,3.011840222,0.8162528164,-3.793438343,236.1871937,0.308015722,7.258974519,43.12523285,270.6688259,193.5662654,4.74865153,5.41786039,-89.31827314,5.904175758
1763934550415324000,21.7013,-0.2375485269,-1.902384796,-0.04625964687,236.1871937,0.308015722,7.258974519,43.12523285,270.6688259,193.5662654,4.74865153,5.41786039,-89.31827314,5.904175758
1763934550425375000,21.7114,-1.577791754,-0.2441967328,0.377515216,236.1871937,0.308015722,7.258974519,43.12523285,270.6688259,193.5662654,4.74865153,5.41786039,-89.31827314,5.904175758
1763934550435426000,21.7214,1.352650142,3.07501944,-1.528518896,236.1871937,0.308015722,7.258974519,43.12523285,270.6688259,193.5662654,4.74865153,5.41786039,-89.31827314,5.904175758
1763934550445477000,21.7315,0.09610350891,-2.50375626,-2.302818092,236.1871937,0.308015722,7.258974519,43.12523285,270.6688259,193.5662654,4.74865153,5.41786039,-89.31827314,5.904175758
1763934550455529000,21.7415,-1.45221424,-1.366478469,1.97907889,236.1871937,0.308015722,7.258974519,43.12523285,270.6688259,193.5662654,4.74865153,5.41786039,-89.31827314,5.904175758
1763934550475631000,21.7616,0.5199240376,3.199111975,2.04519007,236.1871937,0.308015722,7.258974519,43.12523285,270.6688259,193.5662654,4.74865153,5.41786039,-89.31827314,5.904175758
1763934550485682000,21.7717,0.4464612534,-1.565365987,-0.8857979156,236.1871937,0.308015722,7.258974519,43.12523285,270.6688259,193.5662654,4.74865153,5.41786039,-89.31827314,5.904175758
1763934550495734000,21.7817,-0.9301355815,-0.8703827582,0.553875407,236.1871937,0.308015722,7.258974519,43.12523285,270.6688259,193.5662654,4.74865153,5.41786039,-89.31827314,5.904175758
1763934546505386200,17.7914,-0.9038555504,2.928837529,15.68669237,236.2389904,0.3080157251,7.258974519,43.12533871,270.7206226,194.5452222,4.74865153,6.458281146,-89.31824032,5.765826702
1763934546515437000,17.8014,4.026042984,-9.083197194,5.964945931,236.2389904,0.3080157251,7.258974519,43.12533871,270.7206226,194.5452222,4.74865153,6.458281146,-89.31824032,5.765826702
1763934546525488000,17.8115,4.358865072,-7.042984328,-1.584193437,236.2389904,0.3080157251,7.258974519,43.12533871,270.7206226,194.5452222,4.74865153,6.458281146,-89.31824032,5.765826702
1763934546535539200,17.8215,5.432393298,-0.4943573424,-8.953483019,236.2389904,0.3080157251,7.258974519,43.12533871,270.7206226,194.5452222,4.74865153,6.458281146,-89.31824032,5.765826702
1763934546545591000,17.8316,2.435196518,-3.639626084,-11.47458906,236.2389904,0.3080157251,7.258974519,43.12533871,270.7206226,194.5452222,4.74865153,6.458281146,-89.31824032,5.765826702
1763934546555642000,17.8416,-6.029669455,-2.215299968,-5.728486368,236.2389904,0.3080157251,7.258974519,43.12533871,270.7206226,194.5452222,4.74865153,6.458281146,-89.31824032,5.765826702
1763934546565693200,17.8517,-5.26448354,1.405907831,0.9569336451,236.2389904,0.3080157251,7.258974519,43.12533871,270.7206226,194.5452222,4.74865153,6.458281146,-89.31824032,5.765826702
1763934546575744300,17.8617,-0.7443570623,1.918325292,4.625274367,236.2389904,0.3080157251,7.258974519,43.12533871,270.7206226,194.5452222,4.74865153,6.458281146,-89.31824032,5.765826702
1763934546585796000,17.8718,1.974728878,1.542295785,5.043592133,236.2389904,0.3080157251,7.258974519,43.12533871,270.7206226,194.5452222,4.74865153,6.458281146,-89.31824032,5.765826702
1763934546595847200,17.8818,4.482760331,-0.2481643212,-2.530084879,236.2389904,0.3080157251,7.258974519,43.12533871,270.7206226,194.5452222,4.74865153,6.458281146,-89.31824032,5.765826702
1763934546605898200,17.8919,-0.6157914727,2.202873325,-2.268485615,236.2389904,0.3080157251,7.258974519,43.12533871,270.7206226,194.5452222,4.74865153,6.458281146,-89.31824032,5.765826702
1763934546626001200,17.9120,-0.2349848139,-0.2168291256,1.407256323,236.2389904,0.3080157251,7.258974519,43.12533871,270.7206226,194.5452222,4.74865153,6.458281146,-89.31824032,5.765826702
1763934546636052200,17.9221,2.045119342,1.640280358,-0.3307487887,236.2389904,0.3080157251,7.258974519,43.12533871,270.7206226,194.5452222,4.74865153,6.458281146,-89.31824032,5.765826702
1763934546646103000,17.9321,0.6232090555,-1.084428391,-2.145365431,236.2389904,0.3080157251,7.258974519,43.12533871,270.7206226,194.5452222,4.74865153,6.458281146,-89.31824032,5.765826702
1763934546656154000,17.9422,-1.243150634,1.843543754,-0.3880196589,236.2389904,0.3080157251,7.258974519,43.12533871,270.7206226,194.5452222,4.74865153,6.458281146,-89.31824032,5.765826702
1763934546666206200,17.9522,1.36417706,-3.349589829,-0.1669505576,236.2389904,0.3080157251,7.258974519,43.12533871,270.7206226,194.5452222,4.74865153,6.458281146,-89.31824032,5.765826702
1763934546676257000,17.9623,-1.792388444,-5.996930384,5.723547158,236.2389904,0.3080157251,7.258974519,43.12533871,270.7206226,194.5452222,4.74865153,6.458281146,-89.31824032,5.765826702
1763934546686308000,17.9723,-0.1621919649,0.4194051234,4.767555763,236.2389904,0.3080157251,7.258974519,43.12533871,270.7206226,194.5452222,4.74865153,6.458281146,-89.31824032,5.765826702
1763934546696360200,17.9824,3.559827156,6.381342374,-1.655133352,236.2389904,0.3080157251,7.258974519,43.12533871,270.7206226,194.5452222,4.74865153,6.458281146,-89.31824032,5.765826702
1763934546706411000,17.9924,2.648088743,2.183930286,-5.604720288,236.2389904,0.3080157251,7.258974519,43.12533871,270.7206226,194.5452222,4.74865153,6.458281146,-89.31824032,5.765826702
1763934546716462000,18.0025,-3.702446989,2.537051796,0.5575304224,236.2389904,0.3080157251,7.258974519,43.12533871,270.7206226,194.5452222,4.74865153,6.458281146,-89.31824032,5.765826702
1763934546726513200,18.0125,-3.461452121,-1.671237222,0.965996657,236.2389904,0.3080157251,7.258974519,43.12533871,270.7206226,194.5452222,4.74865153,6.458281146,-89.31824032,5.765826702
1763934546736565000,18.0226,1.20974287,-2.877537258,0.4328051416,236.2389904,0.3080157251,7.258974519,43.12533871,270.7206226,194.5452222,4.74865153,6.458281146,-89.31824032,5.765826702
1763934546746616000,18.0326,0.4219816228,0.5684739873,0.1154693767,236.2389904,0.3080157251,7.258974519,43.12533871,270.7206226,194.5452222,4.74865153,6.458281146,-89.31824032,5.765826702
1763934546756667100,18.0427,0.9130757987,3.116312404,2.512675479,236.2389904,0.3080157251,7.258974519,43.12533871,270.7206226,194.5452222,4.74865153,6.458281146,-89.31824032,5.765826702
1763934546766718200,18.0527,-0.9704069477,-1.979005679,2.212960711,236.2389904,0.3080157251,7.258974519,43.12533871,270.7206226,194.5452222,4.74865153,6.458281146,-89.31824032,5.765826702
1763934546786821000,18.0728,1.481830795,-0.1521260596,-2.736788771,236.2389904,0.3080157251,7.258974519,43.12533871,270.7206226,194.5452222,4.74865153,6.458281146,-89.31824032,5.765826702
1763934546796872200,18.0829,-0.01684829548,0.203981919,-2.430115854,236.2389904,0.3080157251,7.258974519,43.12533871,270.7206226,194.5452222,4.74865153,6.458281146,-89.31824032,5.765826702
1763934546806923300,18.0929,-1.864588588,0.145254128,0.7634925554,236.2389904,0.3080157251,7.258974519,43.12533871,270.7206226,194.5452222,4.74865153,6.458281146,-89.31824032,5.765826702
1763934546816975000,18.1030,1.426146902,1.185885024,3.038842211,236.2389904,0.3080157251,7.258974519,43.12533871,270.7206226,194.5452222,4.74865153,6.458281146,-89.31824032,5.765826702
1763934546827026200,18.1130,3.650149816,-2.227215739,-2.905084898,236.2389904,0.3080157251,7.258974519,43.12533871,270.7206226,194.5452222,4.74865153,6.458281146,-89.31824032,5.765826702
1763934546837077200,18.1231,-0.3084370036,0.2573433607,-0.9125701872,236.2389904,0.3080157251,7.258974519,43.12533871,270.7206226,194.5452222,4.74865153,6.458281146,-89.31824032,5.765826702
1763934546847128000,18.1331,-0.3269277691,-0.3229443985,-1.626066832,236.2389904,0.3080157251,7.258974519,43.12533871,270.7206226,194.5452222,4.74865153,6.458281146,-89.31824032,5.765826702
1763934546857180200,18.1432,-0.06691840402,0.895908683,0.9940326649,236.2389904,0.3080157251,7.258974519,43.12533871,270.7206226,194.5452222,4.74865153,6.458281146,-89.31824032,5.765826702
1763934546867231200,18.1532,1.043368066,1.534939431,1.323514795,236.2389904,0.3080157251,7.258974519,43.12533871,270.7206226,194.5452222,4.74865153,6.458281146,-89.31824032,5.765826702
1763934546877282000,18.1633,0.5072141205,-1.454138632,-0.3603168285,236.2389904,0.3080157251,7.258974519,43.12533871,270.7206226,194.5452222,4.74865153,6.458281146,-89.31824032,5.765826702
1763934546887333000,18.1733,-1.761644931,1.1778138,-0.07379881118,236.2389904,0.3080157251,7.258974519,43.12533871,270.7206226,194.5452222,4.74865153,6.458281146,-89.31824032,5.765826702
1763934546897385200,18.1834,-0.2037479641,0.5812440371,-4.533047919,236.2389904,0.3080157251,7.258974519,43.12533871,270.7206226,194.5452222,4.74865153,6.458281146,-89.31824032,5.765826702
1763934546907436000,18.1934,-0.01888473321,-0.4415124719,0.6161304954,236.2389904,0.3080157251,7.258974519,43.12533871,270.7206226,194.5452222,4.74865153,6.458281146,-89.31824032,5.765826702
1763934546917487000,18.2035,-0.2315465831,-0.3523931959,1.116156239,236.2389904,0.3080157251,7.258974519,43.12533871,270.7206226,194.5452222,4.74865153,6.458281146,-89.31824032,5.765826702
1763934546927538200,18.2135,1.256121174,3.025161476,-0.7416542331,236.2389904,0.3080157251,7.258974519,43.12533871,270.7206226,194.5452222,4.74865153,6.458281146,-89.31824032,5.765826702
1763934546947641000,18.2336,-0.2503716951,-1.902114747,2.84713832,236.2389904,0.3080157251,7.258974519,43.12533871,270.7206226,194.5452222,4.74865153,6.458281146,-89.31824032,5.765826702
1763934546957692200,18.2437,-0.3777764973,2.761238445,-0.3523439499,236.2389904,0.3080157251,7.258974519,43.12533871,270.7206226,194.5452222,4.74865153,6.458281146,-89.31824032,5.765826702
1763934546967743200,18.2537,0.3583399754,-0.1983965201,-5.043447756,236.2389904,0.3080157251,7.258974519,43.12533871,270.7206226,194.5452222,4.74865153,6.458281146,-89.31824032,5.765826702
1763934546977795000,18.2638,-5.37649547,0.3418940137,-0.9149486068,236.2389904,0.3080157251,7.258974519,43.12533871,270.7206226,194.5452222,4.74865153,6.458281146,-89.31824032,5.765826702
1763934546987846100,18.2738,0.6349239701,-0.7028060315,1.104628298,236.2389904,0.3080157251,7.258974519,43.12533871,270.7206226,194.5452222,4.74865153,6.458281146,-89.31824032,5.765826702
1763934546997897200,18.2839,-0.1214309155,0.3903367037,2.734524917,236.2389904,0.3080157251,7.258974519,43.12533871,270.7206226,194.5452222,4.74865153,6.458281146,-89.31824032,5.765826702
1763934547007948300,18.2939,1.595922453,1.500378843,0.7857558252,236.2389904,0.3080157251,7.258974519,43.12533871,270.7206226,194.5452222,4.74865153,6.458281146,-89.31824032,5.765826702
1763934547018000100,18.3040,-2.233402026,1.717730239,0.9527163197,236.2389904,0.3080157251,7.258974519,43.12533871,270.7206226,194.5452222,4.74865153,6.458281146,-89.31824032,5.765826702
1763934547028051200,18.3141,0.3871732347,-0.7498815248,-0.4159755873,236.2389904,0.3080157251,7.258974519,43.12533871,270.7206226,194.5452222,4.74865153,6.458281146,-89.31824032,5.765826702
1763934547038102300,18.3241,1.43503631,0.1285103523,1.735765808,236.2389904,0.3080157251,7.258974519,43.12533871,270.7206226,194.5452222,4.74865153,6.458281146,-89.31824032,5.765826702
1763934547048153000,18.3342,1.667501835,-3.65177654,-2.688993,236.2389904,0.3080157251,7.258974519,43.12533871,270.7206226,194.5452222,4.74865153,6.458281146,-89.31824032,5.765826702
1763934547058205200,18.3442,-0.4565572251,4.310160077,3.191383719,236.2389904,0.3080157251,7.258974519,43.12533871,270.7206226,194.5452222,4.74865153,6.458281146,-89.31824032,5.765826702
1763934547068256300,18.3543,-0.2356885783,0.8724434902,0.54013622,236.2389904,0.3080157251,7.258974519,43.12533871,270.7206226,194.5452222,4.74865153,6.458281146,-89.31824032,5.765826702
1763934547078307000,18.3643,0.4168916062,-1.155201132,-1.699929356,236.2389904,0.3080157251,7.258974519,43.12533871,270.7206226,194.5452222,4.74865153,6.458281146,-89.31824032,5.765826702
1763934547088358100,18.3744,0.7465665551,-0.6761315212,-0.09209259276,236.2389904,0.3080157251,7.258974519,43.12533871,270.7206226,194.5452222,4.74865153,6.458281146,-89.31824032,5.765826702
1763934547098410200,18.3844,-0.263812301,-1.444864754,-0.3341244026,236.2389904,0.3080157251,7.258974519,43.12533871,270.7206226,194.5452222,4.74865153,6.458281146,-89.31824032,5.765826702
1763934547108461300,18.3945,0.2279646695,-0.2986506459,-0.4309299953,236.2389904,0.3080157251,7.258974519,43.12533871,270.7206226,194.5452222,4.74865153,6.458281146,-89.31824032,5.765826702
1763934547118512400,18.4045,0.4203986645,-4.530257703,-1.010241457,236.2389904,0.3080157251,7.258974519,43.12533871,270.7206226,194.5452222,4.74865153,6.458281146,-89.31824032,5.765826702
1763934547128563500,18.4146,-0.7282090606,2.560527364,3.074375881,236.2389904,0.3080157251,7.258974519,43.12533871,270.7206226,194.5452222,4.74865153,6.458281146,-89.31824032,5.765826702
1763934547138615300,18.4246,1.62941322,1.144433362,-1.979246064,236.2389904,0.3080157251,7.258974519,43.12533871,270.7206226,194.5452222,4.74865153,6.458281146,-89.31824032,5.765826702
1763934547148666400,18.4347,-0.6792413238,-0.9401223571,1.379206287,236.2389904,0.3080157251,7.258974519,43.12533871,270.7206226,194.5452222,4.74865153,6.458281146,-89.31824032,5.765826702
1763934547158717400,18.4447,-1.659444639,-3.631061085,1.439109844,236.2389904,0.3080157251,7.258974519,43.12533871,270.7206226,194.5452222,4.74865153,6.458281146,-89.31824032,5.765826702
1763934547168768500,18.4548,-0.07703885255,-2.230917078,-1.106831361,236.2389904,0.3080157251,7.258974519,43.12533871,270.7206226,194.5452222,4.74865153,6.458281146,-89.31824032,5.765826702
1763934547178820400,18.4648,-0.4418985486,0.2744856342,-1.62327574,236.2389904,0.3080157251,7.258974519,43.12533871,270.7206226,194.5452222,4.74865153,6.458281146,-89.31824032,5.765826702
1763934547188871400,18.4749,-0.3897825769,1.531453635,-1.498691329,236.2389904,0.3080157251,7.258974519,43.12533871,270.7206226,194.5452222,4.74865153,6.458281146,-89.31824032,5.765826702
1763934547198922500,18.4849,-1.107610456,1.986627698,2.13963244,236.2389904,0.3080157251,7.258974519,43.12533871,270.7206226,194.5452222,4.74865153,6.458281146,-89.31824032,5.765826702
1763934547208973300,18.4950,0.41456404,0.2470090137,0.4545692296,236.2389904,0.3080157251,7.258974519,43.12533871,270.7206226,194.5452222,4.74865153,6.458281146,-89.31824032,5.765826702
1763934547219025400,18.5050,-0.02295417461,2.847775449,0.9783563723,236.2389904,0.3080157251,7.258974519,43.12533871,270.7206226,194.5452222,4.74865153,6.458281146,-89.31824032,5.765826702
1763934547229076500,18.5151,0.5704430589,1.457456378,-1.739165388,236.2389904,0.3080157251,7.258974519,43.12533871,270.7206226,194.5452222,4.74865153,6.458281146,-89.31824032,5.765826702
1763934547239127300,18.5251,-1.353973646,1.59116576,2.484108726,236.2389904,0.3080157251,7.258974519,43.12533871,270.7206226,194.5452222,4.74865153,6.458281146,-89.31824032,5.765826702
1763934547249178400,18.5352,-1.869368808,-4.112261716,-0.7402683317,236.2389904,0.3080157251,7.258974519,43.12533871,270.7206226,194.5452222,4.74865153,6.458281146,-89.31824032,5.765826702
1763934547259230500,18.5452,1.67667766,3.859512697,-1.368860834,236.2389904,0.3080157251,7.258974519,43.12533871,270.7206226,194.5452222,4.74865153,6.458281146,-89.31824032,5.765826702
1763934547269281300,18.5553,2.193359939,-0.1341419285,-4.15972957,236.2389904,0.3080157251,7.258974519,43.12533871,270.7206226,194.5452222,4.74865153,6.458281146,-89.31824032,5.765826702
1763934547279332400,18.5653,-1.091761875,0.1630580802,2.423663317,236.2389904,0.3080157251,7.258974519,43.12533871,270.7206226,194.5452222,4.74865153,6.458281146,-89.31824032,5.765826702
1763934547289383400,18.5754,0.80464465,1.812317572,2.076597015,236.2389904,0.3080157251,7.258974519,43.12533871,270.7206226,194.5452222,4.74865153,6.458281146,-89.31824032,5.765826702
1763934547299435300,18.5854,3.799997848,1.840516807,0.8119640331,236.2389904,0.3080157251,7.258974519,43.12533871,270.7206226,194.5452222,4.74865153,6.458281146,-89.31824032,5.765826702
1763934547309486300,18.5955,-0.9222271464,-4.016755515,0.3564128068,236.2389904,0.3080157251,7.258974519,43.12533871,270.7206226,194.5452222,4.74865153,6.458281146,-89.31824032,5.765826702
1763934547319537400,18.6055,-1.362679515,0.1985036337,-0.330316827,236.2389904,0.3080157251,7.258974519,43.12533871,270.7206226,194.5452222,4.74865153,6.458281146,-89.31824032,5.765826702
1763934547329588500,18.6156,1.494998904,2.319154164,-1.951657799,236.2389904,0.3080157251,7.258974519,43.12533871,270.7206226,194.5452222,4.74865153,6.458281146,-89.31824032,5.765826702
1763934547339640300,18.6256,0.1832113721,-1.742316399,-1.730135109,236.2389904,0.3080157251,7.258974519,43.12533871,270.7206226,194.5452222,4.74865153,6.458281146,-89.31824032,5.765826702
1763934547349691400,18.6357,-2.3596646,1.892212362,3.134621968,236.2389904,0.3080157251,7.258974519,43.12533871,270.7206226,194.5452222,4.74865153,6.458281146,-89.31824032,5.765826702
1763934547359742500,18.6457,0.1335983962,0.4283705201,1.397601191,236.2389904,0.3080157251,7.258974519,43.12533871,270.7206226,194.5452222,4.74865153,6.458281146,-89.31824032,5.765826702
1763934547369793500,18.6558,-0.4507845234,-0.978287691,0.1935866356,236.2389904,0.3080157251,7.258974519,43.12533871,270.7206226,194.5452222,4.74865153,6.458281146,-89.31824032,5.765826702
1763934547379845400,18.6658,0.7400875683,-0.2914072506,-0.06561375116,236.2389904,0.3080157251,7.258974519,43.12533871,270.7206226,194.5452222,4.74865153,6.458281146,-89.31824032,5.765826702
1763934547389896400,18.6759,2.364243744,0.5100356808,-2.128354675,236.2389904,0.3080157251,7.258974519,43.12533871,270.7206226,194.5452222,4.74865153,6.458281146,-89.31824032,5.765826702
1763934547399947500,18.6859,1.306901952,1.633049238,2.800612131,236.2389904,0.3080157251,7.258974519,43.12533871,270.7206226,194.5452222,4.74865153,6.458281146,-89.31824032,5.765826702
1763934547409998300,18.6960,-0.745499145,-2.145915758,1.069912374,236.2389904,0.3080157251,7.258974519,43.12533871,270.7206226,194.5452222,4.74865153,6.458281146,-89.31824032,5.765826702
1763934547420050400,18.7061,-1.502086816,1.372281164,-0.1539391003,236.2389904,0.3080157251,7.258974519,43.12533871,270.7206226,194.5452222,4.74865153,6.458281146,-89.31824032,5.765826702
1763934547430101500,18.7161,-0.7361000331,-0.2587979434,-2.12773099,236.2389904,0.3080157251,7.258974519,43.12533871,270.7206226,194.5452222,4.74865153,6.458281146,-89.31824032,5.765826702
1763934547440152300,18.7262,1.631618036,-0.1079889578,-2.449666358,236.2389904,0.3080157251,7.258974519,43.12533871,270.7206226,194.5452222,4.74865153,6.458281146,-89.31824032,5.765826702
1763934547450203400,18.7362,-1.531017143,0.7079112457,2.487187987,236.2389904,0.3080157251,7.258974519,43.12533871,270.7206226,194.5452222,4.74865153,6.458281146,-89.31824032,5.765826702
1763934547460255500,18.7463,0.957145242,-1.720959577,-0.9394663775,236.2389904,0.3080157251,7.258974519,43.12533871,270.7206226,194.5452222,4.74865153,6.458281146,-89.31824032,5.765826702
1763934547470306300,18.7563,0.03368950363,-0.9276409151,0.738848528,236.2389904,0.3080157251,7.258974519,43.12533871,270.7206226,194.5452222,4.74865153,6.458281146,-89.31824032,5.765826702
1763934547480357400,18.7664,-0.4626209456,0.9953380484,0.8717331499,236.2389904,0.3080157251,7.258974519,43.12533871,270.7206226,194.5452222,4.74865153,6.458281146,-89.31824032,5.765826702
1763934547490408400,18.7764,1.986599349,1.396764009,-0.7123883911,236.2389904,0.3080157251,7.258974519,43.12533871,270.7206226,194.5452222,4.74865153,6.458281146,-89.31824032,5.765826702
1763934547500460300,18.7865,-0.4291419429,1.264867375,1.809923516,236.2389904,0.3080157251,7.258974519,43.12533871,270.7206226,194.5452222,4.74865153,6.458281146,-89.31824032,5.765826702
1763934547510511400,18.7965,-1.061511552,-2.277083201,0.4969581725,236.2389904,0.3080157251,7.258974519,43.12533871,270.7206226,194.5452222,4.74865153,6.458281146,-89.31824032,5.765826702
1763934547520562400,18.8066,-0.4240916738,-0.4033161584,1.152184999,236.2389904,0.3080157251,7.258974519,43.12533871,270.7206226,194.5452222,4.74865153,6.458281146,-89.31824032,5.765826702
1763934547530613500,18.8166,1.18657476,-1.655070516,-2.634222715,236.2389904,0.3080157251,7.258974519,43.12533871,270.7206226,194.5452222,4.74865153,6.458281146,-89.31824032,5.765826702
1763934547540665300,18.8267,-1.40777421,2.031331932,0.4188631255,236.2389904,0.3080157251,7.258974519,43.12533871,270.7206226,194.5452222,4.74865153,6.458281146,-89.31824032,5.765826702
1763934547550716400,18.8367,-0.3854173674,0.9961869203,-1.072730354,236.2389904,0.3080157251,7.258974519,43.12533871,270.7206226,194.5452222,4.74865153,6.458281146,-89.31824032,5.765826702
1763934547560767500,18.8468,-0.5289911411,2.162389631,-1.227548575,236.2389904,0.3080157251,7.258974519,43.12533871,270.7206226,194.5452222,4.74865153,6.458281146,-89.31824032,5.765826702
1763934547570818300,18.8568,-2.503640525,0.9644377371,1.337026603,236.2389904,0.3080157251,7.258974519,43.12533871,270.7206226,194.5452222,4.74865153,6.458281146,-89.31824032,5.765826702
1763934547580870400,18.8669,-0.1511561916,-0.2724801396,1.152765429,236.2389904,0.3080157251,7.258974519,43.12533871,270.7206226,194.5452222,4.74865153,6.458281146,-89.31824032,5.765826702
1763934547590921500,18.8769,1.622937886,2.364042815,1.038252915,236.2389904,0.3080157251,7.258974519,43.12533871,270.7206226,194.5452222,4.74865153,6.458281146,-89.31824032,5.765826702
1763934547600972300,18.8870,0.4302478583,-0.6548224835,-0.2210252621,236.2389904,0.3080157251,7.258974519,43.12533871,270.7206226,194.5452222,4.74865153,6.458281146,-89.31824032,5.765826702
1763934547611024400,18.8970,0.3419967434,4.232862026,1.29644091,236.2389904,0.3080157251,7.258974519,43.12533871,270.7206226,194.5452222,4.74865153,6.458281146,-89.31824032,5.765826702
1763934547621075500,18.9071,1.154610692,0.5376043634,-2.763342431,236.2389904,0.3080157251,7.258974519,43.12533871,270.7206226,194.5452222,4.74865153,6.458281146,-89.31824032,5.765826702
1763934547631126500,18.9171,0.02974514992,-2.215621455,1.142526359,236.2389904,0.3080157251,7.258974519,43.12533871,270.7206226,194.5452222,4.74865153,6.458281146,-89.31824032,5.765826702
1763934547641177300,18.9272,1.420638367,-1.408779003,-0.4464198254,236.2389904,0.3080157251,7.258974519,43.12533871,270.7206226,194.5452222,4.74865153,6.458281146,-89.31824032,5.765826702
1763934547651228400,18.9372,0.8885666497,0.1612549763,-2.361032966,236.2389904,0.3080157251,7.258974519,43.12533871,270.7206226,194.5452222,4.74865153,6.458281146,-89.31824032,5.765826702
1763934547661280500,18.9473,-1.088687217,1.402733585,-0.6717115128,236.2389904,0.3080157251,7.258974519,43.12533871,270.7206226,194.5452222,4.74865153,6.458281146,-89.31824032,5.765826702
1763934547671331300,18.9573,-1.727528726,3.687125502,0.9974772524,236.2389904,0.3080157251,7.258974519,43.12533871,270.7206226,194.5452222,4.74865153,6.458281146,-89.31824032,5.765826702
1763934547681382400,18.9674,1.066941761,-0.1636946246,-0.6220142927,236.2389904,0.3080157251,7.258974519,43.12533871,270.7206226,194.5452222,4.74865153,6.458281146,-89.31824032,5.765826702
1763934547691434500,18.9774,-1.440883867,-1.891705727,2.543730543,236.2389904,0.3080157251,7.258974519,43.12533871,270.7206226,194.5452222,4.74865153,6.458281146,-89.31824032,5.765826702
1763934547701485300,18.9875,-1.299303313,-0.08639481951,-0.2987245879,236.2389904,0.3080157251,7.258974519,43.12533871,270.7206226,194.5452222,4.74865153,6.458281146,-89.31824032,5.765826702
1763934547711536400,18.9975,-0.137677263,2.715792744,0.5668535465,236.2389904,0.3080157251,7.258974519,43.12533871,270.7206226,194.5452222,4.74865153,6.458281146,-89.31824032,5.765826702
1763934547721587500,19.0076,-1.376962892,-4.260183456,-2.288679092,236.2389904,0.3080157251,7.258974519,43.12533871,270.7206226,194.5452222,4.74865153,6.458281146,-89.31824032,5.765826702
1763934547731639300,19.0176,-1.825261955,0.4229186845,-0.9677022919,236.2389904,0.3080157251,7.258974519,43.12533871,270.7206226,194.5452222,4.74865153,6.458281146,-89.31824032,5.765826702
1763934547741690400,19.0277,-1.454815362,-0.2104201354,-2.912655041,236.2389904,0.3080157251,7.258974519,43.12533871,270.7206226,194.5452222,4.74865153,6.458281146,-89.31824032,5.765826702
1763934547751741400,19.0377,-2.153474503,1.621545847,-0.5703834742,236.2389904,0.3080157251,7.258974519,43.12533871,270.7206226,194.5452222,4.74865153,6.458281146,-89.31824032,5.765826702
1763934547761792500,19.0478,-0.5216915587,-2.021614256,-2.465279522,236.2389904,0.3080157251,7.258974519,43.12533871,270.7206226,194.5452222,4.74865153,6.458281146,-89.31824032,5.765826702
1763934547771844400,19.0578,-0.5552584589,-3.877565071,-4.154138618,236.2389904,0.3080157251,7.258974519,43.12533871,270.7206226,194.5452222,4.74865153,6.458281146,-89.31824032,5.765826702
1763934547781895400,19.0679,0.2279903519,0.610401158,-5.398454204,236.2389904,0.3080157251,7.258974519,43.12533871,270.7206226,194.5452222,4.74865153,6.458281146,-89.31824032,5.765826702
1763934547791946500,19.0779,0.1089746809,3.397420087,-2.874952794,236.2389904,0.3080157251,7.258974519,43.12533871,270.7206226,194.5452222,4.74865153,6.458281146,-89.31824032,5.765826702
1763934547801997300,19.0880,-3.69580799,11.57713056,18.38000324,236.2389904,0.3080157251,7.258974519,43.12533871,270.7206226,194.5452222,4.74865153,6.458281146,-89.31824032,5.765826702
1763934547812049400,19.0980,3.694697398,4.685917344,20.55870103,236.2389904,0.3080157251,7.258974519,43.12533871,270.7206226,194.5452222,4.74865153,6.458281146,-89.31824032,5.765826702
1763934547822100500,19.1081,6.832391028,-6.95215781,5.532890147,236.2389904,0.3080157251,7.258974519,43.12533871,270.7206226,194.5452222,4.74865153,6.458281146,-89.31824032,5.765826702
1763934547832151300,19.1182,1.652061105,-2.957280657,-2.750835416,236.2389904,0.3080157251,7.258974519,43.12533871,270.7206226,194.5452222,4.74865153,6.458281146,-89.31824032,5.765826702
1763934547842202400,19.1282,-0.9575533114,-2.729738852,-8.407956923,236.2389904,0.3080157251,7.258974519,43.12533871,270.7206226,194.5452222,4.74865153,6.458281146,-89.31824032,5.765826702
1763934547852254500,19.1383,-3.393236079,-6.920320656,-10.85693764,236.2389904,0.3080157251,7.258974519,43.12533871,270.7206226,194.5452222,4.74865153,6.458281146,-89.31824032,5.765826702
1763934547862305300,19.1483,-2.482895843,-2.637086287,-4.358592684,236.2389904,0.3080157251,7.258974519,43.12533871,270.7206226,194.5452222,4.74865153,6.458281146,-89.31824032,5.765826702
1763934547872356400,19.1584,2.464544193,3.848169758,1.63363113,236.2389904,0.3080157251,7.258974519,43.12533871,270.7206226,194.5452222,4.74865153,6.458281146,-89.31824032,5.765826702
1763934547882407400,19.1684,3.849806127,1.747405977,5.008033329,236.2389904,0.3080157251,7.258974519,43.12533871,270.7206226,194.5452222,4.74865153,6.458281146,-89.31824032,5.765826702
1763934547892459500,19.1785,-2.030323924,0.5929406123,2.820851202,236.2389904,0.3080157251,7.258974519,43.12533871,270.7206226,194.5452222,4.74865153,6.458281146,-89.31824032,5.765826702
1763934547902510300,19.1885,-1.048372742,-0.4142079931,-3.283780848,236.2389904,0.3080157251,7.258974519,43.12533871,270.7206226,194.5452222,4.74865153,6.458281146,-89.31824032,5.765826702
1763934547912561400,19.1986,-3.097643359,0.6201438227,-1.957929719,236.2389904,0.3080157251,7.258974519,43.12533871,270.7206226,194.5452222,4.74865153,6.458281146,-89.31824032,5.765826702
1763934547922612500,19.2086,-1.429431915,1.260755264,-0.1843786623,236.2389904,0.3080157251,7.258974519,43.12533871,270.7206226,194.5452222,4.74865153,6.458281146,-89.31824032,5.765826702
1763934547932664300,19.2187,1.674502069,1.27238345,-1.216799802,236.2389904,0.3080157251,7.258974519,43.12533871,270.7206226,194.5452222,4.74865153,6.458281146,-89.31824032,5.765826702
1763934547942715400,19.2287,-0.415043348,2.490866968,-1.112474335,236.2389904,0.3080157251,7.258974519,43.12533871,270.7206226,194.5452222,4.74865153,6.458281146,-89.31824032,5.765826702
1763934547952766500,19.2388,-0.7792706279,2.385877776,-2.185692181,236.2389904,0.3080157251,7.258974519,43.12533871,270.7206226,194.5452222,4.74865153,6.458281146,-89.31824032,5.765826702
1763934547962817500,19.2488,-1.850529667,2.354096006,-3.033377516,236.2389904,0.3080157251,7.258974519,43.12533871,270.7206226,194.5452222,4.74865153,6.458281146,-89.31824032,5.765826702
1763934547972869400,19.2589,-2.557391988,-5.680232917,0.9954828637,236.2389904,0.3080157251,7.258974519,43.12533871,270.7206226,194.5452222,4.74865153,6.458281146,-89.31824032,5.765826702
1763934547982920400,19.2689,-7.136970187,-14.54910289,8.746309756,236.2389904,0.3080157251,7.258974519,43.12533871,270.7206226,194.5452222,4.74865153,6.458281146,-89.31824032,5.765826702
1763934547992971500,19.2790,1.017198948,-0.3851328514,9.277125775,236.2389904,0.3080157251,7.258974519,43.12533871,270.7206226,194.5452222,4.74865153,6.458281146,-89.31824032,5.765826702
1763934548003022300,19.2890,6.404325775,7.557706706,-3.83392759,236.2389904,0.3080157251,7.258974519,43.12533871,270.7206226,194.5452222,4.74865153,6.458281146,-89.31824032,5.765826702
1763934548013074400,19.2991,3.229184165,6.497348342,-8.003201233,236.2389904,0.3080157251,7.258974519,43.12533871,270.7206226,194.5452222,4.74865153,6.458281146,-89.31824032,5.765826702
1763934548023125500,19.3091,-4.386404236,7.090999294,-5.321676669,236.2389904,0.3080157251,7.258974519,43.12533871,270.7206226,194.5452222,4.74865153,6.458281146,-89.31824032,5.765826702
1763934548033176300,19.3192,-4.998185888,5.700284356,0.5097790757,236.2389904,0.3080157251,7.258974519,43.12533871,270.7206226,194.5452222,4.74865153,6.458281146,-89.31824032,5.765826702
1763934548043227400,19.3292,0.3561105359,-0.5157797774,1.068397293,236.2389904,0.3080157251,7.258974519,43.12533871,270.7206226,194.5452222,4.74865153,6.458281146,-89.31824032,5.765826702
1763934548053279500,19.3393,-1.268952599,-4.835353872,3.322814635,236.2389904,0.3080157251,7.258974519,43.12533871,270.7206226,194.5452222,4.74865153,6.458281146,-89.31824032,5.765826702
1763934548063330300,19.3493,1.202014321,-5.400332272,4.18450453,236.2389904,0.3080157251,7.258974519,43.12533871,270.7206226,194.5452222,4.74865153,6.458281146,-89.31824032,5.765826702
1763934548073381400,19.3594,5.024186591,2.373309533,-2.89861424,236.2389904,0.3080157251,7.258974519,43.12533871,270.7206226,194.5452222,4.74865153,6.458281146,-89.31824032,5.765826702
1763934548083432400,19.3694,1.057652612,0.6352355934,-1.693817595,236.2389904,0.3080157251,7.258974519,43.12533871,270.7206226,194.5452222,4.74865153,6.458281146,-89.31824032,5.765826702
1763934548093484300,19.3795,-3.751010237,-0.8071911196,1.674319114,236.2389904,0.3080157251,7.258974519,43.12533871,270.7206226,194.5452222,4.74865153,6.458281146,-89.31824032,5.765826702
1763934548103535400,19.3895,-1.249699617,-0.454200104,0.2460755323,236.2389904,0.3080157251,7.258974519,43.12533871,270.7206226,194.5452222,4.74865153,6.458281146,-89.31824032,5.765826702
1763934548113586400,19.3996,-0.1894238168,0.4025879902,-0.9462409862,236.2389904,0.3080157251,7.258974519,43.12533871,270.7206226,194.5452222,4.74865153,6.458281146,-89.31824032,5.765826702
1763934548123637500,19.4096,1.010083051,3.502356671,2.340918398,236.2389904,0.3080157251,7.258974519,43.12533871,270.7206226,194.5452222,4.74865153,6.458281146,-89.31824032,5.765826702
1763934548133689300,19.4197,0.4940647892,-1.923598118,-0.3633236091,236.2389904,0.3080157251,7.258974519,43.12533871,270.7206226,194.5452222,4.74865153,6.458281146,-89.31824032,5.765826702
1763934548143740400,19.4297,-1.787231792,1.052958317,-0.09009002077,236.2389904,0.3080157251,7.258974519,43.12533871,270.7206226,194.5452222,4.74865153,6.458281146,-89.31824032,5.765826702
1763934548153791500,19.4398,0.8949719867,2.884364181,-0.2449801382,236.2389904,0.3080157251,7.258974519,43.12533871,270.7206226,194.5452222,4.74865153,6.458281146,-89.31824032,5.765826702
1763934548163842600,19.4498,-0.6475333494,-2.931655801,-2.237099127,236.2389904,0.3080157251,7.258974519,43.12533871,270.7206226,194.5452222,4.74865153,6.458281146,-89.31824032,5.765826702
1763934548173894400,19.4599,-1.411684661,0.9990835186,1.312208972,236.2389904,0.3080157251,7.258974519,43.12533871,270.7206226,194.5452222,4.74865153,6.458281146,-89.31824032,5.765826702
1763934548183945500,19.4699,0.9014286155,0.04191562632,-1.484078282,236.2389904,0.3080157251,7.258974519,43.12533871,270.7206226,194.5452222,4.74865153,6.458281146,-89.31824032,5.765826702
1763934548193996500,19.4800,1.670928302,-0.5966505728,-1.470535494,236.2389904,0.3080157251,7.258974519,43.12533871,270.7206226,194.5452222,4.74865153,6.458281146,-89.31824032,5.765826702
1763934548204047400,19.4900,-0.9140485162,-0.7002212757,0.3972153573,236.2389904,0.3080157251,7.258974519,43.12533871,270.7206226,194.5452222,4.74865153,6.458281146,-89.31824032,5.765826702
1763934548214099500,19.5001,0.08108370749,-0.7791575959,2.271262678,236.2389904,0.3080157251,7.258974519,43.12533871,270.7206226,194.5452222,4.74865153,6.458281146,-89.31824032,5.765826702
1763934548224150500,19.5102,1.390311326,0.1545817822,-0.4929723178,236.2389904,0.3080157251,7.258974519,43.12533871,270.7206226,194.5452222,4.74865153,6.458281146,-89.31824032,5.765826702
1763934548234201300,19.5202,1.165176583,-1.845475599,-0.3319675168,236.2389904,0.3080157251,7.258974519,43.12533871,270.7206226,194.5452222,4.74865153,6.458281146,-89.31824032,5.765826702
1763934548244252400,19.5303,-1.126083759,-1.630608421,2.636617501,236.2389904,0.3080157251,7.258974519,43.12533871,270.7206226,194.5452222,4.74865153,6.458281146,-89.31824032,5.765826702
1763934548254304500,19.5403,-1.309060153,-1.54264226,-1.084039684,236.2389904,0.3080157251,7.258974519,43.12533871,270.7206226,194.5452222,4.74865153,6.458281146,-89.31824032,5.765826702
1763934548264355300,19.5504,-2.419871523,-0.1276028821,-1.778630552,236.2389904,0.3080157251,7.258974519,43.12533871,270.7206226,194.5452222,4.74865153,6.458281146,-89.31824032,5.765826702
1763934548274406400,19.5604,-2.44607564,1.820331367,0.4457447026,236.2389904,0.3080157251,7.258974519,43.12533871,270.7206226,194.5452222,4.74865153,6.458281146,-89.31824032,5.765826702
1763934548284457500,19.5705,-0.1489420227,0.1036643726,1.35683488,236.2389904,0.3080157251,7.258974519,43.12533871,270.7206226,194.5452222,4.74865153,6.458281146,-89.31824032,5.765826702
1763934548294509300,19.5805,0.796499922,1.052124058,1.110408051,236.2389904,0.3080157251,7.258974519,43.12533871,270.7206226,194.5452222,4.74865153,6.458281146,-89.31824032,5.765826702
1763934548304560400,19.5906,1.058499,0.9614879474,-0.2482879476,236.2389904,0.3080157251,7.258974519,43.12533871,270.7206226,194.5452222,4.74865153,6.458281146,-89.31824032,5.765826702
1763934548314611500,19.6006,1.086674051,3.51562035,0.9406137939,236.2389904,0.3080157251,7.258974519,43.12533871,270.7206226,194.5452222,4.74865153,6.458281146,-89.31824032,5.765826702
1763934548324662500,19.6107,-0.1097908927,-0.01409238437,1.532611719,236.2389904,0.3080157251,7.258974519,43.12533871,270.7206226,194.5452222,4.74865153,6.458281146,-89.31824032,5.765826702
1763934548334714400,19.6207,0.1136590393,3.146086195,3.334018166,236.2389904,0.3080157251,7.258974519,43.12533871,270.7206226,194.5452222,4.74865153,6.458281146,-89.31824032,5.765826702
1763934548344765400,19.6308,1.279986034,1.2447059,-1.793454027,236.2389904,0.3080157251,7.258974519,43.12533871,270.7206226,194.5452222,4.74865153,6.458281146,-89.31824032,5.765826702
1763934548354816500,19.6408,0.6909258433,-0.03634907823,-1.313818746,236.2389904,0.3080157251,7.258974519,43.12533871,270.7206226,194.5452222,4.74865153,6.458281146,-89.31824032,5.765826702
1763934548364868400,19.6509,-1.206904358,0.6645389909,0.2300835979,236.2389904,0.3080157251,7.258974519,43.12533871,270.7206226,194.5452222,4.74865153,6.458281146,-89.31824032,5.765826702
1763934548374919400,19.6609,0.8883563679,2.147194985,-1.752676611,236.2389904,0.3080157251,7.258974519,43.12533871,270.7206226,194.5452222,4.74865153,6.458281146,-89.31824032,5.765826702
1763934548384970500,19.6710,0.09774148537,-1.211596973,-0.7204764205,236.2389904,0.3080157251,7.258974519,43.12533871,270.7206226,194.5452222,4.74865153,6.458281146,-89.31824032,5.765826702
1763934548395021300,19.6810,-1.32520114,0.4905021283,1.097912726,236.2389904,0.3080157251,7.258974519,43.12533871,270.7206226,194.5452222,4.74865153,6.458281146,-89.31824032,5.765826702
1763934548405072400,19.6911,1.655864004,1.502498028,-1.576461966,236.2389904,0.3080157251,7.258974519,43.12533871,270.7206226,194.5452222,4.74865153,6.458281146,-89.31824032,5.765826702
1763934548415124500,19.7011,0.3378676808,0.005719692821,0.5045025966,236.2389904,0.3080157251,7.258974519,43.12533871,270.7206226,194.5452222,4.74865153,6.458281146,-89.31824032,5.765826702
1763934548425175600,19.7112,-0.6919863122,-2.049263164,-0.1455202316,236.2389904,0.3080157251,7.258974519,43.12533871,270.7206226,194.5452222,4.74865153,6.458281146,-89.31824032,5.765826702
1763934548435226400,19.7212,0.3901473186,0.9576616671,-0.4846919807,236.2389904,0.3080157251,7.258974519,43.12533871,270.7206226,194.5452222,4.74865153,6.458281146,-89.31824032,5.765826702
1763934548445277400,19.7313,0.163502463,0.5055186417,-0.4471165755,236.2389904,0.3080157251,7.258974519,43.12533871,270.7206226,194.5452222,4.74865153,6.458281146,-89.31824032,5.765826702
1763934548455329500,19.7413,-1.466803906,-2.772828637,-1.448416017,236.2389904,0.3080157251,7.258974519,43.12533871,270.7206226,194.5452222,4.74865153,6.458281146,-89.31824032,5.765826702
1763934548465380400,19.7514,-1.295963355,1.741387594,0.523047138,236.2389904,0.3080157251,7.258974519,43.12533871,270.7206226,194.5452222,4.74865153,6.458281146,-89.31824032,5.765826702
1763934548475431400,19.7614,-0.5771019688,-0.05168795553,-0.9022977995,236.2389904,0.3080157251,7.258974519,43.12533871,270.7206226,194.5452222,4.74865153,6.458281146,-89.31824032,5.765826702
1763934548485483500,19.7715,-2.317679561,-0.2943183158,0.7830337067,236.2389904,0.3080157251,7.258974519,43.12533871,270.7206226,194.5452222,4.74865153,6.458281146,-89.31824032,5.765826702
1763934548495534300,19.7815,-2.179652901,-1.904557026,-1.923267571,236.2389904,0.3080157251,7.258974519,43.12533871,270.7206226,194.5452222,4.74865153,6.458281146,-89.31824032,5.765826702
1763934548505585400,19.7916,-1.638416026,-0.0007474573664,-3.06789704,236.2389904,0.3080157251,7.258974519,43.12533871,270.7206226,194.5452222,4.74865153,6.458281146,-89.31824032,5.765826702
1763934548515636500,19.8016,-2.012718125,2.605971895,-2.83024856,236.2389904,0.3080157251,7.258974519,43.12533871,270.7206226,194.5452222,4.74865153,6.458281146,-89.31824032,5.765826702
1763934548525688300,19.8117,-1.190191854,-0.2328437102,-4.092920471,236.2389904,0.3080157251,7.258974519,43.12533871,270.7206226,194.5452222,4.74865153,6.458281146,-89.31824032,5.765826702
1763934548535739400,19.8217,-1.117419975,3.02769304,3.931429933,236.2389904,0.3080157251,7.258974519,43.12533871,270.7206226,194.5452222,4.74865153,6.458281146,-89.31824032,5.765826702
1763934548545790500,19.8318,-0.1336322254,7.14313514,14.60498669,236.2389904,0.3080157251,7.258974519,43.12533871,270.7206226,194.5452222,4.74865153,6.458281146,-89.31824032,5.765826702
1763934548555841500,19.8418,6.294084946,-1.977604726,7.179354454,236.2389904,0.3080157251,7.258974519,43.12533871,270.7206226,194.5452222,4.74865153,6.458281146,-89.31824032,5.765826702
1763934548565893400,19.8519,2.702445772,-6.337256564,-0.161821378,236.2389904,0.3080157251,7.258974519,43.12533871,270.7206226,194.5452222,4.74865153,6.458281146,-89.31824032,5.765826702
1763934548575944400,19.8619,-1.174706627,-1.253680065,-2.824330861,236.2389904,0.3080157251,7.258974519,43.12533871,270.7206226,194.5452222,4.74865153,6.458281146,-89.31824032,5.765826702
1763934548585995500,19.8720,-0.543701219,-0.00971577672,-3.95126276,236.2389904,0.3080157251,7.258974519,43.12533871,270.7206226,194.5452222,4.74865153,6.458281146,-89.31824032,5.765826702
1763934548596046300,19.8820,0.2439643123,-3.316383141,-1.93686998,236.2389904,0.3080157251,7.258974519,43.12533871,270.7206226,194.5452222,4.74865153,6.458281146,-89.31824032,5.765826702
1763934548606098400,19.8921,2.583774968,-1.234984278,1.914623662,236.2389904,0.3080157251,7.258974519,43.12533871,270.7206226,194.5452222,4.74865153,6.458281146,-89.31824032,5.765826702
1763934548616149500,19.9021,1.978508397,-0.1183092763,-0.7769511719,236.2389904,0.3080157251,7.258974519,43.12533871,270.7206226,194.5452222,4.74865153,6.458281146,-89.31824032,5.765826702
1763934548626200300,19.9122,0.3774913237,2.232315839,-1.103975972,236.2389904,0.3080157251,7.258974519,43.12533871,270.7206226,194.5452222,4.74865153,6.458281146,-89.31824032,5.765826702
1763934548636251400,19.9223,-0.8297088756,-2.284266975,-1.484163037,236.2389904,0.3080157251,7.258974519,43.12533871,270.7206226,194.5452222,4.74865153,6.458281146,-89.31824032,5.765826702
1763934548646303500,19.9323,-1.590942327,0.4034424151,0.9239818081,236.2389904,0.3080157251,7.258974519,43.12533871,270.7206226,194.5452222,4.74865153,6.458281146,-89.31824032,5.765826702
1763934548656354300,19.9424,1.769828237,1.789273819,-2.840074373,236.2389904,0.3080157251,7.258974519,43.12533871,270.7206226,194.5452222,4.74865153,6.458281146,-89.31824032,5.765826702
1763934548666405400,19.9524,1.147426991,3.28604967,-1.140070783,236.2389904,0.3080157251,7.258974519,43.12533871,270.7206226,194.5452222,4.74865153,6.458281146,-89.31824032,5.765826702
1763934548676456400,19.9625,-1.984965026,-0.06922200479,-0.154197459,236.2389904,0.3080157251,7.258974519,43.12533871,270.7206226,194.5452222,4.74865153,6.458281146,-89.31824032,5.765826702
1763934548686508500,19.9725,-1.68711839,0.916729645,-0.3473690841,236.2389904,0.3080157251,7.258974519,43.12533871,270.7206226,194.5452222,4.74865153,6.458281146,-89.31824032,5.765826702
1763934548696559400,19.9826,-1.056841296,1.635395217,-1.278966628,236.2389904,0.3080157251,7.258974519,43.12533871,270.7206226,194.5452222,4.74865153,6.458281146,-89.31824032,5.765826702
1763934548706610400,19.9926,-1.91909993,0.1423199742,0.6220861889,236.2389904,0.3080157251,7.258974519,43.12533871,270.7206226,194.5452222,4.74865153,6.458281146,-89.31824032,5.765826702
1763934548716661500,20.0027,-2.493773795,-8.518068572,1.720428539,236.2389904,0.3080157251,7.258974519,43.12533871,270.7206226,194.5452222,4.74865153,6.458281146,-89.31824032,5.765826702
1763934548726713300,20.0127,-3.9253813,-6.435125987,4.920916771,236.2389904,0.3080157251,7.258974519,43.12533871,270.7206226,194.5452222,4.74865153,6.458281146,-89.31824032,5.765826702
1763934548736764400,20.0228,1.067494791,5.383886164,-0.2687888838,236.2389904,0.3080157251,7.258974519,43.12533871,270.7206226,194.5452222,4.74865153,6.458281146,-89.31824032,5.765826702
1763934548746815500,20.0328,3.003303864,6.992801955,-6.223244985,236.2389904,0.3080157251,7.258974519,43.12533871,270.7206226,194.5452222,4.74865153,6.458281146,-89.31824032,5.765826702
1763934548756866600,20.0429,-0.7962731275,5.187480964,-4.015308239,236.2389904,0.3080157251,7.258974519,43.12533871,270.7206226,194.5452222,4.74865153,6.458281146,-89.31824032,5.765826702
1763934548766918400,20.0529,-2.675479439,5.781833928,4.415505243,236.2389904,0.3080157251,7.258974519,43.12533871,270.7206226,194.5452222,4.74865153,6.458281146,-89.31824032,5.765826702
1763934548776969500,20.0630,1.740807894,-0.6222317349,0.9195534702,236.2389904,0.3080157251,7.258974519,43.12533871,270.7206226,194.5452222,4.74865153,6.458281146,-89.31824032,5.765826702
1763934548787020500,20.0730,1.923552818,-3.292718188,3.037898792,236.2389904,0.3080157251,7.258974519,43.12533871,270.7206226,194.5452222,4.74865153,6.458281146,-89.31824032,5.765826702
1763934548797071400,20.0831,0.3028220863,-3.592660919,1.615019368,236.2389904,0.3080157251,7.258974519,43.12533871,270.7206226,194.5452222,4.74865153,6.458281146,-89.31824032,5.765826702
1763934548807123500,20.0931,1.453824013,-0.8815357281,-2.270104156,236.2389904,0.3080157251,7.258974519,43.12533871,270.7206226,194.5452222,4.74865153,6.458281146,-89.31824032,5.765826702
1763934548817174500,20.1032,3.004227409,2.898352375,-2.948813565,236.2389904,0.3080157251,7.258974519,43.12533871,270.7206226,194.5452222,4.74865153,6.458281146,-89.31824032,5.765826702
1763934548827225300,20.1132,1.62650347,-0.8492357792,0.3407265773,236.2389904,0.3080157251,7.258974519,43.12533871,270.7206226,194.5452222,4.74865153,6.458281146,-89.31824032,5.765826702
1763934548837276400,20.1233,-0.5490706736,-0.6891635829,1.716473079,236.2389904,0.3080157251,7.258974519,43.12533871,270.7206226,194.5452222,4.74865153,6.458281146,-89.31824032,5.765826702
1763934548847328500,20.1333,1.586239264,-0.2609159585,-0.5484609807,236.2389904,0.3080157251,7.258974519,43.12533871,270.7206226,194.5452222,4.74865153,6.458281146,-89.31824032,5.765826702
1763934548857379300,20.1434,-1.225863983,-0.6769182877,-0.722105483,236.2389904,0.3080157251,7.258974519,43.12533871,270.7206226,194.5452222,4.74865153,6.458281146,-89.31824032,5.765826702
1763934548867430400,20.1534,-0.3986848453,0.7349057818,-3.221994546,236.2389904,0.3080157251,7.258974519,43.12533871,270.7206226,194.5452222,4.74865153,6.458281146,-89.31824032,5.765826702
1763934548877481500,20.1635,0.4879494846,-1.368169929,-6.01267565,236.2389904,0.3080157251,7.258974519,43.12533871,270.7206226,194.5452222,4.74865153,6.458281146,-89.31824032,5.765826702
1763934548887533300,20.1735,-0.4919500255,1.044940868,-2.477038349,236.2389904,0.3080157251,7.258974519,43.12533871,270.7206226,194.5452222,4.74865153,6.458281146,-89.31824032,5.765826702
1763934548897584400,20.1836,0.4700946425,7.990003898,8.22880564,236.2389904,0.3080157251,7.258974519,43.12533871,270.7206226,194.5452222,4.74865153,6.458281146,-89.31824032,5.765826702
1763934548907635500,20.1936,1.93523741,5.037162977,12.39976212,236.2389904,0.3080157251,7.258974519,43.12533871,270.7206226,194.5452222,4.74865153,6.458281146,-89.31824032,5.765826702
1763934548917686500,20.2037,3.419717259,-4.6655602,2.659013457,236.2389904,0.3080157251,7.258974519,43.12533871,270.7206226,194.5452222,4.74865153,6.458281146,-89.31824032,5.765826702
1763934548927738400,20.2137,0.1980406559,-3.936405967,-2.153618296,236.2389904,0.3080157251,7.258974519,43.12533871,270.7206226,194.5452222,4.74865153,6.458281146,-89.31824032,5.765826702
1763934548937789400,20.2238,0.8408639644,-3.250546687,-6.201764975,236.2389904,0.3080157251,7.258974519,43.12533871,270.7206226,194.5452222,4.74865153,6.458281146,-89.31824032,5.765826702
1763934548947840500,20.2338,-0.8610814075,-3.295653072,-2.74653392,236.2389904,0.3080157251,7.258974519,43.12533871,270.7206226,194.5452222,4.74865153,6.458281146,-89.31824032,5.765826702
1763934548957891600,20.2439,-0.9317384136,-1.479101954,2.330429737,236.2389904,0.3080157251,7.258974519,43.12533871,270.7206226,194.5452222,4.74865153,6.458281146,-89.31824032,5.765826702
1763934548967943400,20.2539,-0.165584603,2.706398893,0.6723936499,236.2389904,0.3080157251,7.258974519,43.12533871,270.7206226,194.5452222,4.74865153,6.458281146,-89.31824032,5.765826702
1763934548977994500,20.2640,0.3207002729,-2.041804665,-3.217676098,236.2389904,0.3080157251,7.258974519,43.12533871,270.7206226,194.5452222,4.74865153,6.458281146,-89.31824032,5.765826702
1763934548988045600,20.2740,-1.703473312,-3.238382202,1.206920213,236.2389904,0.3080157251,7.258974519,43.12533871,270.7206226,194.5452222,4.74865153,6.458281146,-89.31824032,5.765826702
1763934548998096400,20.2841,1.07745161,1.318006406,-0.0429144281,236.2389904,0.3080157251,7.258974519,43.12533871,270.7206226,194.5452222,4.74865153,6.458281146,-89.31824032,5.765826702
1.76E+18,0.2118,0.0649900663,-0.1332087393,-0.07241583239,236.1086295,0.3080157169,7.258974519,43.12544481,270.5902618,199.7033515,4.74865153,5.074592838,-89.31820668,5.083217144
1.76E+18,0.2922,-0.236335644,0.0173990247,-0.02121639103,236.1086295,0.3080157169,7.258974519,43.12544481,270.5902618,199.7033515,4.74865153,5.074592838,-89.31820668,5.083217144
1.76E+18,1.8099,-0.1467939048,0.01132686518,0.8116653425,236.1086295,0.3080157169,7.258974519,43.12544481,270.5902618,199.7033515,4.74865153,5.074592838,-89.31820668,5.083217144
1.76E+18,1.9808,-1.48708214,0.3987535266,-0.8963011895,236.1086295,0.3080157169,7.258974519,43.12544481,270.5902618,199.7033515,4.74865153,5.074592838,-89.31820668,5.083217144
1.76E+18,2.0612,0.697377869,-0.05351444031,-0.05989011282,236.1086295,0.3080157169,7.258974519,43.12544481,270.5902618,199.7033515,4.74865153,5.074592838,-89.31820668,5.083217144
1.76E+18,4.4936,0.09416033895,-0.1285940851,0.8233394136,236.1086295,0.3080157169,7.258974519,43.12544481,270.5902618,199.7033515,4.74865153,5.074592838,-89.31820668,5.083217144
1.76E+18,4.7449,-0.5165948931,-0.1133422285,0.01721475417,236.1086295,0.3080157169,7.258974519,43.12544481,270.5902618,199.7033515,4.74865153,5.074592838,-89.31820668,5.083217144
1.76E+18,4.8253,-0.4331646225,-0.23368228,0.3618266485,236.1086295,0.3080157169,7.258974519,43.12544481,270.5902618,199.7033515,4.74865153,5.074592838,-89.31820668,5.083217144
1.76E+18,4.9057,-0.5866904659,-0.5170755163,-0.184478031,236.1086295,0.3080157169,7.258974519,43.12544481,270.5902618,199.7033515,4.74865153,5.074592838,-89.31820668,5.083217144
1.76E+18,6.4636,-0.8340952009,-0.1691355004,1.501718568,236.1086295,0.3080157169,7.258974519,43.12544481,270.5902618,199.7033515,4.74865153,5.074592838,-89.31820668,5.083217144
1.76E+18,6.5440,-0.8479517307,-1.586250954,0.3517483221,236.1086295,0.3080157169,7.258974519,43.12544481,270.5902618,199.7033515,4.74865153,5.074592838,-89.31820668,5.083217144
1.76E+18,6.6244,-1.339472973,-1.030777611,1.455611481,236.1086295,0.3080157169,7.258974519,43.12544481,270.5902618,199.7033515,4.74865153,5.074592838,-89.31820668,5.083217144
1.76E+18,6.7049,-0.7528850906,-0.2760760452,0.3672106796,236.1086295,0.3080157169,7.258974519,43.12544481,270.5902618,199.7033515,4.74865153,5.074592838,-89.31820668,5.083217144
1.76E+18,6.7853,-0.5613058493,3.810190448,-3.311737945,236.1086295,0.3080157169,7.258974519,43.12544481,270.5902618,199.7033515,4.74865153,5.074592838,-89.31820668,5.083217144
1.76E+18,6.8657,1.899500911,-1.407073368,-2.062033068,236.1086295,0.3080157169,7.258974519,43.12544481,270.5902618,199.7033515,4.74865153,5.074592838,-89.31820668,5.083217144
1.76E+18,7.1974,-0.4399180423,-1.876518095,0.1245434945,236.1086295,0.3080157169,7.258974519,43.12544481,270.5902618,199.7033515,4.74865153,5.074592838,-89.31820668,5.083217144
1.76E+18,7.2778,1.678573849,-2.653417829,-1.81718094,236.1086295,0.3080157169,7.258974519,43.12544481,270.5902618,199.7033515,4.74865153,5.074592838,-89.31820668,5.083217144
1.76E+18,7.3582,-0.6337596756,-2.621120657,0.8667354878,236.1086295,0.3080157169,7.258974519,43.12544481,270.5902618,199.7033515,4.74865153,5.074592838,-89.31820668,5.083217144
1.76E+18,7.5291,-1.041103628,-0.5502087743,-0.0983288568,236.1086295,0.3080157169,7.258974519,43.12544481,270.5902618,199.7033515,4.74865153,5.074592838,-89.31820668,5.083217144
1.76E+18,7.6899,-0.02491232294,0.1980665575,0.528626984,236.1086295,0.3080157169,7.258974519,43.12544481,270.5902618,199.7033515,4.74865153,5.074592838,-89.31820668,5.083217144
1.76E+18,7.8507,-1.071211182,2.220428563,1.910811994,236.1086295,0.3080157169,7.258974519,43.12544481,270.5902618,199.7033515,4.74865153,5.074592838,-89.31820668,5.083217144
1.76E+18,7.9311,-2.000548379,-1.690209341,1.858846245,236.1086295,0.3080157169,7.258974519,43.12544481,270.5902618,199.7033515,4.74865153,5.074592838,-89.31820668,5.083217144
1.76E+18,8.0115,-0.7248210987,-1.553372475,1.148576745,236.1086295,0.3080157169,7.258974519,43.12544481,270.5902618,199.7033515,4.74865153,5.074592838,-89.31820668,5.083217144
1.76E+18,8.0919,0.4088028461,-0.3394118415,-1.38908003,236.1086295,0.3080157169,7.258974519,43.12544481,270.5902618,199.7033515,4.74865153,5.074592838,-89.31820668,5.083217144
1.76E+18,8.2528,-1.325961019,-2.38567334,-0.2280021154,236.1086295,0.3080157169,7.258974519,43.12544481,270.5902618,199.7033515,4.74865153,5.074592838,-89.31820668,5.083217144
1.76E+18,10.4339,0.3777379919,-0.8185387354,-0.2407172201,236.1086295,0.3080157169,7.258974519,43.12544481,270.5902618,199.7033515,4.74865153,5.074592838,-89.31820668,5.083217144
1.76E+18,10.5947,-3.009834143,-1.608356111,1.539822965,236.1086295,0.3080157169,7.258974519,43.12544481,270.5902618,199.7033515,4.74865153,5.074592838,-89.31820668,5.083217144
1.76E+18,10.7555,-0.3809598035,-0.02350793603,0.0140431384,236.1086295,0.3080157169,7.258974519,43.12544481,270.5902618,199.7033515,4.74865153,5.074592838,-89.31820668,5.083217144
1.76E+18,10.9967,0.2545662607,-2.440847091,-0.2031301245,236.1086295,0.3080157169,7.258974519,43.12544481,270.5902618,199.7033515,4.74865153,5.074592838,-89.31820668,5.083217144
1.76E+18,11.1576,1.20503513,-1.850066288,-1.767673689,236.1086295,0.3080157169,7.258974519,43.12544481,270.5902618,199.7033515,4.74865153,5.074592838,-89.31820668,5.083217144
1.76E+18,11.3184,0.2485877708,-0.2856739677,0.7496154213,236.1086295,0.3080157169,7.258974519,43.12544481,270.5902618,199.7033515,4.74865153,5.074592838,-89.31820668,5.083217144
1.76E+18,11.3988,-0.1652489779,-3.631949558,0.5775760161,236.1086295,0.3080157169,7.258974519,43.12544481,270.5902618,199.7033515,4.74865153,5.074592838,-89.31820668,5.083217144
1.76E+18,11.4792,0.2863210334,3.894968626,-0.8938403523,236.1086295,0.3080157169,7.258974519,43.12544481,270.5902618,199.7033515,4.74865153,5.074592838,-89.31820668,5.083217144
1.76E+18,11.6400,-2.144206324,0.4293133539,2.458543492,236.1086295,0.3080157169,7.258974519,43.12544481,270.5902618,199.7033515,4.74865153,5.074592838,-89.31820668,5.083217144
1.76E+18,11.8008,1.341308225,0.1805029899,0.2783943321,236.1086295,0.3080157169,7.258974519,43.12544481,270.5902618,199.7033515,4.74865153,5.074592838,-89.31820668,5.083217144
1.76E+18,11.9617,1.053703582,0.1843020899,-0.1836573623,236.1086295,0.3080157169,7.258974519,43.12544481,270.5902618,199.7033515,4.74865153,5.074592838,-89.31820668,5.083217144
1.76E+18,12.2029,-0.09792371007,-0.7695404573,1.550432622,236.1086295,0.3080157169,7.258974519,43.12544481,270.5902618,199.7033515,4.74865153,5.074592838,-89.31820668,5.083217144
1.76E+18,12.3637,0.1957178755,-0.1747235297,0.2392249357,236.1086295,0.3080157169,7.258974519,43.12544481,270.5902618,199.7033515,4.74865153,5.074592838,-89.31820668,5.083217144
1.76E+18,13.4090,-2.24529354,1.542756096,0.01746551406,236.1086295,0.3080157169,7.258974519,43.12544481,270.5902618,199.7033515,4.74865153,5.074592838,-89.31820668,5.083217144
1.76E+18,13.5699,-1.344820033,-6.518644812,-3.125460756,236.1086295,0.3080157169,7.258974519,43.12544481,270.5902618,199.7033515,4.74865153,5.074592838,-89.31820668,5.083217144
1.76E+18,13.6503,-1.419505564,2.558920513,-2.880012416,236.1086295,0.3080157169,7.258974519,43.12544481,270.5902618,199.7033515,4.74865153,5.074592838,-89.31820668,5.083217144
1.76E+18,13.7307,-0.595371785,-3.277218421,-0.0540869795,236.1086295,0.3080157169,7.258974519,43.12544481,270.5902618,199.7033515,4.74865153,5.074592838,-89.31820668,5.083217144
1.76E+18,13.8111,0.9919862538,2.911334606,-0.6395622244,236.1086295,0.3080157169,7.258974519,43.12544481,270.5902618,199.7033515,4.74865153,5.074592838,-89.31820668,5.083217144
1.76E+18,13.8915,-0.1620213576,-1.665689817,0.2340630229,236.1086295,0.3080157169,7.258974519,43.12544481,270.5902618,199.7033515,4.74865153,5.074592838,-89.31820668,5.083217144
1.76E+18,13.9719,0.1970996122,-2.343508999,-7.425292039,236.1086295,0.3080157169,7.258974519,43.12544481,270.5902618,199.7033515,4.74865153,5.074592838,-89.31820668,5.083217144
1.76E+18,14.1327,-0.325486265,-1.424613555,4.100553158,236.1086295,0.3080157169,7.258974519,43.12544481,270.5902618,199.7033515,4.74865153,5.074592838,-89.31820668,5.083217144
1.76E+18,14.2131,-0.218487195,1.088377713,-2.826052277,236.1086295,0.3080157169,7.258974519,43.12544481,270.5902618,199.7033515,4.74865153,5.074592838,-89.31820668,5.083217144
1.76E+18,14.2936,2.981037087,0.06118219845,-5.733961585,236.1086295,0.3080157169,7.258974519,43.12544481,270.5902618,199.7033515,4.74865153,5.074592838,-89.31820668,5.083217144
1.76E+18,14.3740,0.1157622587,-1.650922602,-4.409393482,236.1086295,0.3080157169,7.258974519,43.12544481,270.5902618,199.7033515,4.74865153,5.074592838,-89.31820668,5.083217144
1.76E+18,15.4193,-0.2606055409,1.475768718,2.476722122,236.1086295,0.3080157169,7.258974519,43.12544481,270.5902618,199.7033515,4.74865153,5.074592838,-89.31820668,5.083217144
1.76E+18,15.4997,-0.3348702525,2.093666077,-4.14997273,236.1086295,0.3080157169,7.258974519,43.12544481,270.5902618,199.7033515,4.74865153,5.074592838,-89.31820668,5.083217144
1.76E+18,15.5801,0.1749520778,-2.55614871,0.1784305675,236.1086295,0.3080157169,7.258974519,43.12544481,270.5902618,199.7033515,4.74865153,5.074592838,-89.31820668,5.083217144
1.76E+18,15.6605,-0.7029179675,-7.017707848,2.240102985,236.1086295,0.3080157169,7.258974519,43.12544481,270.5902618,199.7033515,4.74865153,5.074592838,-89.31820668,5.083217144
1.76E+18,15.8213,-0.9873556714,-1.374590317,1.783288023,236.1086295,0.3080157169,7.258974519,43.12544481,270.5902618,199.7033515,4.74865153,5.074592838,-89.31820668,5.083217144
1.76E+18,15.9822,3.417798858,-1.33443191,-1.719515515,236.1086295,0.3080157169,7.258974519,43.12544481,270.5902618,199.7033515,4.74865153,5.074592838,-89.31820668,5.083217144
1.76E+18,16.0626,-0.6942974387,-1.072842582,-1.159967908,236.1086295,0.3080157169,7.258974519,43.12544481,270.5902618,199.7033515,4.74865153,5.074592838,-89.31820668,5.083217144
1.76E+18,16.1430,-0.3223088771,-0.3362457787,6.269830795,236.1086295,0.3080157169,7.258974519,43.12544481,270.5902618,199.7033515,4.74865153,5.074592838,-89.31820668,5.083217144
1.76E+18,16.2234,1.122459723,1.268263155,0.8501420804,236.1086295,0.3080157169,7.258974519,43.12544481,270.5902618,199.7033515,4.74865153,5.074592838,-89.31820668,5.083217144
1.76E+18,16.3842,-0.7564157489,-3.851378491,-2.801187301,236.1086295,0.3080157169,7.258974519,43.12544481,270.5902618,199.7033515,4.74865153,5.074592838,-89.31820668,5.083217144
1.76E+18,17.9020,-1.729948647,1.240704702,0.2886374936,236.1086295,0.3080157169,7.258974519,43.12544481,270.5902618,199.7033515,4.74865153,5.074592838,-89.31820668,5.083217144
1.76E+18,18.0628,2.385736614,2.089104468,0.7256207977,236.1086295,0.3080157169,7.258974519,43.12544481,270.5902618,199.7033515,4.74865153,5.074592838,-89.31820668,5.083217144
1.76E+18,18.2236,-1.108182191,-0.4486756415,2.726639133,236.1086295,0.3080157169,7.258974519,43.12544481,270.5902618,199.7033515,4.74865153,5.074592838,-89.31820668,5.083217144
1.76E+18,21.4299,-1.390654732,-5.794499932,-8.326340131,236.1086295,0.3080157169,7.258974519,43.12544481,270.5902618,199.7033515,4.74865153,5.074592838,-89.31820668,5.083217144
1.76E+18,21.5103,-2.601922035,1.876334117,-4.789101239,236.1086295,0.3080157169,7.258974519,43.12544481,270.5902618,199.7033515,4.74865153,5.074592838,-89.31820668,5.083217144
1.76E+18,21.5908,10.85058038,9.200132552,-4.251613488,236.1086295,0.3080157169,7.258974519,43.12544481,270.5902618,199.7033515,4.74865153,5.074592838,-89.31820668,5.083217144
1.76E+18,21.6712,-2.119769802,-2.954755522,3.232904063,236.1086295,0.3080157169,7.258974519,43.12544481,270.5902618,199.7033515,4.74865153,5.074592838,-89.31820668,5.083217144
1.76E+18,21.7516,-0.1665571744,-2.230261975,-0.786713272,236.1086295,0.3080157169,7.258974519,43.12544481,270.5902618,199.7033515,4.74865153,5.074592838,-89.31820668,5.083217144
1.76E+18,21.8320,0.9626712389,1.751551991,1.399073017,236.1086295,0.3080157169,7.258974519,43.12544481,270.5902618,199.7033515,4.74865153,5.074592838,-89.31820668,5.083217144
1.76E+18,21.9124,0.6019055707,0.5715010801,-0.5007721779,236.1086295,0.3080157169,7.258974519,43.12544481,270.5902618,199.7033515,4.74865153,5.074592838,-89.31820668,5.083217144
1.76E+18,21.9928,-0.2159597955,-0.7911164754,-4.014329165,236.1086295,0.3080157169,7.258974519,43.12544481,270.5902618,199.7033515,4.74865153,5.074592838,-89.31820668,5.083217144
1.76E+18,22.0732,2.467504212,-0.7769003185,-0.4512123204,236.1086295,0.3080157169,7.258974519,43.12544481,270.5902618,199.7033515,4.74865153,5.074592838,-89.31820668,5.083217144
1.76E+18,22.1536,-0.8712064226,-0.175889797,-0.09930033219,236.1086295,0.3080157169,7.258974519,43.12544481,270.5902618,199.7033515,4.74865153,5.074592838,-89.31820668,5.083217144
1.76E+18,22.2340,-0.7643184118,1.501280907,-1.103860236,236.1086295,0.3080157169,7.258974519,43.12544481,270.5902618,199.7033515,4.74865153,5.074592838,-89.31820668,5.083217144
1.76E+18,22.3144,-0.4331026632,1.623563471,0.8052326791,236.1086295,0.3080157169,7.258974519,43.12544481,270.5902618,199.7033515,4.74865153,5.074592838,-89.31820668,5.083217144
1.76E+18,22.6260,-5.088821853,5.563676914,-4.983976161,236.1086295,0.3080157169,7.258974519,43.12544481,270.5902618,199.7033515,4.74865153,5.074592838,-89.31820668,5.083217144
1.76E+18,22.7064,-2.01711373,2.135449309,2.857728103,236.1086295,0.3080157169,7.258974519,43.12544481,270.5902618,199.7033515,4.74865153,5.074592838,-89.31820668,5.083217144
1.76E+18,22.7869,3.570120586,-0.2900583202,-0.6683446668,236.1086295,0.3080157169,7.258974519,43.12544481,270.5902618,199.7033515,4.74865153,5.074592838,-89.31820668,5.083217144
1.76E+18,22.8673,-1.864545333,-1.108677866,1.158289161,236.1086295,0.3080157169,7.258974519,43.12544481,270.5902618,199.7033515,4.74865153,5.074592838,-89.31820668,5.083217144
1.76E+18,23.0281,-2.12823251,-1.155637331,2.074988411,236.1086295,0.3080157169,7.258974519,43.12544481,270.5902618,199.7033515,4.74865153,5.074592838,-89.31820668,5.083217144
1.76E+18,23.1085,-0.7479881123,-0.4260473379,-1.025548916,236.1086295,0.3080157169,7.258974519,43.12544481,270.5902618,199.7033515,4.74865153,5.074592838,-89.31820668,5.083217144
1.76E+18,23.1889,-0.3051028177,-0.781761641,0.4054658837,236.1086295,0.3080157169,7.258974519,43.12544481,270.5902618,199.7033515,4.74865153,5.074592838,-89.31820668,5.083217144
1.76E+18,23.2693,-1.251475394,1.613919882,0.9165098648,236.1086295,0.3080157169,7.258974519,43.12544481,270.5902618,199.7033515,4.74865153,5.074592838,-89.31820668,5.083217144
1.76E+18,23.3497,-0.6950713456,12.21614392,23.94881108,236.1086295,0.3080157169,7.258974519,43.12544481,270.5902618,199.7033515,4.74865153,5.074592838,-89.31820668,5.083217144
1.76E+18,23.4301,4.84419272,3.962608915,8.964905746,236.1086295,0.3080157169,7.258974519,43.12544481,270.5902618,199.7033515,4.74865153,5.074592838,-89.31820668,5.083217144
1.76E+18,23.6613,-0.2035796218,-1.836107028,-1.137578966,236.1086295,0.3080157169,7.258974519,43.12544481,270.5902618,199.7033515,4.74865153,5.074592838,-89.31820668,5.083217144
1.76E+18,23.7417,2.55503052,-1.823249008,-0.362800462,236.1086295,0.3080157169,7.258974519,43.12544481,270.5902618,199.7033515,4.74865153,5.074592838,-89.31820668,5.083217144
1.76E+18,23.8221,-3.539608543,-0.5921344105,1.465793852,236.1086295,0.3080157169,7.258974519,43.12544481,270.5902618,199.7033515,4.74865153,5.074592838,-89.31820668,5.083217144
1.76E+18,23.9025,2.580568281,-1.05370402,-2.331402966,236.1086295,0.3080157169,7.258974519,43.12544481,270.5902618,199.7033515,4.74865153,5.074592838,-89.31820668,5.083217144
1.76E+18,23.9830,5.928390517,-6.34064796,-3.886173325,236.1086295,0.3080157169,7.258974519,43.12544481,270.5902618,199.7033515,4.74865153,5.074592838,-89.31820668,5.083217144
1.76E+18,24.1438,0.6607843145,5.96841273,4.149485239,236.1086295,0.3080157169,7.258974519,43.12544481,270.5902618,199.7033515,4.74865153,5.074592838,-89.31820668,5.083217144
1.76E+18,24.2242,-0.6101971598,1.475430572,-1.022435168,236.1086295,0.3080157169,7.258974519,43.12544481,270.5902618,199.7033515,4.74865153,5.074592838,-89.31820668,5.083217144
1.76E+18,24.3046,-2.483122637,0.1453518893,0.8168693408,236.1086295,0.3080157169,7.258974519,43.12544481,270.5902618,199.7033515,4.74865153,5.074592838,-89.31820668,5.083217144
1.76E+18,29.0488,-1.2889035,2.08561122,-2.096919088,236.1086295,0.3080157169,7.258974519,43.12544481,270.5902618,199.7033515,4.74865153,5.074592838,-89.31820668,5.083217144
1.76E+18,29.2096,0.4323302175,0.2932902879,0.2692307824,236.1086295,0.3080157169,7.258974519,43.12544481,270.5902618,199.7033515,4.74865153,5.074592838,-89.31820668,5.083217144
1763934544505187000,15.7912,2.490000122,1.071276794,-2.616901578,236.096842,0.3412645184,7.258974519,43.1254927,270.5784743,202.6518742,4.74865153,5.056500511,-89.31818651,4.948497772
1763934544515238100,15.8012,-0.1861830448,0.8611516963,-2.872125462,236.096842,0.3412645184,7.258974519,43.1254927,270.5784743,202.6518742,4.74865153,5.056500511,-89.31818651,4.948497772
1763934544525289000,15.8113,-0.2504524322,-3.917652167,-4.293568716,236.096842,0.3412645184,7.258974519,43.1254927,270.5784743,202.6518742,4.74865153,5.056500511,-89.31818651,4.948497772
1763934544545392000,15.8314,2.574119836,4.696213112,4.414668207,236.096842,0.3412645184,7.258974519,43.1254927,270.5784743,202.6518742,4.74865153,5.056500511,-89.31818651,4.948497772
1763934544555443000,15.8414,4.661712877,-0.626039895,1.728185729,236.096842,0.3412645184,7.258974519,43.1254927,270.5784743,202.6518742,4.74865153,5.056500511,-89.31818651,4.948497772
1763934544565494000,15.8515,0.7281891869,-1.445123112,-1.170220422,236.096842,0.3412645184,7.258974519,43.1254927,270.5784743,202.6518742,4.74865153,5.056500511,-89.31818651,4.948497772
1763934544575545000,15.8615,-4.045740202,2.600589325,-3.675480657,236.096842,0.3412645184,7.258974519,43.1254927,270.5784743,202.6518742,4.74865153,5.056500511,-89.31818651,4.948497772
1763934544585597000,15.8716,-4.53155505,0.8799738857,-3.484418571,236.096842,0.3412645184,7.258974519,43.1254927,270.5784743,202.6518742,4.74865153,5.056500511,-89.31818651,4.948497772
1763934544595648000,15.8816,-1.599652872,-2.547780695,-0.3358282839,236.096842,0.3412645184,7.258974519,43.1254927,270.5784743,202.6518742,4.74865153,5.056500511,-89.31818651,4.948497772
1763934544605699000,15.8917,0.3293336612,-3.822016787,-1.344605513,236.096842,0.3412645184,7.258974519,43.1254927,270.5784743,202.6518742,4.74865153,5.056500511,-89.31818651,4.948497772
1763934544615750100,15.9018,-1.012472577,7.152882042,3.703605512,236.096842,0.3412645184,7.258974519,43.1254927,270.5784743,202.6518742,4.74865153,5.056500511,-89.31818651,4.948497772
1763934544625802000,15.9118,-0.7733224601,5.216820456,3.889002996,236.096842,0.3412645184,7.258974519,43.1254927,270.5784743,202.6518742,4.74865153,5.056500511,-89.31818651,4.948497772
1763934544635853000,15.9219,0.0288917297,-3.561545065,0.9005506636,236.096842,0.3412645184,7.258974519,43.1254927,270.5784743,202.6518742,4.74865153,5.056500511,-89.31818651,4.948497772
1763934544645904100,15.9319,-1.9305928,-1.904438075,1.474521349,236.096842,0.3412645184,7.258974519,43.1254927,270.5784743,202.6518742,4.74865153,5.056500511,-89.31818651,4.948497772
1763934544655955200,15.9420,0.336284759,0.1401633807,-3.02801745,236.096842,0.3412645184,7.258974519,43.1254927,270.5784743,202.6518742,4.74865153,5.056500511,-89.31818651,4.948497772
1763934544666007000,15.9520,1.036242744,-1.528513782,-1.965011786,236.096842,0.3412645184,7.258974519,43.1254927,270.5784743,202.6518742,4.74865153,5.056500511,-89.31818651,4.948497772
1763934544676058000,15.9621,0.6010673663,0.145528561,3.373434231,236.096842,0.3412645184,7.258974519,43.1254927,270.5784743,202.6518742,4.74865153,5.056500511,-89.31818651,4.948497772
1763934544686109200,15.9721,4.171971212,-2.430330812,-1.925920132,236.096842,0.3412645184,7.258974519,43.1254927,270.5784743,202.6518742,4.74865153,5.056500511,-89.31818651,4.948497772
1763934544706212000,15.9922,-0.9425450543,4.628410034,2.644054957,236.096842,0.3412645184,7.258974519,43.1254927,270.5784743,202.6518742,4.74865153,5.056500511,-89.31818651,4.948497772
1763934544716263200,16.0023,0.9217337369,2.462943188,-0.7588666492,236.096842,0.3412645184,7.258974519,43.1254927,270.5784743,202.6518742,4.74865153,5.056500511,-89.31818651,4.948497772
1763934544726314000,16.0123,0.9247159676,-0.3858401229,1.280585753,236.096842,0.3412645184,7.258974519,43.1254927,270.5784743,202.6518742,4.74865153,5.056500511,-89.31818651,4.948497772
1763934544736365000,16.0224,0.7639666027,-7.508843014,-1.218622342,236.096842,0.3412645184,7.258974519,43.1254927,270.5784743,202.6518742,4.74865153,5.056500511,-89.31818651,4.948497772
1763934544746417200,16.0324,-0.7319149294,1.871190909,2.675186009,236.096842,0.3412645184,7.258974519,43.1254927,270.5784743,202.6518742,4.74865153,5.056500511,-89.31818651,4.948497772
1763934544756468000,16.0425,2.037030729,-0.9740930158,-4.042273403,236.096842,0.3412645184,7.258974519,43.1254927,270.5784743,202.6518742,4.74865153,5.056500511,-89.31818651,4.948497772
1763934544766519000,16.0525,-2.316988072,1.377697928,-0.4968342539,236.096842,0.3412645184,7.258974519,43.1254927,270.5784743,202.6518742,4.74865153,5.056500511,-89.31818651,4.948497772
1763934544786622000,16.0726,-1.296427466,0.9480322535,2.007840874,236.096842,0.3412645184,7.258974519,43.1254927,270.5784743,202.6518742,4.74865153,5.056500511,-89.31818651,4.948497772
1763934544796673000,16.0827,2.870834838,-0.7717826833,2.036663649,236.096842,0.3412645184,7.258974519,43.1254927,270.5784743,202.6518742,4.74865153,5.056500511,-89.31818651,4.948497772
1763934544806724000,16.0927,1.205545418,-4.88054209,0.7751806551,236.096842,0.3412645184,7.258974519,43.1254927,270.5784743,202.6518742,4.74865153,5.056500511,-89.31818651,4.948497772
1763934544816775200,16.1028,-0.06064356153,-3.074458299,-0.8974135346,236.096842,0.3412645184,7.258974519,43.1254927,270.5784743,202.6518742,4.74865153,5.056500511,-89.31818651,4.948497772
1763934544826827000,16.1128,-1.401801565,0.8714085941,-2.507684247,236.096842,0.3412645184,7.258974519,43.1254927,270.5784743,202.6518742,4.74865153,5.056500511,-89.31818651,4.948497772
1763934544836878000,16.1229,-0.6161696584,4.794893851,-0.7666320225,236.096842,0.3412645184,7.258974519,43.1254927,270.5784743,202.6518742,4.74865153,5.056500511,-89.31818651,4.948497772
1763934544846929200,16.1329,-0.4950538002,2.514351304,0.9253051656,236.096842,0.3412645184,7.258974519,43.1254927,270.5784743,202.6518742,4.74865153,5.056500511,-89.31818651,4.948497772
1763934544867032000,16.1530,1.76630357,-0.478039537,1.587886447,236.096842,0.3412645184,7.258974519,43.1254927,270.5784743,202.6518742,4.74865153,5.056500511,-89.31818651,4.948497772
1763934544877083100,16.1631,1.842031303,2.630300573,-1.748653347,236.096842,0.3412645184,7.258974519,43.1254927,270.5784743,202.6518742,4.74865153,5.056500511,-89.31818651,4.948497772
1763934544887134000,16.1731,-1.317451549,1.744307865,-1.848777271,236.096842,0.3412645184,7.258974519,43.1254927,270.5784743,202.6518742,4.74865153,5.056500511,-89.31818651,4.948497772
1763934544897185000,16.1832,-3.820007201,0.1927086837,0.9013111266,236.096842,0.3412645184,7.258974519,43.1254927,270.5784743,202.6518742,4.74865153,5.056500511,-89.31818651,4.948497772
1763934544907237000,16.1932,2.064857478,-3.032190644,-3.268676218,236.096842,0.3412645184,7.258974519,43.1254927,270.5784743,202.6518742,4.74865153,5.056500511,-89.31818651,4.948497772
1763934544917288200,16.2033,-0.9644225395,1.949352883,4.382473911,236.096842,0.3412645184,7.258974519,43.1254927,270.5784743,202.6518742,4.74865153,5.056500511,-89.31818651,4.948497772
1763934544927339000,16.2133,2.122609409,0.6090095575,1.403800045,236.096842,0.3412645184,7.258974519,43.1254927,270.5784743,202.6518742,4.74865153,5.056500511,-89.31818651,4.948497772
1763934544947442200,16.2334,1.380107619,-2.969219808,-0.1013069958,236.096842,0.3412645184,7.258974519,43.1254927,270.5784743,202.6518742,4.74865153,5.056500511,-89.31818651,4.948497772
1763934544957493000,16.2435,0.2974398088,-0.5666574394,-3.153644648,236.096842,0.3412645184,7.258974519,43.1254927,270.5784743,202.6518742,4.74865153,5.056500511,-89.31818651,4.948497772
1763934544967544000,16.2535,1.57843122,-1.199104279,-6.166062962,236.096842,0.3412645184,7.258974519,43.1254927,270.5784743,202.6518742,4.74865153,5.056500511,-89.31818651,4.948497772
1763934544977595100,16.2636,-4.138316779,0.453300671,2.31524269,236.096842,0.3412645184,7.258974519,43.1254927,270.5784743,202.6518742,4.74865153,5.056500511,-89.31818651,4.948497772
1763934544987647000,16.2736,-2.004181767,-0.04569412194,6.645019029,236.096842,0.3412645184,7.258974519,43.1254927,270.5784743,202.6518742,4.74865153,5.056500511,-89.31818651,4.948497772
1763934544997698000,16.2837,3.619011166,0.8080421835,3.389251393,236.096842,0.3412645184,7.258974519,43.1254927,270.5784743,202.6518742,4.74865153,5.056500511,-89.31818651,4.948497772
1763934545007749000,16.2937,4.781981763,1.620142703,0.1035901383,236.096842,0.3412645184,7.258974519,43.1254927,270.5784743,202.6518742,4.74865153,5.056500511,-89.31818651,4.948497772
1763934545017800200,16.3038,1.642823321,-5.074942965,-5.206612366,236.096842,0.3412645184,7.258974519,43.1254927,270.5784743,202.6518742,4.74865153,5.056500511,-89.31818651,4.948497772
1763934545027852000,16.3139,-2.432334699,-5.554173173,-4.575251568,236.096842,0.3412645184,7.258974519,43.1254927,270.5784743,202.6518742,4.74865153,5.056500511,-89.31818651,4.948497772
1763934545037903000,16.3239,-2.383584405,2.627505389,-3.01605404,236.096842,0.3412645184,7.258974519,43.1254927,270.5784743,202.6518742,4.74865153,5.056500511,-89.31818651,4.948497772
1763934545047954200,16.3340,0.3626466962,5.278111083,1.382782392,236.096842,0.3412645184,7.258974519,43.1254927,270.5784743,202.6518742,4.74865153,5.056500511,-89.31818651,4.948497772
1763934545058005000,16.3440,0.05976381956,3.032888271,9.840376913,236.096842,0.3412645184,7.258974519,43.1254927,270.5784743,202.6518742,4.74865153,5.056500511,-89.31818651,4.948497772
1763934545068057000,16.3541,3.334081295,-1.265211659,1.891512835,236.096842,0.3412645184,7.258974519,43.1254927,270.5784743,202.6518742,4.74865153,5.056500511,-89.31818651,4.948497772
1763934545078108200,16.3641,3.384354853,1.060336444,-2.678611307,236.096842,0.3412645184,7.258974519,43.1254927,270.5784743,202.6518742,4.74865153,5.056500511,-89.31818651,4.948497772
1763934545088159000,16.3742,-2.876791116,1.239079292,-0.9377934758,236.096842,0.3412645184,7.258974519,43.1254927,270.5784743,202.6518742,4.74865153,5.056500511,-89.31818651,4.948497772
1763934545108262400,16.3943,1.20792033,-3.996376744,0.7430588392,236.096842,0.3412645184,7.258974519,43.1254927,270.5784743,202.6518742,4.74865153,5.056500511,-89.31818651,4.948497772
1763934545118313200,16.4043,2.427065819,-0.328131738,0.1463806478,236.096842,0.3412645184,7.258974519,43.1254927,270.5784743,202.6518742,4.74865153,5.056500511,-89.31818651,4.948497772
1763934545128364300,16.4144,3.363803064,4.80051929,0.2843821743,236.096842,0.3412645184,7.258974519,43.1254927,270.5784743,202.6518742,4.74865153,5.056500511,-89.31818651,4.948497772
1763934545138415400,16.4244,-0.1868237539,3.529116375,1.607483127,236.096842,0.3412645184,7.258974519,43.1254927,270.5784743,202.6518742,4.74865153,5.056500511,-89.31818651,4.948497772
1763934545148467200,16.4345,-1.796211217,1.407249747,4.511890564,236.096842,0.3412645184,7.258974519,43.1254927,270.5784743,202.6518742,4.74865153,5.056500511,-89.31818651,4.948497772
1763934545158518300,16.4445,-0.8525392046,-1.329171944,-0.6763105311,236.096842,0.3412645184,7.258974519,43.1254927,270.5784743,202.6518742,4.74865153,5.056500511,-89.31818651,4.948497772
1763934545168569300,16.4546,0.5969289148,-2.131028863,-2.689187646,236.096842,0.3412645184,7.258974519,43.1254927,270.5784743,202.6518742,4.74865153,5.056500511,-89.31818651,4.948497772
1763934545178620400,16.4646,-1.4056711,-4.950741416,-0.9998732076,236.096842,0.3412645184,7.258974519,43.1254927,270.5784743,202.6518742,4.74865153,5.056500511,-89.31818651,4.948497772
1763934545188672300,16.4747,1.913719991,1.978948396,-0.241541396,236.096842,0.3412645184,7.258974519,43.1254927,270.5784743,202.6518742,4.74865153,5.056500511,-89.31818651,4.948497772
1763934545198723300,16.4847,3.35351314,1.616130106,-3.010254999,236.096842,0.3412645184,7.258974519,43.1254927,270.5784743,202.6518742,4.74865153,5.056500511,-89.31818651,4.948497772
1763934545208774400,16.4948,0.9539175852,-0.7120072829,-3.179070766,236.096842,0.3412645184,7.258974519,43.1254927,270.5784743,202.6518742,4.74865153,5.056500511,-89.31818651,4.948497772
1763934545218825200,16.5048,-0.9313269101,1.791592179,-4.338628339,236.096842,0.3412645184,7.258974519,43.1254927,270.5784743,202.6518742,4.74865153,5.056500511,-89.31818651,4.948497772
1763934545228877300,16.5149,-0.01261518796,4.25648314,-1.114955631,236.096842,0.3412645184,7.258974519,43.1254927,270.5784743,202.6518742,4.74865153,5.056500511,-89.31818651,4.948497772
1763934545238928400,16.5249,0.6319406435,-1.921119161,1.208939152,236.096842,0.3412645184,7.258974519,43.1254927,270.5784743,202.6518742,4.74865153,5.056500511,-89.31818651,4.948497772
1763934545248979500,16.5350,-1.786919657,0.9549931785,10.08120928,236.096842,0.3412645184,7.258974519,43.1254927,270.5784743,202.6518742,4.74865153,5.056500511,-89.31818651,4.948497772
1763934545259030300,16.5450,2.01035651,1.657729214,5.6969783,236.096842,0.3412645184,7.258974519,43.1254927,270.5784743,202.6518742,4.74865153,5.056500511,-89.31818651,4.948497772
1763934545269082400,16.5551,4.329656513,0.4624738653,1.423375099,236.096842,0.3412645184,7.258974519,43.1254927,270.5784743,202.6518742,4.74865153,5.056500511,-89.31818651,4.948497772
1763934545279133400,16.5651,-2.417105566,-1.596393578,2.105619696,236.096842,0.3412645184,7.258974519,43.1254927,270.5784743,202.6518742,4.74865153,5.056500511,-89.31818651,4.948497772
1763934545289184300,16.5752,-1.585445483,3.99592374,0.5070733238,236.096842,0.3412645184,7.258974519,43.1254927,270.5784743,202.6518742,4.74865153,5.056500511,-89.31818651,4.948497772
1763934545299235300,16.5852,1.496245105,-1.822799218,-6.09967998,236.096842,0.3412645184,7.258974519,43.1254927,270.5784743,202.6518742,4.74865153,5.056500511,-89.31818651,4.948497772
1763934545309287400,16.5953,-0.7650047866,-7.846739921,-6.866160027,236.096842,0.3412645184,7.258974519,43.1254927,270.5784743,202.6518742,4.74865153,5.056500511,-89.31818651,4.948497772
1763934545319338200,16.6053,-1.789376987,-1.81835656,-3.164773945,236.096842,0.3412645184,7.258974519,43.1254927,270.5784743,202.6518742,4.74865153,5.056500511,-89.31818651,4.948497772
1763934545329389300,16.6154,4.460997412,3.909978564,-3.987624698,236.096842,0.3412645184,7.258974519,43.1254927,270.5784743,202.6518742,4.74865153,5.056500511,-89.31818651,4.948497772
1763934545339440400,16.6254,0.4031669591,4.283842856,4.878907767,236.096842,0.3412645184,7.258974519,43.1254927,270.5784743,202.6518742,4.74865153,5.056500511,-89.31818651,4.948497772
1763934545349492200,16.6355,0.05968439764,1.669649076,10.31340827,236.096842,0.3412645184,7.258974519,43.1254927,270.5784743,202.6518742,4.74865153,5.056500511,-89.31818651,4.948497772
1763934545359543300,16.6455,2.177507705,-1.857515434,0.1776397094,236.096842,0.3412645184,7.258974519,43.1254927,270.5784743,202.6518742,4.74865153,5.056500511,-89.31818651,4.948497772
1763934545369594400,16.6556,1.150250232,4.465933115,-1.812787673,236.096842,0.3412645184,7.258974519,43.1254927,270.5784743,202.6518742,4.74865153,5.056500511,-89.31818651,4.948497772
1763934545379645400,16.6656,-1.56239194,-1.024663804,-3.570809153,236.096842,0.3412645184,7.258974519,43.1254927,270.5784743,202.6518742,4.74865153,5.056500511,-89.31818651,4.948497772
1763934545389697300,16.6757,-2.940020017,-3.502893847,-1.842940235,236.096842,0.3412645184,7.258974519,43.1254927,270.5784743,202.6518742,4.74865153,5.056500511,-89.31818651,4.948497772
1763934545399748400,16.6857,-0.748301416,1.325319798,-2.125677565,236.096842,0.3412645184,7.258974519,43.1254927,270.5784743,202.6518742,4.74865153,5.056500511,-89.31818651,4.948497772
1763934545409799400,16.6958,-0.6530711098,4.660899807,-0.6967343104,236.096842,0.3412645184,7.258974519,43.1254927,270.5784743,202.6518742,4.74865153,5.056500511,-89.31818651,4.948497772
1763934545419850200,16.7059,-0.7704173863,-0.6522295444,1.488711787,236.096842,0.3412645184,7.258974519,43.1254927,270.5784743,202.6518742,4.74865153,5.056500511,-89.31818651,4.948497772
1763934545429902300,16.7159,-1.724682104,-4.281681879,3.186189658,236.096842,0.3412645184,7.258974519,43.1254927,270.5784743,202.6518742,4.74865153,5.056500511,-89.31818651,4.948497772
1763934545439953400,16.7260,0.8602747673,-1.952721483,0.003313654593,236.096842,0.3412645184,7.258974519,43.1254927,270.5784743,202.6518742,4.74865153,5.056500511,-89.31818651,4.948497772
1763934545450004200,16.7360,1.080091238,1.434601718,-0.6993436161,236.096842,0.3412645184,7.258974519,43.1254927,270.5784743,202.6518742,4.74865153,5.056500511,-89.31818651,4.948497772
1763934545460055300,16.7461,-0.9011632425,2.489040337,-0.9774895264,236.096842,0.3412645184,7.258974519,43.1254927,270.5784743,202.6518742,4.74865153,5.056500511,-89.31818651,4.948497772
1763934545470107400,16.7561,0.2091325615,-0.8796838167,-0.7363865218,236.096842,0.3412645184,7.258974519,43.1254927,270.5784743,202.6518742,4.74865153,5.056500511,-89.31818651,4.948497772
1763934545480158200,16.7662,-0.7463000131,2.090780293,3.136174458,236.096842,0.3412645184,7.258974519,43.1254927,270.5784743,202.6518742,4.74865153,5.056500511,-89.31818651,4.948497772
1763934545490209300,16.7762,1.314013391,0.3126671885,-2.635307003,236.096842,0.3412645184,7.258974519,43.1254927,270.5784743,202.6518742,4.74865153,5.056500511,-89.31818651,4.948497772
1763934545500260400,16.7863,0.580057348,1.684865935,-0.6667272947,236.096842,0.3412645184,7.258974519,43.1254927,270.5784743,202.6518742,4.74865153,5.056500511,-89.31818651,4.948497772
1763934545510312200,16.7963,-0.6157143158,-1.96852564,0.5367015694,236.096842,0.3412645184,7.258974519,43.1254927,270.5784743,202.6518742,4.74865153,5.056500511,-89.31818651,4.948497772
1763934545520363300,16.8064,1.565247914,-0.02936930235,0.5481459234,236.096842,0.3412645184,7.258974519,43.1254927,270.5784743,202.6518742,4.74865153,5.056500511,-89.31818651,4.948497772
1763934545530414300,16.8164,3.675862934,-0.3854978853,1.306287766,236.096842,0.3412645184,7.258974519,43.1254927,270.5784743,202.6518742,4.74865153,5.056500511,-89.31818651,4.948497772
1763934545540465400,16.8265,0.06435118388,-2.451523092,3.208513718,236.096842,0.3412645184,7.258974519,43.1254927,270.5784743,202.6518742,4.74865153,5.056500511,-89.31818651,4.948497772
1763934545550517200,16.8365,1.646450864,-1.057084603,-1.044039682,236.096842,0.3412645184,7.258974519,43.1254927,270.5784743,202.6518742,4.74865153,5.056500511,-89.31818651,4.948497772
1763934545560568300,16.8466,2.258831067,3.907290932,-1.15645084,236.096842,0.3412645184,7.258974519,43.1254927,270.5784743,202.6518742,4.74865153,5.056500511,-89.31818651,4.948497772
1763934545570619400,16.8566,0.1865279493,-2.756748732,-2.07150583,236.096842,0.3412645184,7.258974519,43.1254927,270.5784743,202.6518742,4.74865153,5.056500511,-89.31818651,4.948497772
1763934545580670500,16.8667,-0.9344716379,0.8616410872,1.048261099,236.096842,0.3412645184,7.258974519,43.1254927,270.5784743,202.6518742,4.74865153,5.056500511,-89.31818651,4.948497772
1763934545590722300,16.8767,0.8398749534,-0.505282641,-1.123947916,236.096842,0.3412645184,7.258974519,43.1254927,270.5784743,202.6518742,4.74865153,5.056500511,-89.31818651,4.948497772
1763934545600773400,16.8868,-0.2249029804,-2.811475178,-0.7952215727,236.096842,0.3412645184,7.258974519,43.1254927,270.5784743,202.6518742,4.74865153,5.056500511,-89.31818651,4.948497772
1763934545610824400,16.8968,0.3267033127,2.195488621,0.5922767416,236.096842,0.3412645184,7.258974519,43.1254927,270.5784743,202.6518742,4.74865153,5.056500511,-89.31818651,4.948497772
1763934545620875300,16.9069,0.3556535128,1.686721353,-1.506466054,236.096842,0.3412645184,7.258974519,43.1254927,270.5784743,202.6518742,4.74865153,5.056500511,-89.31818651,4.948497772
1763934545630927400,16.9169,-2.455278352,0.9870087576,2.085269566,236.096842,0.3412645184,7.258974519,43.1254927,270.5784743,202.6518742,4.74865153,5.056500511,-89.31818651,4.948497772
1763934545640978400,16.9270,-0.5654828427,1.826312633,-0.6804863554,236.096842,0.3412645184,7.258974519,43.1254927,270.5784743,202.6518742,4.74865153,5.056500511,-89.31818651,4.948497772
1763934545651029200,16.9370,-1.581220559,0.131657272,-2.096115955,236.096842,0.3412645184,7.258974519,43.1254927,270.5784743,202.6518742,4.74865153,5.056500511,-89.31818651,4.948497772
1763934545661080300,16.9471,-2.078700125,-1.305527887,1.034865026,236.096842,0.3412645184,7.258974519,43.1254927,270.5784743,202.6518742,4.74865153,5.056500511,-89.31818651,4.948497772
1763934545671132400,16.9571,-0.04325695792,-0.3336420259,-1.558918126,236.096842,0.3412645184,7.258974519,43.1254927,270.5784743,202.6518742,4.74865153,5.056500511,-89.31818651,4.948497772
1763934545681183200,16.9672,1.729685612,0.3083421649,-5.96902414,236.096842,0.3412645184,7.258974519,43.1254927,270.5784743,202.6518742,4.74865153,5.056500511,-89.31818651,4.948497772
1763934545691234300,16.9772,-2.910802106,4.271804336,-1.50989486,236.096842,0.3412645184,7.258974519,43.1254927,270.5784743,202.6518742,4.74865153,5.056500511,-89.31818651,4.948497772
1763934545701285400,16.9873,-2.868589104,6.818153244,9.31651729,236.096842,0.3412645184,7.258974519,43.1254927,270.5784743,202.6518742,4.74865153,5.056500511,-89.31818651,4.948497772
1763934545711337200,16.9973,0.6845733325,-1.350235921,9.691015204,236.096842,0.3412645184,7.258974519,43.1254927,270.5784743,202.6518742,4.74865153,5.056500511,-89.31818651,4.948497772
1763934545721388300,17.0074,1.890722561,-6.457347171,4.267448771,236.096842,0.3412645184,7.258974519,43.1254927,270.5784743,202.6518742,4.74865153,5.056500511,-89.31818651,4.948497772
1763934545731439400,17.0174,0.02369417932,-2.366798105,-2.877779542,236.096842,0.3412645184,7.258974519,43.1254927,270.5784743,202.6518742,4.74865153,5.056500511,-89.31818651,4.948497772
1763934545741490400,17.0275,0.7127028639,0.8623797768,-7.542732424,236.096842,0.3412645184,7.258974519,43.1254927,270.5784743,202.6518742,4.74865153,5.056500511,-89.31818651,4.948497772
1763934545751542300,17.0375,0.1780979746,-2.81905555,-8.630361656,236.096842,0.3412645184,7.258974519,43.1254927,270.5784743,202.6518742,4.74865153,5.056500511,-89.31818651,4.948497772
1763934545761593300,17.0476,-2.093427739,-0.2268902087,0.4974760589,236.096842,0.3412645184,7.258974519,43.1254927,270.5784743,202.6518742,4.74865153,5.056500511,-89.31818651,4.948497772
1763934545771644400,17.0576,0.1396936808,-1.126094426,2.716114231,236.096842,0.3412645184,7.258974519,43.1254927,270.5784743,202.6518742,4.74865153,5.056500511,-89.31818651,4.948497772
1763934545781696300,17.0677,1.52935827,1.924886989,2.600752407,236.096842,0.3412645184,7.258974519,43.1254927,270.5784743,202.6518742,4.74865153,5.056500511,-89.31818651,4.948497772
1763934545791747300,17.0777,1.879567546,1.440349907,-0.8763789299,236.096842,0.3412645184,7.258974519,43.1254927,270.5784743,202.6518742,4.74865153,5.056500511,-89.31818651,4.948497772
1763934545801798400,17.0878,0.8529192169,-2.679091199,-1.791125292,236.096842,0.3412645184,7.258974519,43.1254927,270.5784743,202.6518742,4.74865153,5.056500511,-89.31818651,4.948497772
1763934545811849500,17.0978,-1.217542803,0.9869619959,1.693113831,236.096842,0.3412645184,7.258974519,43.1254927,270.5784743,202.6518742,4.74865153,5.056500511,-89.31818651,4.948497772
1763934545821901300,17.1079,0.7786708353,0.2555121998,-0.1958949125,236.096842,0.3412645184,7.258974519,43.1254927,270.5784743,202.6518742,4.74865153,5.056500511,-89.31818651,4.948497772
1763934545831952400,17.1180,-0.7342705526,-0.5753197616,-0.6565507686,236.096842,0.3412645184,7.258974519,43.1254927,270.5784743,202.6518742,4.74865153,5.056500511,-89.31818651,4.948497772
1763934545842003500,17.1280,-0.1977472624,2.189922073,-1.790848813,236.096842,0.3412645184,7.258974519,43.1254927,270.5784743,202.6518742,4.74865153,5.056500511,-89.31818651,4.948497772
1763934545852054300,17.1381,-0.9945500398,0.1682690929,-2.315586973,236.096842,0.3412645184,7.258974519,43.1254927,270.5784743,202.6518742,4.74865153,5.056500511,-89.31818651,4.948497772
1763934545862106400,17.1481,-2.321386745,2.189617684,0.7130307807,236.096842,0.3412645184,7.258974519,43.1254927,270.5784743,202.6518742,4.74865153,5.056500511,-89.31818651,4.948497772
1763934545872157400,17.1582,0.3830582371,0.3591520225,-1.035268931,236.096842,0.3412645184,7.258974519,43.1254927,270.5784743,202.6518742,4.74865153,5.056500511,-89.31818651,4.948497772
1763934545882208300,17.1682,-0.9831436066,-4.875595282,1.94686472,236.096842,0.3412645184,7.258974519,43.1254927,270.5784743,202.6518742,4.74865153,5.056500511,-89.31818651,4.948497772
1763934545892259300,17.1783,-1.508584362,-2.920862897,2.818223776,236.096842,0.3412645184,7.258974519,43.1254927,270.5784743,202.6518742,4.74865153,5.056500511,-89.31818651,4.948497772
1763934545902311400,17.1883,4.123016334,5.93868044,-0.4589028749,236.096842,0.3412645184,7.258974519,43.1254927,270.5784743,202.6518742,4.74865153,5.056500511,-89.31818651,4.948497772
1763934545912362200,17.1984,4.836051207,5.499274877,-0.5694482392,236.096842,0.3412645184,7.258974519,43.1254927,270.5784743,202.6518742,4.74865153,5.056500511,-89.31818651,4.948497772
1763934545922413300,17.2084,-0.2877017472,-0.4978583362,1.075311018,236.096842,0.3412645184,7.258974519,43.1254927,270.5784743,202.6518742,4.74865153,5.056500511,-89.31818651,4.948497772
1763934545932464400,17.2185,-0.9977250897,-2.574481655,1.605155561,236.096842,0.3412645184,7.258974519,43.1254927,270.5784743,202.6518742,4.74865153,5.056500511,-89.31818651,4.948497772
1763934545942516200,17.2285,-0.9150877961,1.333217712,0.1046603979,236.096842,0.3412645184,7.258974519,43.1254927,270.5784743,202.6518742,4.74865153,5.056500511,-89.31818651,4.948497772
1763934545952567300,17.2386,-0.9801286427,0.1696656618,-0.3066635642,236.096842,0.3412645184,7.258974519,43.1254927,270.5784743,202.6518742,4.74865153,5.056500511,-89.31818651,4.948497772
1763934545962618400,17.2486,-3.433919971,-3.279803176,-0.225507376,236.096842,0.3412645184,7.258974519,43.1254927,270.5784743,202.6518742,4.74865153,5.056500511,-89.31818651,4.948497772
1763934545972669400,17.2587,-0.2556044081,0.537471677,-0.7713362547,236.096842,0.3412645184,7.258974519,43.1254927,270.5784743,202.6518742,4.74865153,5.056500511,-89.31818651,4.948497772
1763934545982721300,17.2687,-0.6260042392,-0.9845436827,-0.7030237659,236.096842,0.3412645184,7.258974519,43.1254927,270.5784743,202.6518742,4.74865153,5.056500511,-89.31818651,4.948497772
1763934545992772400,17.2788,-1.531293037,2.853060404,0.5328051465,236.096842,0.3412645184,7.258974519,43.1254927,270.5784743,202.6518742,4.74865153,5.056500511,-89.31818651,4.948497772
1763934546002823400,17.2888,2.047833862,0.8858525684,-2.549797296,236.096842,0.3412645184,7.258974519,43.1254927,270.5784743,202.6518742,4.74865153,5.056500511,-89.31818651,4.948497772
1763934546012874200,17.2989,1.379067171,1.490129983,1.725796788,236.096842,0.3412645184,7.258974519,43.1254927,270.5784743,202.6518742,4.74865153,5.056500511,-89.31818651,4.948497772
1763934546022926300,17.3089,3.775582368,-0.8602670224,-0.4475087897,236.096842,0.3412645184,7.258974519,43.1254927,270.5784743,202.6518742,4.74865153,5.056500511,-89.31818651,4.948497772
1763934546032977400,17.3190,3.249685686,0.5622317319,0.5252034393,236.096842,0.3412645184,7.258974519,43.1254927,270.5784743,202.6518742,4.74865153,5.056500511,-89.31818651,4.948497772
1763934546043028500,17.3290,-0.7100665971,-0.9029941112,1.988381556,236.096842,0.3412645184,7.258974519,43.1254927,270.5784743,202.6518742,4.74865153,5.056500511,-89.31818651,4.948497772
1763934546053079300,17.3391,0.02113053938,0.47516442,-0.4100748388,236.096842,0.3412645184,7.258974519,43.1254927,270.5784743,202.6518742,4.74865153,5.056500511,-89.31818651,4.948497772
1763934546063131400,17.3491,0.2805261565,-1.818080227,-3.176270321,236.096842,0.3412645184,7.258974519,43.1254927,270.5784743,202.6518742,4.74865153,5.056500511,-89.31818651,4.948497772
1763934546073182500,17.3592,-1.962747349,3.050032882,0.9164923291,236.096842,0.3412645184,7.258974519,43.1254927,270.5784743,202.6518742,4.74865153,5.056500511,-89.31818651,4.948497772
1763934546083233300,17.3692,2.501979313,-0.7572774803,-5.147278133,236.096842,0.3412645184,7.258974519,43.1254927,270.5784743,202.6518742,4.74865153,5.056500511,-89.31818651,4.948497772
1763934546093284400,17.3793,-2.23273801,1.356876381,2.319128007,236.096842,0.3412645184,7.258974519,43.1254927,270.5784743,202.6518742,4.74865153,5.056500511,-89.31818651,4.948497772
1763934546103336200,17.3893,-3.037442281,0.3415858245,8.569457983,236.096842,0.3412645184,7.258974519,43.1254927,270.5784743,202.6518742,4.74865153,5.056500511,-89.31818651,4.948497772
1763934546113387000,17.3994,4.241033642,-1.943882489,-0.840518512,236.096842,0.3412645184,7.258974519,43.1254927,270.5784743,202.6518742,4.74865153,5.056500511,-89.31818651,4.948497772
1763934546123438000,17.4094,1.890805564,0.8317726032,-1.816319355,236.096842,0.3412645184,7.258974519,43.1254927,270.5784743,202.6518742,4.74865153,5.056500511,-89.31818651,4.948497772
1763934546133489200,17.4195,-1.689232021,-2.495119364,-1.330717273,236.096842,0.3412645184,7.258974519,43.1254927,270.5784743,202.6518742,4.74865153,5.056500511,-89.31818651,4.948497772
1763934546143541000,17.4295,0.4695358395,-0.446235701,0.2580249132,236.096842,0.3412645184,7.258974519,43.1254927,270.5784743,202.6518742,4.74865153,5.056500511,-89.31818651,4.948497772
1763934546153592000,17.4396,2.651872938,2.514510294,-1.211467209,236.096842,0.3412645184,7.258974519,43.1254927,270.5784743,202.6518742,4.74865153,5.056500511,-89.31818651,4.948497772
1763934546163643100,17.4496,0.802879467,-3.291270911,-3.928799584,236.096842,0.3412645184,7.258974519,43.1254927,270.5784743,202.6518742,4.74865153,5.056500511,-89.31818651,4.948497772
1763934546173694200,17.4597,-4.547055401,0.711262602,1.550964537,236.096842,0.3412645184,7.258974519,43.1254927,270.5784743,202.6518742,4.74865153,5.056500511,-89.31818651,4.948497772
1763934546183746000,17.4697,0.8190075219,2.401524989,-0.4688298101,236.096842,0.3412645184,7.258974519,43.1254927,270.5784743,202.6518742,4.74865153,5.056500511,-89.31818651,4.948497772
1763934546193797000,17.4798,2.262597726,-0.8255673188,0.7765414221,236.096842,0.3412645184,7.258974519,43.1254927,270.5784743,202.6518742,4.74865153,5.056500511,-89.31818651,4.948497772
1763934546203848200,17.4898,-2.117891149,1.538722164,1.809707243,236.096842,0.3412645184,7.258974519,43.1254927,270.5784743,202.6518742,4.74865153,5.056500511,-89.31818651,4.948497772
1763934546213899000,17.4999,-0.8535071729,1.258486588,-2.22081727,236.096842,0.3412645184,7.258974519,43.1254927,270.5784743,202.6518742,4.74865153,5.056500511,-89.31818651,4.948497772
1763934546223951000,17.5100,-0.7655541641,0.5844825806,-2.233958491,236.096842,0.3412645184,7.258974519,43.1254927,270.5784743,202.6518742,4.74865153,5.056500511,-89.31818651,4.948497772
1763934546234002200,17.5200,-1.606834308,0.4147434152,1.656246866,236.096842,0.3412645184,7.258974519,43.1254927,270.5784743,202.6518742,4.74865153,5.056500511,-89.31818651,4.948497772
1763934546244053200,17.5301,0.5541302951,-0.4849968088,0.7806091099,236.096842,0.3412645184,7.258974519,43.1254927,270.5784743,202.6518742,4.74865153,5.056500511,-89.31818651,4.948497772
1763934546254104000,17.5401,1.07202016,2.262389344,1.043702997,236.096842,0.3412645184,7.258974519,43.1254927,270.5784743,202.6518742,4.74865153,5.056500511,-89.31818651,4.948497772
1763934546264156200,17.5502,0.0008159194928,-1.38818805,0.5907131455,236.096842,0.3412645184,7.258974519,43.1254927,270.5784743,202.6518742,4.74865153,5.056500511,-89.31818651,4.948497772
1763934546274207200,17.5602,1.557125398,-2.193173769,-1.603621191,236.096842,0.3412645184,7.258974519,43.1254927,270.5784743,202.6518742,4.74865153,5.056500511,-89.31818651,4.948497772
1763934546284258000,17.5703,1.018088663,0.362087053,0.4675269109,236.096842,0.3412645184,7.258974519,43.1254927,270.5784743,202.6518742,4.74865153,5.056500511,-89.31818651,4.948497772
1763934546294309000,17.5803,0.7452817029,0.5017269944,0.8058616246,236.096842,0.3412645184,7.258974519,43.1254927,270.5784743,202.6518742,4.74865153,5.056500511,-89.31818651,4.948497772
1763934546304361200,17.5904,1.45756846,2.092165317,-1.225410394,236.096842,0.3412645184,7.258974519,43.1254927,270.5784743,202.6518742,4.74865153,5.056500511,-89.31818651,4.948497772
1763934546314412000,17.6004,0.492886393,0.8357511514,-1.06992348,236.096842,0.3412645184,7.258974519,43.1254927,270.5784743,202.6518742,4.74865153,5.056500511,-89.31818651,4.948497772
1763934546324463000,17.6105,-0.7780839754,1.309141109,0.825123959,236.096842,0.3412645184,7.258974519,43.1254927,270.5784743,202.6518742,4.74865153,5.056500511,-89.31818651,4.948497772
1763934546334514200,17.6205,0.7613140424,-0.7632676606,-1.201003683,236.096842,0.3412645184,7.258974519,43.1254927,270.5784743,202.6518742,4.74865153,5.056500511,-89.31818651,4.948497772
1763934546344566000,17.6306,0.7682534862,-0.6243212545,2.326855971,236.096842,0.3412645184,7.258974519,43.1254927,270.5784743,202.6518742,4.74865153,5.056500511,-89.31818651,4.948497772
1763934546354617000,17.6406,1.673814671,-2.745893284,-1.314777361,236.096842,0.3412645184,7.258974519,43.1254927,270.5784743,202.6518742,4.74865153,5.056500511,-89.31818651,4.948497772
1763934546364668200,17.6507,-0.3447030797,-1.742143527,0.304589096,236.096842,0.3412645184,7.258974519,43.1254927,270.5784743,202.6518742,4.74865153,5.056500511,-89.31818651,4.948497772
1763934546374719200,17.6607,1.319574533,-0.2618039934,-0.9099825088,236.096842,0.3412645184,7.258974519,43.1254927,270.5784743,202.6518742,4.74865153,5.056500511,-89.31818651,4.948497772
1763934546384771000,17.6708,0.02150222223,-0.6446789829,0.2390799743,236.096842,0.3412645184,7.258974519,43.1254927,270.5784743,202.6518742,4.74865153,5.056500511,-89.31818651,4.948497772
1763934546394822100,17.6808,0.1069675058,0.1242279258,1.739374062,236.096842,0.3412645184,7.258974519,43.1254927,270.5784743,202.6518742,4.74865153,5.056500511,-89.31818651,4.948497772
1763934546404873200,17.6909,1.043453406,0.9701031425,0.1765431463,236.096842,0.3412645184,7.258974519,43.1254927,270.5784743,202.6518742,4.74865153,5.056500511,-89.31818651,4.948497772
1763934546414924000,17.7009,-0.3564133913,-1.294965869,-1.02471948,236.096842,0.3412645184,7.258974519,43.1254927,270.5784743,202.6518742,4.74865153,5.056500511,-89.31818651,4.948497772
1763934546424976100,17.7110,-1.11369774,-0.09297127529,0.03618190497,236.096842,0.3412645184,7.258974519,43.1254927,270.5784743,202.6518742,4.74865153,5.056500511,-89.31818651,4.948497772
1763934546435027200,17.7210,-2.414544191,-3.378142262,-3.062338237,236.096842,0.3412645184,7.258974519,43.1254927,270.5784743,202.6518742,4.74865153,5.056500511,-89.31818651,4.948497772
1763934546445078000,17.7311,-1.161699846,3.448251571,-0.9960001656,236.096842,0.3412645184,7.258974519,43.1254927,270.5784743,202.6518742,4.74865153,5.056500511,-89.31818651,4.948497772
1763934546455129000,17.7411,-0.5225894574,4.393453862,-1.865684566,236.096842,0.3412645184,7.258974519,43.1254927,270.5784743,202.6518742,4.74865153,5.056500511,-89.31818651,4.948497772
1763934546465181200,17.7512,1.844576896,-0.7135165915,-3.793770351,236.096842,0.3412645184,7.258974519,43.1254927,270.5784743,202.6518742,4.74865153,5.056500511,-89.31818651,4.948497772
1763934546475232000,17.7612,-1.450904911,-1.760082504,-2.489485158,236.096842,0.3412645184,7.258974519,43.1254927,270.5784743,202.6518742,4.74865153,5.056500511,-89.31818651,4.948497772
1763934546485283000,17.7713,-2.440449032,5.353140898,-0.1901286041,236.096842,0.3412645184,7.258974519,43.1254927,270.5784743,202.6518742,4.74865153,5.056500511,-89.31818651,4.948497772
1763934546495334100,17.7813,-1.708160009,8.823224654,9.352333868,236.096842,0.3412645184,7.258974519,43.1254927,270.5784743,202.6518742,4.74865153,5.056500511,-89.31818651,4.948497772
1763934543510113500,14.7961,-4.124018205,-2.172730846,0.5697703108,236.0968401,0.3412645161,2.87410625,43.1255338,270.5784723,202.6518903,2.253883709,3,-89.31816309,4.948497772
1763934543520164600,14.8062,-2.650453719,0.05187441801,2.364732989,236.0968401,0.3412645161,2.87410625,43.1255338,270.5784723,202.6518903,2.253883709,3,-89.31816309,4.948497772
1763934543530215400,14.8162,0.001774608457,0.01706058652,2.586325822,236.0968401,0.3412645161,2.87410625,43.1255338,270.5784723,202.6518903,2.253883709,3,-89.31816309,4.948497772
1763934543540266500,14.8263,1.820155572,1.816580636,2.077146466,236.0968401,0.3412645161,2.87410625,43.1255338,270.5784723,202.6518903,2.253883709,3,-89.31816309,4.948497772
1763934543550318600,14.8363,2.509004097,0.7684713668,-1.831543227,236.0968401,0.3412645161,2.87410625,43.1255338,270.5784723,202.6518903,2.253883709,3,-89.31816309,4.948497772
1763934543560369400,14.8464,0.4365840025,0.7320775726,-2.157627531,236.0968401,0.3412645161,2.87410625,43.1255338,270.5784723,202.6518903,2.253883709,3,-89.31816309,4.948497772
1763934543570420500,14.8564,-0.4749228663,-0.06437967932,-1.381120011,236.0968401,0.3412645161,2.87410625,43.1255338,270.5784723,202.6518903,2.253883709,3,-89.31816309,4.948497772
1763934543580471600,14.8665,1.225866321,1.52574271,-1.007562009,236.0968401,0.3412645161,2.87410625,43.1255338,270.5784723,202.6518903,2.253883709,3,-89.31816309,4.948497772
1763934543590523400,14.8765,1.294636345,-2.078642988,-1.953031426,236.0968401,0.3412645161,2.87410625,43.1255338,270.5784723,202.6518903,2.253883709,3,-89.31816309,4.948497772
1763934543600574500,14.8866,-0.5883984389,4.395449712,3.137456314,236.0968401,0.3412645161,2.87410625,43.1255338,270.5784723,202.6518903,2.253883709,3,-89.31816309,4.948497772
1763934543610625500,14.8966,0.7887783148,3.729857559,3.558790798,236.0968401,0.3412645161,2.87410625,43.1255338,270.5784723,202.6518903,2.253883709,3,-89.31816309,4.948497772
1763934543620676600,14.9067,0.6689570996,-2.518320207,1.889772129,236.0968401,0.3412645161,2.87410625,43.1255338,270.5784723,202.6518903,2.253883709,3,-89.31816309,4.948497772
1763934543630728400,14.9167,-1.484133811,-1.32566715,0.9911422042,236.0968401,0.3412645161,2.87410625,43.1255338,270.5784723,202.6518903,2.253883709,3,-89.31816309,4.948497772
1763934543640779500,14.9268,1.326762983,-1.258091598,-4.38142294,236.0968401,0.3412645161,2.87410625,43.1255338,270.5784723,202.6518903,2.253883709,3,-89.31816309,4.948497772
1763934543650830600,14.9368,0.4320202017,1.727358922,-1.173572655,236.0968401,0.3412645161,2.87410625,43.1255338,270.5784723,202.6518903,2.253883709,3,-89.31816309,4.948497772
1763934543660881400,14.9469,0.6559924771,-1.019558151,0.432536846,236.0968401,0.3412645161,2.87410625,43.1255338,270.5784723,202.6518903,2.253883709,3,-89.31816309,4.948497772
1763934543670933500,14.9569,0.4065571861,-0.3134244366,1.02534258,236.0968401,0.3412645161,2.87410625,43.1255338,270.5784723,202.6518903,2.253883709,3,-89.31816309,4.948497772
1763934543680984600,14.9670,-0.6524713903,-0.5257198644,-0.2000076086,236.0968401,0.3412645161,2.87410625,43.1255338,270.5784723,202.6518903,2.253883709,3,-89.31816309,4.948497772
1763934543691035400,14.9770,1.775719049,1.577992391,-2.485805593,236.0968401,0.3412645161,2.87410625,43.1255338,270.5784723,202.6518903,2.253883709,3,-89.31816309,4.948497772
1763934543701087500,14.9871,-1.215242051,-0.01241319911,2.739209276,236.0968401,0.3412645161,2.87410625,43.1255338,270.5784723,202.6518903,2.253883709,3,-89.31816309,4.948497772
1763934543711138600,14.9971,1.650297018,-5.503865128,0.07336918759,236.0968401,0.3412645161,2.87410625,43.1255338,270.5784723,202.6518903,2.253883709,3,-89.31816309,4.948497772
1763934543721189400,15.0072,-0.1774315465,-1.65692535,-0.7290951958,236.0968401,0.3412645161,2.87410625,43.1255338,270.5784723,202.6518903,2.253883709,3,-89.31816309,4.948497772
1763934543731240400,15.0172,-0.1861702219,1.03304351,-3.273202755,236.0968401,0.3412645161,2.87410625,43.1255338,270.5784723,202.6518903,2.253883709,3,-89.31816309,4.948497772
1763934543741291500,15.0273,-0.1804897651,3.590197744,0.2981248684,236.0968401,0.3412645161,2.87410625,43.1255338,270.5784723,202.6518903,2.253883709,3,-89.31816309,4.948497772
1763934543751343600,15.0373,-1.536453196,2.275354916,4.853095865,236.0968401,0.3412645161,2.87410625,43.1255338,270.5784723,202.6518903,2.253883709,3,-89.31816309,4.948497772
1763934543761394400,15.0474,0.3557914235,-0.7538653338,1.143171087,236.0968401,0.3412645161,2.87410625,43.1255338,270.5784723,202.6518903,2.253883709,3,-89.31816309,4.948497772
1763934543771445500,15.0574,-1.33039754,0.1131207677,-2.879140894,236.0968401,0.3412645161,2.87410625,43.1255338,270.5784723,202.6518903,2.253883709,3,-89.31816309,4.948497772
1763934543781496600,15.0675,-4.145852436,2.226091265,-2.541406484,236.0968401,0.3412645161,2.87410625,43.1255338,270.5784723,202.6518903,2.253883709,3,-89.31816309,4.948497772
1763934543791548400,15.0775,-1.745484069,-0.7706113014,-2.249854564,236.0968401,0.3412645161,2.87410625,43.1255338,270.5784723,202.6518903,2.253883709,3,-89.31816309,4.948497772
1763934543801599500,15.0876,-0.3238052897,-1.035263816,4.742926933,236.0968401,0.3412645161,2.87410625,43.1255338,270.5784723,202.6518903,2.253883709,3,-89.31816309,4.948497772
1763934543811650600,15.0977,2.385583469,-0.8876099335,4.862665657,236.0968401,0.3412645161,2.87410625,43.1255338,270.5784723,202.6518903,2.253883709,3,-89.31816309,4.948497772
1763934543821702400,15.1077,2.851828524,-0.4482309665,-0.1333423025,236.0968401,0.3412645161,2.87410625,43.1255338,270.5784723,202.6518903,2.253883709,3,-89.31816309,4.948497772
1763934543831753500,15.1178,0.3395055111,1.180447217,-4.296752022,236.0968401,0.3412645161,2.87410625,43.1255338,270.5784723,202.6518903,2.253883709,3,-89.31816309,4.948497772
1763934543841804500,15.1278,-1.769625993,1.532988297,-2.719009953,236.0968401,0.3412645161,2.87410625,43.1255338,270.5784723,202.6518903,2.253883709,3,-89.31816309,4.948497772
1763934543851855600,15.1379,1.689205133,-1.691680291,-0.7512894919,236.0968401,0.3412645161,2.87410625,43.1255338,270.5784723,202.6518903,2.253883709,3,-89.31816309,4.948497772
1763934543861907500,15.1479,2.662601252,1.918614777,6.336427712,236.0968401,0.3412645161,2.87410625,43.1255338,270.5784723,202.6518903,2.253883709,3,-89.31816309,4.948497772
1763934543871958500,15.1580,3.14351313,-1.947885003,1.857959525,236.0968401,0.3412645161,2.87410625,43.1255338,270.5784723,202.6518903,2.253883709,3,-89.31816309,4.948497772
1763934543882009600,15.1680,0.9408078552,2.831341908,1.823190994,236.0968401,0.3412645161,2.87410625,43.1255338,270.5784723,202.6518903,2.253883709,3,-89.31816309,4.948497772
1763934543892060400,15.1781,-0.2142413376,-2.959667552,-2.190333285,236.0968401,0.3412645161,2.87410625,43.1255338,270.5784723,202.6518903,2.253883709,3,-89.31816309,4.948497772
1763934543902112500,15.1881,-2.706138781,-1.780093903,0.8265081068,236.0968401,0.3412645161,2.87410625,43.1255338,270.5784723,202.6518903,2.253883709,3,-89.31816309,4.948497772
1763934543912163600,15.1982,-0.4477893967,1.348050247,-0.9311077144,236.0968401,0.3412645161,2.87410625,43.1255338,270.5784723,202.6518903,2.253883709,3,-89.31816309,4.948497772
1763934543922214400,15.2082,1.37344407,0.7136854452,-3.054696782,236.0968401,0.3412645161,2.87410625,43.1255338,270.5784723,202.6518903,2.253883709,3,-89.31816309,4.948497772
1763934543932265500,15.2183,-0.4401987589,-2.577847917,-0.07393208217,236.0968401,0.3412645161,2.87410625,43.1255338,270.5784723,202.6518903,2.253883709,3,-89.31816309,4.948497772
1763934543942316500,15.2283,-1.483092193,-2.808653399,2.132172187,236.0968401,0.3412645161,2.87410625,43.1255338,270.5784723,202.6518903,2.253883709,3,-89.31816309,4.948497772
1763934543952368400,15.2384,2.238466324,-0.7500108503,1.555377093,236.0968401,0.3412645161,2.87410625,43.1255338,270.5784723,202.6518903,2.253883709,3,-89.31816309,4.948497772
1763934543962419500,15.2484,2.266172662,0.840839999,-0.06996843924,236.0968401,0.3412645161,2.87410625,43.1255338,270.5784723,202.6518903,2.253883709,3,-89.31816309,4.948497772
1763934543972470500,15.2585,1.085183593,1.068359445,-2.432558571,236.0968401,0.3412645161,2.87410625,43.1255338,270.5784723,202.6518903,2.253883709,3,-89.31816309,4.948497772
1763934543982521600,15.2685,-1.892141781,0.06142550569,-0.4668301608,236.0968401,0.3412645161,2.87410625,43.1255338,270.5784723,202.6518903,2.253883709,3,-89.31816309,4.948497772
1763934543992573400,15.2786,-1.087303069,-2.919140603,-1.65748956,236.0968401,0.3412645161,2.87410625,43.1255338,270.5784723,202.6518903,2.253883709,3,-89.31816309,4.948497772
1763934544002624500,15.2886,-0.07430325357,-1.170840015,-2.275309908,236.0968401,0.3412645161,2.87410625,43.1255338,270.5784723,202.6518903,2.253883709,3,-89.31816309,4.948497772
1763934544012675600,15.2987,0.6551718814,2.763199808,-0.2804699693,236.0968401,0.3412645161,2.87410625,43.1255338,270.5784723,202.6518903,2.253883709,3,-89.31816309,4.948497772
1763934544022727400,15.3087,-0.2128466319,4.804511575,0.3894774565,236.0968401,0.3412645161,2.87410625,43.1255338,270.5784723,202.6518903,2.253883709,3,-89.31816309,4.948497772
1763934544032778500,15.3188,0.1379261049,3.517977726,1.93834999,236.0968401,0.3412645161,2.87410625,43.1255338,270.5784723,202.6518903,2.253883709,3,-89.31816309,4.948497772
1763934544042829600,15.3288,-2.089725377,-1.194377981,4.565288392,236.0968401,0.3412645161,2.87410625,43.1255338,270.5784723,202.6518903,2.253883709,3,-89.31816309,4.948497772
1763934544052880600,15.3389,-0.980509751,-0.1713506923,3.5494969,236.0968401,0.3412645161,2.87410625,43.1255338,270.5784723,202.6518903,2.253883709,3,-89.31816309,4.948497772
1763934544062932500,15.3489,-0.08794718179,-0.739384973,0.320370018,236.0968401,0.3412645161,2.87410625,43.1255338,270.5784723,202.6518903,2.253883709,3,-89.31816309,4.948497772
1763934544072983600,15.3590,1.462250481,-0.8577325355,-2.383601356,236.0968401,0.3412645161,2.87410625,43.1255338,270.5784723,202.6518903,2.253883709,3,-89.31816309,4.948497772
1763934544083034600,15.3690,0.2354255617,0.540835162,-3.104615536,236.0968401,0.3412645161,2.87410625,43.1255338,270.5784723,202.6518903,2.253883709,3,-89.31816309,4.948497772
1763934544093085400,15.3791,0.5922527762,0.1671903577,-3.541818621,236.0968401,0.3412645161,2.87410625,43.1255338,270.5784723,202.6518903,2.253883709,3,-89.31816309,4.948497772
1763934544103136000,15.3891,-1.765560058,1.607507239,0.2013344732,236.0968401,0.3412645161,2.87410625,43.1255338,270.5784723,202.6518903,2.253883709,3,-89.31816309,4.948497772
1763934544113188000,15.3992,-0.5352162992,-0.2055757641,0.49519467,236.0968401,0.3412645161,2.87410625,43.1255338,270.5784723,202.6518903,2.253883709,3,-89.31816309,4.948497772
1763934544123239200,15.4092,0.6176292095,-3.544883853,-0.776685799,236.0968401,0.3412645161,2.87410625,43.1255338,270.5784723,202.6518903,2.253883709,3,-89.31816309,4.948497772
1763934544143341000,15.4293,2.179505601,2.679696764,-1.230522038,236.0968401,0.3412645161,2.87410625,43.1255338,270.5784723,202.6518903,2.253883709,3,-89.31816309,4.948497772
1763934544153393200,15.4394,1.433289759,-4.488392492,-4.023967347,236.0968401,0.3412645161,2.87410625,43.1255338,270.5784723,202.6518903,2.253883709,3,-89.31816309,4.948497772
1763934544163444000,15.4494,-1.528016207,-5.042240134,-4.090743712,236.0968401,0.3412645161,2.87410625,43.1255338,270.5784723,202.6518903,2.253883709,3,-89.31816309,4.948497772
1763934544173495000,15.4595,-1.872934391,5.814930726,3.31914676,236.0968401,0.3412645161,2.87410625,43.1255338,270.5784723,202.6518903,2.253883709,3,-89.31816309,4.948497772
1763934544183546000,15.4695,0.4068541232,7.604780591,9.334847312,236.0968401,0.3412645161,2.87410625,43.1255338,270.5784723,202.6518903,2.253883709,3,-89.31816309,4.948497772
1763934544193598000,15.4796,4.393562291,-3.952507792,3.343031494,236.0968401,0.3412645161,2.87410625,43.1255338,270.5784723,202.6518903,2.253883709,3,-89.31816309,4.948497772
1763934544203649000,15.4896,0.8588649005,-4.586810196,-2.244109298,236.0968401,0.3412645161,2.87410625,43.1255338,270.5784723,202.6518903,2.253883709,3,-89.31816309,4.948497772
1763934544223752000,15.5098,-1.253311962,-3.249323867,-4.131815727,236.0968401,0.3412645161,2.87410625,43.1255338,270.5784723,202.6518903,2.253883709,3,-89.31816309,4.948497772
1763934544233803000,15.5198,-2.187719303,-3.884516206,1.093370991,236.0968401,0.3412645161,2.87410625,43.1255338,270.5784723,202.6518903,2.253883709,3,-89.31816309,4.948497772
1763934544243854000,15.5299,0.5931903128,1.693410037,-0.2816863593,236.0968401,0.3412645161,2.87410625,43.1255338,270.5784723,202.6518903,2.253883709,3,-89.31816309,4.948497772
1763934544253905200,15.5399,3.080889793,6.564697539,0.4706564411,236.0968401,0.3412645161,2.87410625,43.1255338,270.5784723,202.6518903,2.253883709,3,-89.31816309,4.948497772
1763934544263957000,15.5500,0.4683540093,-0.4421475549,-0.08497486971,236.0968401,0.3412645161,2.87410625,43.1255338,270.5784723,202.6518903,2.253883709,3,-89.31816309,4.948497772
1763934544274008000,15.5600,-1.662149953,2.743931044,3.026429304,236.0968401,0.3412645161,2.87410625,43.1255338,270.5784723,202.6518903,2.253883709,3,-89.31816309,4.948497772
1763934544284059100,15.5701,1.414201612,2.256564291,-1.177282615,236.0968401,0.3412645161,2.87410625,43.1255338,270.5784723,202.6518903,2.253883709,3,-89.31816309,4.948497772
1763934544304161000,15.5902,-0.6757108116,-4.503670141,0.4362175804,236.0968401,0.3412645161,2.87410625,43.1255338,270.5784723,202.6518903,2.253883709,3,-89.31816309,4.948497772
1763934544314213000,15.6002,2.780426837,0.7743842441,-0.2835661817,236.0968401,0.3412645161,2.87410625,43.1255338,270.5784723,202.6518903,2.253883709,3,-89.31816309,4.948497772
1763934544324264000,15.6103,1.963359928,-3.719632518,-5.672481573,236.0968401,0.3412645161,2.87410625,43.1255338,270.5784723,202.6518903,2.253883709,3,-89.31816309,4.948497772
1763934544334315000,15.6203,-1.575031641,1.503626739,0.4361123664,236.0968401,0.3412645161,2.87410625,43.1255338,270.5784723,202.6518903,2.253883709,3,-89.31816309,4.948497772
1763934544344367000,15.6304,-1.542722778,5.716641032,3.341478419,236.0968401,0.3412645161,2.87410625,43.1255338,270.5784723,202.6518903,2.253883709,3,-89.31816309,4.948497772
1763934544354418000,15.6404,1.878942107,2.306431315,0.282718625,236.0968401,0.3412645161,2.87410625,43.1255338,270.5784723,202.6518903,2.253883709,3,-89.31816309,4.948497772
1763934544364469000,15.6505,-0.8316308566,-5.220065722,1.160717265,236.0968401,0.3412645161,2.87410625,43.1255338,270.5784723,202.6518903,2.253883709,3,-89.31816309,4.948497772
1763934544384572000,15.6706,3.60812503,-0.4912788117,-2.52990017,236.0968401,0.3412645161,2.87410625,43.1255338,270.5784723,202.6518903,2.253883709,3,-89.31816309,4.948497772
1763934544394623000,15.6806,4.679475328,4.74498445,-2.154226783,236.0968401,0.3412645161,2.87410625,43.1255338,270.5784723,202.6518903,2.253883709,3,-89.31816309,4.948497772
1763934544404674000,15.6907,0.5333330793,2.724004108,2.089862155,236.0968401,0.3412645161,2.87410625,43.1255338,270.5784723,202.6518903,2.253883709,3,-89.31816309,4.948497772
1763934544414725000,15.7007,-1.151609829,-2.265574988,2.176343338,236.0968401,0.3412645161,2.87410625,43.1255338,270.5784723,202.6518903,2.253883709,3,-89.31816309,4.948497772
1763934544424777000,15.7108,0.6538660595,0.7832565557,-0.3898679171,236.0968401,0.3412645161,2.87410625,43.1255338,270.5784723,202.6518903,2.253883709,3,-89.31816309,4.948497772
1763934544434828000,15.7208,0.4888075993,1.209540625,-1.994051418,236.0968401,0.3412645161,2.87410625,43.1255338,270.5784723,202.6518903,2.253883709,3,-89.31816309,4.948497772
1763934544444879000,15.7309,-1.168670854,-0.2253171141,-0.4019353715,236.0968401,0.3412645161,2.87410625,43.1255338,270.5784723,202.6518903,2.253883709,3,-89.31816309,4.948497772
1763934544454930200,15.7409,-1.280512104,2.595892107,1.669282289,236.0968401,0.3412645161,2.87410625,43.1255338,270.5784723,202.6518903,2.253883709,3,-89.31816309,4.948497772
1763934544464982000,15.7510,0.8452889412,-0.1106193063,0.3616875323,236.0968401,0.3412645161,2.87410625,43.1255338,270.5784723,202.6518903,2.253883709,3,-89.31816309,4.948497772
1763934544475033000,15.7610,0.219512483,-0.8489908645,2.301725037,236.0968401,0.3412645161,2.87410625,43.1255338,270.5784723,202.6518903,2.253883709,3,-89.31816309,4.948497772
1763934544485084200,15.7711,0.4053577107,-1.408856744,-0.0960749404,236.0968401,0.3412645161,2.87410625,43.1255338,270.5784723,202.6518903,2.253883709,3,-89.31816309,4.948497772
1763934544495135000,15.7811,3.051599401,2.446222501,-0.9065443511,236.0968401,0.3412645161,2.87410625,43.1255338,270.5784723,202.6518903,2.253883709,3,-89.31816309,4.948497772
1763934542504988000,13.7910,-2.855796258,-5.01476176,-1.443942671,236.1414504,0.1985689998,2.263270907,43.12557814,270.6230826,203.0288484,2.192089871,3,-89.31814023,4.735357761
1763934542515039000,13.8010,-4.429614432,-0.1234130292,0.3305903832,236.1414504,0.1985689998,2.263270907,43.12557814,270.6230826,203.0288484,2.192089871,3,-89.31814023,4.735357761
1763934542535140900,13.8211,2.025109989,-2.749071914,1.269621292,236.1414504,0.1985689998,2.263270907,43.12557814,270.6230826,203.0288484,2.192089871,3,-89.31814023,4.735357761
1763934542545193000,13.8312,0.4643769224,-0.6895952523,1.600864002,236.1414504,0.1985689998,2.263270907,43.12557814,270.6230826,203.0288484,2.192089871,3,-89.31814023,4.735357761
1763934542555244000,13.8412,0.1856697981,4.031366809,-0.2436053427,236.1414504,0.1985689998,2.263270907,43.12557814,270.6230826,203.0288484,2.192089871,3,-89.31814023,4.735357761
1763934542565295000,13.8513,-1.134184063,-1.328929805,-1.956661891,236.1414504,0.1985689998,2.263270907,43.12557814,270.6230826,203.0288484,2.192089871,3,-89.31814023,4.735357761
1763934542575346000,13.8613,-0.1634802512,-0.9873943959,-0.4165361438,236.1414504,0.1985689998,2.263270907,43.12557814,270.6230826,203.0288484,2.192089871,3,-89.31814023,4.735357761
1763934542585398000,13.8714,1.862586016,3.121398329,0.03833995979,236.1414504,0.1985689998,2.263270907,43.12557814,270.6230826,203.0288484,2.192089871,3,-89.31814023,4.735357761
1763934542595449000,13.8814,1.730321572,-0.06792465845,-0.7542495108,236.1414504,0.1985689998,2.263270907,43.12557814,270.6230826,203.0288484,2.192089871,3,-89.31814023,4.735357761
1763934542615551000,13.9016,-0.7647744119,-1.198173866,-4.086726293,236.1414504,0.1985689998,2.263270907,43.12557814,270.6230826,203.0288484,2.192089871,3,-89.31814023,4.735357761
1763934542625603000,13.9116,0.2149789677,2.619188812,-4.568814228,236.1414504,0.1985689998,2.263270907,43.12557814,270.6230826,203.0288484,2.192089871,3,-89.31814023,4.735357761
1763934542635654000,13.9217,-2.991435732,7.494578342,6.990801137,236.1414504,0.1985689998,2.263270907,43.12557814,270.6230826,203.0288484,2.192089871,3,-89.31814023,4.735357761
1763934542645705000,13.9317,-0.3004536767,2.681326996,11.94836743,236.1414504,0.1985689998,2.263270907,43.12557814,270.6230826,203.0288484,2.192089871,3,-89.31814023,4.735357761
1763934542655756000,13.9418,2.612695943,-6.294946532,6.495505929,236.1414504,0.1985689998,2.263270907,43.12557814,270.6230826,203.0288484,2.192089871,3,-89.31814023,4.735357761
1763934542665808000,13.9518,1.716943035,-7.385342306,-0.3161889329,236.1414504,0.1985689998,2.263270907,43.12557814,270.6230826,203.0288484,2.192089871,3,-89.31814023,4.735357761
1763934542675859000,13.9619,1.358176358,-3.165860571,-6.644263827,236.1414504,0.1985689998,2.263270907,43.12557814,270.6230826,203.0288484,2.192089871,3,-89.31814023,4.735357761
1763934542695961000,13.9820,-3.969792104,-1.977955585,-1.22194301,236.1414504,0.1985689998,2.263270907,43.12557814,270.6230826,203.0288484,2.192089871,3,-89.31814023,4.735357761
1763934542706013000,13.9920,-1.956577136,0.3545600185,0.6332306833,236.1414504,0.1985689998,2.263270907,43.12557814,270.6230826,203.0288484,2.192089871,3,-89.31814023,4.735357761
1763934542716064000,14.0021,0.008336451191,3.361588895,2.940639026,236.1414504,0.1985689998,2.263270907,43.12557814,270.6230826,203.0288484,2.192089871,3,-89.31814023,4.735357761
1763934542726115000,14.0121,0.1739922198,-2.651926714,0.8738111252,236.1414504,0.1985689998,2.263270907,43.12557814,270.6230826,203.0288484,2.192089871,3,-89.31814023,4.735357761
1763934542736166000,14.0222,-0.9545627512,2.078875774,0.4079489327,236.1414504,0.1985689998,2.263270907,43.12557814,270.6230826,203.0288484,2.192089871,3,-89.31814023,4.735357761
1763934542746218000,14.0322,0.8857142559,1.909425654,-2.938431871,236.1414504,0.1985689998,2.263270907,43.12557814,270.6230826,203.0288484,2.192089871,3,-89.31814023,4.735357761
1763934542756269000,14.0423,-0.3842272809,-1.144401652,-1.408242412,236.1414504,0.1985689998,2.263270907,43.12557814,270.6230826,203.0288484,2.192089871,3,-89.31814023,4.735357761
1763934542766319900,14.0523,-0.9454174679,2.060339708,1.046444405,236.1414504,0.1985689998,2.263270907,43.12557814,270.6230826,203.0288484,2.192089871,3,-89.31814023,4.735357761
1763934542776371000,14.0624,1.766186666,3.49817997,-0.6349257968,236.1414504,0.1985689998,2.263270907,43.12557814,270.6230826,203.0288484,2.192089871,3,-89.31814023,4.735357761
1763934542786423000,14.0724,1.550409241,-0.0823771083,0.1015706152,236.1414504,0.1985689998,2.263270907,43.12557814,270.6230826,203.0288484,2.192089871,3,-89.31814023,4.735357761
1763934542796473900,14.0825,2.329447156,-0.5119480903,-1.210175416,236.1414504,0.1985689998,2.263270907,43.12557814,270.6230826,203.0288484,2.192089871,3,-89.31814023,4.735357761
1763934542806525000,14.0925,-1.594085886,2.313144548,-1.401512227,236.1414504,0.1985689998,2.263270907,43.12557814,270.6230826,203.0288484,2.192089871,3,-89.31814023,4.735357761
1763934542816576000,14.1026,-3.329420317,2.780279245,-1.487068696,236.1414504,0.1985689998,2.263270907,43.12557814,270.6230826,203.0288484,2.192089871,3,-89.31814023,4.735357761
1763934542826628000,14.1126,-1.125807864,-1.69400055,1.751467235,236.1414504,0.1985689998,2.263270907,43.12557814,270.6230826,203.0288484,2.192089871,3,-89.31814023,4.735357761
1763934542836679000,14.1227,-0.9175485602,-6.966625311,2.034693225,236.1414504,0.1985689998,2.263270907,43.12557814,270.6230826,203.0288484,2.192089871,3,-89.31814023,4.735357761
1763934542856781000,14.1428,-0.4219043928,3.198836373,-1.995813752,236.1414504,0.1985689998,2.263270907,43.12557814,270.6230826,203.0288484,2.192089871,3,-89.31814023,4.735357761
1763934542866833000,14.1528,1.559883172,5.322717118,-3.954565894,236.1414504,0.1985689998,2.263270907,43.12557814,270.6230826,203.0288484,2.192089871,3,-89.31814023,4.735357761
1763934542876884000,14.1629,-1.540480552,0.7130502161,-1.329179396,236.1414504,0.1985689998,2.263270907,43.12557814,270.6230826,203.0288484,2.192089871,3,-89.31814023,4.735357761
1763934542886935000,14.1729,-0.0764146197,3.823862123,3.914452494,236.1414504,0.1985689998,2.263270907,43.12557814,270.6230826,203.0288484,2.192089871,3,-89.31814023,4.735357761
1763934542896986000,14.1830,1.787397796,0.7315124861,1.948995887,236.1414504,0.1985689998,2.263270907,43.12557814,270.6230826,203.0288484,2.192089871,3,-89.31814023,4.735357761
1763934542907038000,14.1930,-1.084704285,-3.146028912,1.508891236,236.1414504,0.1985689998,2.263270907,43.12557814,270.6230826,203.0288484,2.192089871,3,-89.31814023,4.735357761
1763934542917089000,14.2031,-4.342565094,-0.8173438265,0.587374941,236.1414504,0.1985689998,2.263270907,43.12557814,270.6230826,203.0288484,2.192089871,3,-89.31814023,4.735357761
1763934542937191000,14.2232,-0.2089911255,-1.981911337,-1.121951189,236.1414504,0.1985689998,2.263270907,43.12557814,270.6230826,203.0288484,2.192089871,3,-89.31814023,4.735357761
1763934542947243000,14.2332,0.3450141185,3.966800521,3.493787288,236.1414504,0.1985689998,2.263270907,43.12557814,270.6230826,203.0288484,2.192089871,3,-89.31814023,4.735357761
1763934542957294000,14.2433,4.41850384,-1.327641081,-2.099284648,236.1414504,0.1985689998,2.263270907,43.12557814,270.6230826,203.0288484,2.192089871,3,-89.31814023,4.735357761
1763934542967345000,14.2533,0.7495674174,-1.725738043,0.340531347,236.1414504,0.1985689998,2.263270907,43.12557814,270.6230826,203.0288484,2.192089871,3,-89.31814023,4.735357761
1763934542977396000,14.2634,0.08576682381,1.896836514,-0.585384644,236.1414504,0.1985689998,2.263270907,43.12557814,270.6230826,203.0288484,2.192089871,3,-89.31814023,4.735357761
1763934542987448000,14.2734,0.3320072643,1.608842287,-1.221063889,236.1414504,0.1985689998,2.263270907,43.12557814,270.6230826,203.0288484,2.192089871,3,-89.31814023,4.735357761
1763934542997499000,14.2835,-1.564520769,0.2764078344,-0.3884159647,236.1414504,0.1985689998,2.263270907,43.12557814,270.6230826,203.0288484,2.192089871,3,-89.31814023,4.735357761
1763934543017601000,14.3036,-0.2560826201,-0.806872263,-2.515619716,236.1414504,0.1985689998,2.263270907,43.12557814,270.6230826,203.0288484,2.192089871,3,-89.31814023,4.735357761
1763934543027652900,14.3137,-2.391734978,-2.097188406,0.7991051361,236.1414504,0.1985689998,2.263270907,43.12557814,270.6230826,203.0288484,2.192089871,3,-89.31814023,4.735357761
1763934543037704000,14.3237,0.1021650374,0.02955328061,0.9682558341,236.1414504,0.1985689998,2.263270907,43.12557814,270.6230826,203.0288484,2.192089871,3,-89.31814023,4.735357761
1763934543047755000,14.3338,1.899901893,3.761108437,6.351037252,236.1414504,0.1985689998,2.263270907,43.12557814,270.6230826,203.0288484,2.192089871,3,-89.31814023,4.735357761
1763934543057806000,14.3438,2.4133788,-1.223719372,5.006306651,236.1414504,0.1985689998,2.263270907,43.12557814,270.6230826,203.0288484,2.192089871,3,-89.31814023,4.735357761
1763934543067858000,14.3539,0.6090683019,-6.241433553,2.804359501,236.1414504,0.1985689998,2.263270907,43.12557814,270.6230826,203.0288484,2.192089871,3,-89.31814023,4.735357761
1763934543077909000,14.3639,-1.372914493,-2.546917941,0.4301216016,236.1414504,0.1985689998,2.263270907,43.12557814,270.6230826,203.0288484,2.192089871,3,-89.31814023,4.735357761
1763934543098011100,14.3840,-1.998651021,-2.677969502,-2.642997557,236.1414504,0.1985689998,2.263270907,43.12557814,270.6230826,203.0288484,2.192089871,3,-89.31814023,4.735357761
1763934543108063500,14.3941,-1.367982297,-3.068793697,1.047324695,236.1414504,0.1985689998,2.263270907,43.12557814,270.6230826,203.0288484,2.192089871,3,-89.31814023,4.735357761
1763934543118114600,14.4041,1.193577332,-0.5079657426,0.2142635129,236.1414504,0.1985689998,2.263270907,43.12557814,270.6230826,203.0288484,2.192089871,3,-89.31814023,4.735357761
1763934543128165400,14.4142,2.403096914,5.376249971,0.3475824346,236.1414504,0.1985689998,2.263270907,43.12557814,270.6230826,203.0288484,2.192089871,3,-89.31814023,4.735357761
1763934543138216400,14.4242,0.7247276482,-0.8392863398,-2.40354875,236.1414504,0.1985689998,2.263270907,43.12557814,270.6230826,203.0288484,2.192089871,3,-89.31814023,4.735357761
1763934543148268500,14.4343,-2.181275533,2.205399775,2.480681674,236.1414504,0.1985689998,2.263270907,43.12557814,270.6230826,203.0288484,2.192089871,3,-89.31814023,4.735357761
1763934543158319400,14.4443,1.035485204,3.10936653,-1.126509291,236.1414504,0.1985689998,2.263270907,43.12557814,270.6230826,203.0288484,2.192089871,3,-89.31814023,4.735357761
1763934543168370400,14.4544,-0.2061573634,3.009411241,0.4404091868,236.1414504,0.1985689998,2.263270907,43.12557814,270.6230826,203.0288484,2.192089871,3,-89.31814023,4.735357761
1763934543178421500,14.4644,0.5081318564,1.303120388,0.1300268944,236.1414504,0.1985689998,2.263270907,43.12557814,270.6230826,203.0288484,2.192089871,3,-89.31814023,4.735357761
1763934543188473300,14.4745,0.411667113,1.464680484,-2.162467372,236.1414504,0.1985689998,2.263270907,43.12557814,270.6230826,203.0288484,2.192089871,3,-89.31814023,4.735357761
1763934543198524400,14.4845,-2.316828498,1.708235266,-1.110849365,236.1414504,0.1985689998,2.263270907,43.12557814,270.6230826,203.0288484,2.192089871,3,-89.31814023,4.735357761
1763934543208575500,14.4946,-2.019559369,0.251123171,-3.824895558,236.1414504,0.1985689998,2.263270907,43.12557814,270.6230826,203.0288484,2.192089871,3,-89.31814023,4.735357761
1763934543218626600,14.5046,-1.785645399,4.48597754,-2.163486779,236.1414504,0.1985689998,2.263270907,43.12557814,270.6230826,203.0288484,2.192089871,3,-89.31814023,4.735357761
1763934543228678400,14.5147,-0.9147358408,1.804188041,2.125187151,236.1414504,0.1985689998,2.263270907,43.12557814,270.6230826,203.0288484,2.192089871,3,-89.31814023,4.735357761
1763934543238729500,14.5247,0.5272142311,-2.454682725,4.6220858,236.1414504,0.1985689998,2.263270907,43.12557814,270.6230826,203.0288484,2.192089871,3,-89.31814023,4.735357761
1763934543248780500,14.5348,1.883038437,-3.456073351,4.314104139,236.1414504,0.1985689998,2.263270907,43.12557814,270.6230826,203.0288484,2.192089871,3,-89.31814023,4.735357761
1763934543258831600,14.5448,-0.7369406486,-3.612695991,2.936616346,236.1414504,0.1985689998,2.263270907,43.12557814,270.6230826,203.0288484,2.192089871,3,-89.31814023,4.735357761
1763934543268883500,14.5549,-1.262622227,1.868206048,0.8593108907,236.1414504,0.1985689998,2.263270907,43.12557814,270.6230826,203.0288484,2.192089871,3,-89.31814023,4.735357761
1763934543278934500,14.5649,3.404354854,2.122717546,-4.213592093,236.1414504,0.1985689998,2.263270907,43.12557814,270.6230826,203.0288484,2.192089871,3,-89.31814023,4.735357761
1763934543288985600,14.5750,1.454062498,-3.508885488,-3.564600946,236.1414504,0.1985689998,2.263270907,43.12557814,270.6230826,203.0288484,2.192089871,3,-89.31814023,4.735357761
1763934543299036400,14.5850,-2.321803948,-4.966010296,-0.8161012791,236.1414504,0.1985689998,2.263270907,43.12557814,270.6230826,203.0288484,2.192089871,3,-89.31814023,4.735357761
1763934543309088500,14.5951,-2.121625074,2.435227352,1.012941948,236.1414504,0.1985689998,2.263270907,43.12557814,270.6230826,203.0288484,2.192089871,3,-89.31814023,4.735357761
1763934543319139600,14.6051,0.8624386674,1.860527768,2.490291214,236.1414504,0.1985689998,2.263270907,43.12557814,270.6230826,203.0288484,2.192089871,3,-89.31814023,4.735357761
1763934543329190400,14.6152,3.339939373,-1.351994601,3.600284254,236.1414504,0.1985689998,2.263270907,43.12557814,270.6230826,203.0288484,2.192089871,3,-89.31814023,4.735357761
1763934543339241500,14.6252,2.04447403,-1.081432862,0.7679308301,236.1414504,0.1985689998,2.263270907,43.12557814,270.6230826,203.0288484,2.192089871,3,-89.31814023,4.735357761
1763934543349293600,14.6353,-0.2839023184,0.5568650903,-3.336793476,236.1414504,0.1985689998,2.263270907,43.12557814,270.6230826,203.0288484,2.192089871,3,-89.31814023,4.735357761
1763934543359344400,14.6453,-4.420604612,-1.116488832,-2.028994722,236.1414504,0.1985689998,2.263270907,43.12557814,270.6230826,203.0288484,2.192089871,3,-89.31814023,4.735357761
1763934543369395500,14.6554,-3.679510351,1.274064535,0.7945277452,236.1414504,0.1985689998,2.263270907,43.12557814,270.6230826,203.0288484,2.192089871,3,-89.31814023,4.735357761
1763934543379446500,14.6654,1.89058929,1.667136509,-2.228725851,236.1414504,0.1985689998,2.263270907,43.12557814,270.6230826,203.0288484,2.192089871,3,-89.31814023,4.735357761
1763934543389498400,14.6755,0.9500151709,0.650411389,0.5977928747,236.1414504,0.1985689998,2.263270907,43.12557814,270.6230826,203.0288484,2.192089871,3,-89.31814023,4.735357761
1763934543399549400,14.6855,-0.5622937643,0.47232189,-0.09268588248,236.1414504,0.1985689998,2.263270907,43.12557814,270.6230826,203.0288484,2.192089871,3,-89.31814023,4.735357761
1763934543409600500,14.6956,0.1196037,1.439118027,-1.032306574,236.1414504,0.1985689998,2.263270907,43.12557814,270.6230826,203.0288484,2.192089871,3,-89.31814023,4.735357761
1763934543419651600,14.7057,-0.1007856754,0.7469076236,-0.7990034293,236.1414504,0.1985689998,2.263270907,43.12557814,270.6230826,203.0288484,2.192089871,3,-89.31814023,4.735357761
1763934543429703400,14.7157,0.03330130803,-1.062363566,0.1897708767,236.1414504,0.1985689998,2.263270907,43.12557814,270.6230826,203.0288484,2.192089871,3,-89.31814023,4.735357761
1763934543439754500,14.7258,0.1857364336,-1.013189201,1.447185598,236.1414504,0.1985689998,2.263270907,43.12557814,270.6230826,203.0288484,2.192089871,3,-89.31814023,4.735357761
1763934543449805600,14.7358,1.738286267,-1.358053462,0.6734136406,236.1414504,0.1985689998,2.263270907,43.12557814,270.6230826,203.0288484,2.192089871,3,-89.31814023,4.735357761
1763934543459856400,14.7459,1.887687724,-1.665184206,-1.134662786,236.1414504,0.1985689998,2.263270907,43.12557814,270.6230826,203.0288484,2.192089871,3,-89.31814023,4.735357761
1763934543469908500,14.7559,0.2667978562,0.8957097994,-1.3608938,236.1414504,0.1985689998,2.263270907,43.12557814,270.6230826,203.0288484,2.192089871,3,-89.31814023,4.735357761
1763934543479959600,14.7660,-0.101684597,-0.8397763153,-1.726054562,236.1414504,0.1985689998,2.263270907,43.12557814,270.6230826,203.0288484,2.192089871,3,-89.31814023,4.735357761
1763934543490010600,14.7760,-2.444251931,0.3174069304,1.154466388,236.1414504,0.1985689998,2.263270907,43.12557814,270.6230826,203.0288484,2.192089871,3,-89.31814023,4.735357761
1763934543500061400,14.7861,-0.5283388878,0.1482796133,-1.684481611,236.1414504,0.1985689998,2.263270907,43.12557814,270.6230826,203.0288484,2.192089871,3,-89.31814023,4.735357761
1763934541509914400,12.7959,-2.485349666,-6.693665279,-0.605544804,236.2694182,0.1147584096,1.32506481,43.12561978,270.7510504,202.2133375,2.185228536,3,-89.31811777,4.735357761
1763934541519965400,12.8060,-4.79938181,1.087560551,-4.182558657,236.2694182,0.1147584096,1.32506481,43.12561978,270.7510504,202.2133375,2.185228536,3,-89.31811777,4.735357761
1763934541530016500,12.8160,-0.6586942104,-0.6882203107,-7.923219349,236.2694182,0.1147584096,1.32506481,43.12561978,270.7510504,202.2133375,2.185228536,3,-89.31811777,4.735357761
1763934541540068400,12.8261,0.5045815435,0.1839719812,-4.116553276,236.2694182,0.1147584096,1.32506481,43.12561978,270.7510504,202.2133375,2.185228536,3,-89.31811777,4.735357761
1763934541550119400,12.8361,0.851586434,-0.4026991955,0.3450508703,236.2694182,0.1147584096,1.32506481,43.12561978,270.7510504,202.2133375,2.185228536,3,-89.31811777,4.735357761
1763934541560170500,12.8462,1.370072548,1.165637186,0.1219540625,236.2694182,0.1147584096,1.32506481,43.12561978,270.7510504,202.2133375,2.185228536,3,-89.31811777,4.735357761
1763934541570221300,12.8562,-1.435964531,-1.641234444,-3.601417057,236.2694182,0.1147584096,1.32506481,43.12561978,270.7510504,202.2133375,2.185228536,3,-89.31811777,4.735357761
1763934541580273400,12.8663,-4.389775758,3.56300637,-0.5617839882,236.2694182,0.1147584096,1.32506481,43.12561978,270.7510504,202.2133375,2.185228536,3,-89.31811777,4.735357761
1763934541590324500,12.8763,-2.360304067,1.985468591,-0.3439186514,236.2694182,0.1147584096,1.32506481,43.12561978,270.7510504,202.2133375,2.185228536,3,-89.31811777,4.735357761
1763934541600375300,12.8864,0.4012100529,3.12216113,6.599736119,236.2694182,0.1147584096,1.32506481,43.12561978,270.7510504,202.2133375,2.185228536,3,-89.31811777,4.735357761
1763934541610426400,12.8964,3.442065868,0.2425155017,6.388421519,236.2694182,0.1147584096,1.32506481,43.12561978,270.7510504,202.2133375,2.185228536,3,-89.31811777,4.735357761
1763934541620478500,12.9065,4.904368956,-3.878946881,-0.7552490432,236.2694182,0.1147584096,1.32506481,43.12561978,270.7510504,202.2133375,2.185228536,3,-89.31811777,4.735357761
1763934541630529300,12.9165,0.8183060956,-2.214843164,-3.775159759,236.2694182,0.1147584096,1.32506481,43.12561978,270.7510504,202.2133375,2.185228536,3,-89.31811777,4.735357761
1763934541640580400,12.9266,0.0846352625,-2.79049698,-5.98997925,236.2694182,0.1147584096,1.32506481,43.12561978,270.7510504,202.2133375,2.185228536,3,-89.31811777,4.735357761
1763934541650631400,12.9366,-0.4886801005,-2.157244816,-2.898221442,236.2694182,0.1147584096,1.32506481,43.12561978,270.7510504,202.2133375,2.185228536,3,-89.31811777,4.735357761
1763934541660683500,12.9467,1.891376057,-5.066095642,-5.493686263,236.2694182,0.1147584096,1.32506481,43.12561978,270.7510504,202.2133375,2.185228536,3,-89.31811777,4.735357761
1763934541670734300,12.9567,0.8665197992,0.4615997128,-3.181069246,236.2694182,0.1147584096,1.32506481,43.12561978,270.7510504,202.2133375,2.185228536,3,-89.31811777,4.735357761
1763934541680785400,12.9668,-0.6559095481,7.185269231,4.97103134,236.2694182,0.1147584096,1.32506481,43.12561978,270.7510504,202.2133375,2.185228536,3,-89.31811777,4.735357761
1763934541690836500,12.9768,0.1334334879,4.372867001,11.16445226,236.2694182,0.1147584096,1.32506481,43.12561978,270.7510504,202.2133375,2.185228536,3,-89.31811777,4.735357761
1763934541700888300,12.9869,1.671747802,-8.534933782,3.924313963,236.2694182,0.1147584096,1.32506481,43.12561978,270.7510504,202.2133375,2.185228536,3,-89.31811777,4.735357761
1763934541710939400,12.9969,-1.172594238,-11.2115355,-1.168437046,236.2694182,0.1147584096,1.32506481,43.12561978,270.7510504,202.2133375,2.185228536,3,-89.31811777,4.735357761
1763934541720990500,13.0070,-2.189334921,0.1026733158,-6.722077719,236.2694182,0.1147584096,1.32506481,43.12561978,270.7510504,202.2133375,2.185228536,3,-89.31811777,4.735357761
1763934541731041500,13.0170,0.1089830104,5.717207434,-6.652690295,236.2694182,0.1147584096,1.32506481,43.12561978,270.7510504,202.2133375,2.185228536,3,-89.31811777,4.735357761
1763934541741093400,13.0271,1.76431035,6.25988574,-2.38536252,236.2694182,0.1147584096,1.32506481,43.12561978,270.7510504,202.2133375,2.185228536,3,-89.31811777,4.735357761
1763934541751144400,13.0371,0.7193512159,3.57474883,4.413052004,236.2694182,0.1147584096,1.32506481,43.12561978,270.7510504,202.2133375,2.185228536,3,-89.31811777,4.735357761
1763934541761195500,13.0472,-0.01880640728,0.6774357357,5.631306097,236.2694182,0.1147584096,1.32506481,43.12561978,270.7510504,202.2133375,2.185228536,3,-89.31811777,4.735357761
1763934541771246300,13.0572,1.195847615,0.668534198,0.9669313075,236.2694182,0.1147584096,1.32506481,43.12561978,270.7510504,202.2133375,2.185228536,3,-89.31811777,4.735357761
1763934541781298400,13.0673,0.2463501845,-1.699071716,-1.996981042,236.2694182,0.1147584096,1.32506481,43.12561978,270.7510504,202.2133375,2.185228536,3,-89.31811777,4.735357761
1763934541791349500,13.0773,-2.555978615,0.3975922278,-0.2427531098,236.2694182,0.1147584096,1.32506481,43.12561978,270.7510504,202.2133375,2.185228536,3,-89.31811777,4.735357761
1763934541801400300,13.0874,0.1149905802,2.03353295,0.2665384746,236.2694182,0.1147584096,1.32506481,43.12561978,270.7510504,202.2133375,2.185228536,3,-89.31811777,4.735357761
1763934541811451400,13.0975,0.6163480106,-1.324198685,1.565479384,236.2694182,0.1147584096,1.32506481,43.12561978,270.7510504,202.2133375,2.185228536,3,-89.31811777,4.735357761
1763934541821503500,13.1075,-0.7970855399,-2.322683946,2.253209135,236.2694182,0.1147584096,1.32506481,43.12561978,270.7510504,202.2133375,2.185228536,3,-89.31811777,4.735357761
1763934541831554300,13.1176,-0.1451285288,-1.369915165,-0.5507341864,236.2694182,0.1147584096,1.32506481,43.12561978,270.7510504,202.2133375,2.185228536,3,-89.31811777,4.735357761
1763934541841605400,13.1276,0.2350024226,0.9743782625,-0.6637251903,236.2694182,0.1147584096,1.32506481,43.12561978,270.7510504,202.2133375,2.185228536,3,-89.31811777,4.735357761
1763934541851656400,13.1377,1.664511421,3.408960887,-0.3374643607,236.2694182,0.1147584096,1.32506481,43.12561978,270.7510504,202.2133375,2.185228536,3,-89.31811777,4.735357761
1763934541861708300,13.1477,1.444004045,1.059621428,0.6923065571,236.2694182,0.1147584096,1.32506481,43.12561978,270.7510504,202.2133375,2.185228536,3,-89.31811777,4.735357761
1763934541871759400,13.1578,1.229260055,-3.225581172,-1.167308918,236.2694182,0.1147584096,1.32506481,43.12561978,270.7510504,202.2133375,2.185228536,3,-89.31811777,4.735357761
1763934541881810400,13.1678,-0.03758000827,-0.7494066008,-0.694345954,236.2694182,0.1147584096,1.32506481,43.12561978,270.7510504,202.2133375,2.185228536,3,-89.31811777,4.735357761
1763934541891861500,13.1779,0.241234522,0.06000950141,-3.150071466,236.2694182,0.1147584096,1.32506481,43.12561978,270.7510504,202.2133375,2.185228536,3,-89.31811777,4.735357761
1763934541901913300,13.1879,1.070038631,-0.8621034441,-3.560360824,236.2694182,0.1147584096,1.32506481,43.12561978,270.7510504,202.2133375,2.185228536,3,-89.31811777,4.735357761
1763934541911964400,13.1980,-1.512429347,-4.975112471,1.180919511,236.2694182,0.1147584096,1.32506481,43.12561978,270.7510504,202.2133375,2.185228536,3,-89.31811777,4.735357761
1763934541922015500,13.2080,-1.804463497,-5.44432865,4.21769076,236.2694182,0.1147584096,1.32506481,43.12561978,270.7510504,202.2133375,2.185228536,3,-89.31811777,4.735357761
1763934541932066600,13.2181,1.33659581,2.803137266,0.7997054401,236.2694182,0.1147584096,1.32506481,43.12561978,270.7510504,202.2133375,2.185228536,3,-89.31811777,4.735357761
1763934541942118400,13.2281,3.035316959,4.757331306,-1.53902217,236.2694182,0.1147584096,1.32506481,43.12561978,270.7510504,202.2133375,2.185228536,3,-89.31811777,4.735357761
1763934541952169500,13.2382,-2.468070029,-2.06239138,-1.914035048,236.2694182,0.1147584096,1.32506481,43.12561978,270.7510504,202.2133375,2.185228536,3,-89.31811777,4.735357761
1763934541962220500,13.2482,-4.350985717,0.9511113687,2.255764665,236.2694182,0.1147584096,1.32506481,43.12561978,270.7510504,202.2133375,2.185228536,3,-89.31811777,4.735357761
1763934541972271400,13.2583,0.01721058945,-1.900077688,-0.6097469318,236.2694182,0.1147584096,1.32506481,43.12561978,270.7510504,202.2133375,2.185228536,3,-89.31811777,4.735357761
1763934541982323500,13.2683,1.231865854,-0.7933959647,-0.2674789703,236.2694182,0.1147584096,1.32506481,43.12561978,270.7510504,202.2133375,2.185228536,3,-89.31811777,4.735357761
1763934541992374500,13.2784,-0.8434558075,-0.2560008601,-0.7308931851,236.2694182,0.1147584096,1.32506481,43.12561978,270.7510504,202.2133375,2.185228536,3,-89.31811777,4.735357761
1763934542002425300,13.2884,-0.2036450883,0.689216336,-1.522491891,236.2694182,0.1147584096,1.32506481,43.12561978,270.7510504,202.2133375,2.185228536,3,-89.31811777,4.735357761
1763934542012476400,13.2985,-1.079555816,2.288834575,-0.1388543439,236.2694182,0.1147584096,1.32506481,43.12561978,270.7510504,202.2133375,2.185228536,3,-89.31811777,4.735357761
1763934542022528500,13.3085,0.9775871415,-0.6374560459,1.119375201,236.2694182,0.1147584096,1.32506481,43.12561978,270.7510504,202.2133375,2.185228536,3,-89.31811777,4.735357761
1763934542032579300,13.3186,0.8073602657,-1.944419373,1.344337218,236.2694182,0.1147584096,1.32506481,43.12561978,270.7510504,202.2133375,2.185228536,3,-89.31811777,4.735357761
1763934542042630400,13.3286,0.9232629192,3.98659594,1.249771513,236.2694182,0.1147584096,1.32506481,43.12561978,270.7510504,202.2133375,2.185228536,3,-89.31811777,4.735357761
1763934542052681500,13.3387,0.9628244567,-1.656601086,-2.990980389,236.2694182,0.1147584096,1.32506481,43.12561978,270.7510504,202.2133375,2.185228536,3,-89.31811777,4.735357761
1763934542062733300,13.3487,-4.428044406,-1.609532607,1.704853368,236.2694182,0.1147584096,1.32506481,43.12561978,270.7510504,202.2133375,2.185228536,3,-89.31811777,4.735357761
1763934542072784400,13.3588,-1.438253519,2.062434634,-0.6826216139,236.2694182,0.1147584096,1.32506481,43.12561978,270.7510504,202.2133375,2.185228536,3,-89.31811777,4.735357761
1763934542082835500,13.3688,0.07254026249,0.860712282,1.710837119,236.2694182,0.1147584096,1.32506481,43.12561978,270.7510504,202.2133375,2.185228536,3,-89.31811777,4.735357761
1763934542092886500,13.3789,-0.6105939041,1.950604345,2.025839472,236.2694182,0.1147584096,1.32506481,43.12561978,270.7510504,202.2133375,2.185228536,3,-89.31811777,4.735357761
1763934542102937900,13.3889,3.018723552,-0.9228964971,-3.705618021,236.2694182,0.1147584096,1.32506481,43.12561978,270.7510504,202.2133375,2.185228536,3,-89.31811777,4.735357761
1763934542112989000,13.3990,-3.634546589,0.03232274533,0.9883107801,236.2694182,0.1147584096,1.32506481,43.12561978,270.7510504,202.2133375,2.185228536,3,-89.31811777,4.735357761
1763934542133091000,13.4191,2.503870826,-1.695305349,-1.36708681,236.2694182,0.1147584096,1.32506481,43.12561978,270.7510504,202.2133375,2.185228536,3,-89.31811777,4.735357761
1763934542143143000,13.4291,-0.4285001378,-0.2221197794,-0.4477519508,236.2694182,0.1147584096,1.32506481,43.12561978,270.7510504,202.2133375,2.185228536,3,-89.31811777,4.735357761
1763934542153194000,13.4392,0.0002408230186,2.005101513,-0.3993143754,236.2694182,0.1147584096,1.32506481,43.12561978,270.7510504,202.2133375,2.185228536,3,-89.31811777,4.735357761
1763934542163245000,13.4492,-0.5849894341,-2.947389085,-0.7338105339,236.2694182,0.1147584096,1.32506481,43.12561978,270.7510504,202.2133375,2.185228536,3,-89.31811777,4.735357761
1763934542173295900,13.4593,-1.843186903,0.4421849643,4.118244882,236.2694182,0.1147584096,1.32506481,43.12561978,270.7510504,202.2133375,2.185228536,3,-89.31811777,4.735357761
1763934542183348000,13.4693,2.100167276,-3.38493353,-2.893083494,236.2694182,0.1147584096,1.32506481,43.12561978,270.7510504,202.2133375,2.185228536,3,-89.31811777,4.735357761
1763934542193399000,13.4794,-1.015001146,1.553420844,0.4229612084,236.2694182,0.1147584096,1.32506481,43.12561978,270.7510504,202.2133375,2.185228536,3,-89.31811777,4.735357761
1763934542203449900,13.4894,-1.820031653,0.3035793345,-1.16966045,236.2694182,0.1147584096,1.32506481,43.12561978,270.7510504,202.2133375,2.185228536,3,-89.31811777,4.735357761
1763934542213501000,13.4995,-0.3017781303,-3.845418121,-2.860278957,236.2694182,0.1147584096,1.32506481,43.12561978,270.7510504,202.2133375,2.185228536,3,-89.31811777,4.735357761
1763934542223553000,13.5096,-2.690518018,-2.995221096,-2.198940369,236.2694182,0.1147584096,1.32506481,43.12561978,270.7510504,202.2133375,2.185228536,3,-89.31811777,4.735357761
1763934542233603800,13.5196,0.6729355747,0.02106412308,-4.722347086,236.2694182,0.1147584096,1.32506481,43.12561978,270.7510504,202.2133375,2.185228536,3,-89.31811777,4.735357761
1763934542243655000,13.5297,-0.1410976659,3.035698067,1.419566939,236.2694182,0.1147584096,1.32506481,43.12561978,270.7510504,202.2133375,2.185228536,3,-89.31811777,4.735357761
1763934542253706000,13.5397,-1.340045658,6.148243228,13.41876147,236.2694182,0.1147584096,1.32506481,43.12561978,270.7510504,202.2133375,2.185228536,3,-89.31811777,4.735357761
1763934542263757800,13.5498,4.297010965,-1.158050384,10.41547163,236.2694182,0.1147584096,1.32506481,43.12561978,270.7510504,202.2133375,2.185228536,3,-89.31811777,4.735357761
1763934542273809000,13.5598,3.110017688,-6.458792694,2.475380645,236.2694182,0.1147584096,1.32506481,43.12561978,270.7510504,202.2133375,2.185228536,3,-89.31811777,4.735357761
1763934542293911000,13.5799,-4.405726191,-2.347247309,-7.839120093,236.2694182,0.1147584096,1.32506481,43.12561978,270.7510504,202.2133375,2.185228536,3,-89.31811777,4.735357761
1763934542303963000,13.5900,-3.435126425,-0.2460202949,-6.968889749,236.2694182,0.1147584096,1.32506481,43.12561978,270.7510504,202.2133375,2.185228536,3,-89.31811777,4.735357761
1763934542314014000,13.6000,-1.28310855,-2.670515679,0.07404898655,236.2694182,0.1147584096,1.32506481,43.12561978,270.7510504,202.2133375,2.185228536,3,-89.31811777,4.735357761
1763934542324065000,13.6101,3.045562459,2.08817464,3.212950239,236.2694182,0.1147584096,1.32506481,43.12561978,270.7510504,202.2133375,2.185228536,3,-89.31811777,4.735357761
1763934542334116000,13.6201,6.556243014,2.702521467,-0.01681727929,236.2694182,0.1147584096,1.32506481,43.12561978,270.7510504,202.2133375,2.185228536,3,-89.31811777,4.735357761
1763934542344168000,13.6302,0.8686275851,1.938291391,0.4542559259,236.2694182,0.1147584096,1.32506481,43.12561978,270.7510504,202.2133375,2.185228536,3,-89.31811777,4.735357761
1763934542354219000,13.6402,-2.351930206,3.417921023,-1.442239958,236.2694182,0.1147584096,1.32506481,43.12561978,270.7510504,202.2133375,2.185228536,3,-89.31811777,4.735357761
1763934542374321000,13.6603,-2.687557999,0.7210511517,2.074143777,236.2694182,0.1147584096,1.32506481,43.12561978,270.7510504,202.2133375,2.185228536,3,-89.31811777,4.735357761
1763934542384373000,13.6704,-2.391806289,2.241130136,4.619094217,236.2694182,0.1147584096,1.32506481,43.12561978,270.7510504,202.2133375,2.185228536,3,-89.31811777,4.735357761
1763934542394424000,13.6804,3.3671816,-1.616229182,-0.9973398898,236.2694182,0.1147584096,1.32506481,43.12561978,270.7510504,202.2133375,2.185228536,3,-89.31811777,4.735357761
1763934542404475000,13.6905,-0.9196902484,-0.5144000135,1.966947723,236.2694182,0.1147584096,1.32506481,43.12561978,270.7510504,202.2133375,2.185228536,3,-89.31811777,4.735357761
1763934542414526000,13.7005,0.3336871802,0.5023052326,-2.536657243,236.2694182,0.1147584096,1.32506481,43.12561978,270.7510504,202.2133375,2.185228536,3,-89.31811777,4.735357761
1763934542424578000,13.7106,0.6422539477,3.497025539,-3.66726754,236.2694182,0.1147584096,1.32506481,43.12561978,270.7510504,202.2133375,2.185228536,3,-89.31811777,4.735357761
1763934542434628900,13.7206,0.2485503979,-0.4552117653,-2.799389311,236.2694182,0.1147584096,1.32506481,43.12561978,270.7510504,202.2133375,2.185228536,3,-89.31811777,4.735357761
1763934542454731000,13.7407,-0.4189326836,-5.481211982,0.9456395131,236.2694182,0.1147584096,1.32506481,43.12561978,270.7510504,202.2133375,2.185228536,3,-89.31811777,4.735357761
1763934542464782800,13.7508,-1.187878244,-7.062588608,3.840660697,236.2694182,0.1147584096,1.32506481,43.12561978,270.7510504,202.2133375,2.185228536,3,-89.31811777,4.735357761
1763934542474834000,13.7608,2.376512859,-1.092196979,1.44691438,236.2694182,0.1147584096,1.32506481,43.12561978,270.7510504,202.2133375,2.185228536,3,-89.31811777,4.735357761
1763934542484885000,13.7709,5.643084213,7.861650489,-0.5156827467,236.2694182,0.1147584096,1.32506481,43.12561978,270.7510504,202.2133375,2.185228536,3,-89.31811777,4.735357761
1763934542494936000,13.7809,3.395588195,4.06506625,-2.280606261,236.2694182,0.1147584096,1.32506481,43.12561978,270.7510504,202.2133375,2.185228536,3,-89.31811777,4.735357761
1763934540504789000,11.7908,-0.2864543044,-1.361301358,2.990444967,236.3374905,0.1210382208,9.999999709,43.12565906,270.8191227,202.4998366,2.198596834,3,-89.31809649,4.340752602
1763934540524891100,11.8109,-0.9657470661,0.4912677058,1.560728391,236.3374905,0.1210382208,9.999999709,43.12565906,270.8191227,202.4998366,2.198596834,3,-89.31809649,4.340752602
1763934540534943000,11.8209,0.1738449933,0.02061988644,-1.131724395,236.3374905,0.1210382208,9.999999709,43.12565906,270.8191227,202.4998366,2.198596834,3,-89.31809649,4.340752602
1763934540544994000,11.8310,-0.02083703632,-1.494218275,-1.293009182,236.3374905,0.1210382208,9.999999709,43.12565906,270.8191227,202.4998366,2.198596834,3,-89.31809649,4.340752602
1763934540555045000,11.8410,-0.3981599081,1.033025682,1.325966864,236.3374905,0.1210382208,9.999999709,43.12565906,270.8191227,202.4998366,2.198596834,3,-89.31809649,4.340752602
1763934540565096200,11.8511,1.626177307,1.640626541,-1.972885881,236.3374905,0.1210382208,9.999999709,43.12565906,270.8191227,202.4998366,2.198596834,3,-89.31809649,4.340752602
1763934540575148000,11.8611,-1.601544385,1.262055387,0.286350844,236.3374905,0.1210382208,9.999999709,43.12565906,270.8191227,202.4998366,2.198596834,3,-89.31809649,4.340752602
1763934540585199000,11.8712,-0.943472106,0.1558655384,-0.3903238442,236.3374905,0.1210382208,9.999999709,43.12565906,270.8191227,202.4998366,2.198596834,3,-89.31809649,4.340752602
1763934540595250200,11.8813,-0.1168026894,-0.1168544013,-0.755177147,236.3374905,0.1210382208,9.999999709,43.12565906,270.8191227,202.4998366,2.198596834,3,-89.31809649,4.340752602
1763934540605301200,11.8913,-0.6875427037,1.354010325,1.447628666,236.3374905,0.1210382208,9.999999709,43.12565906,270.8191227,202.4998366,2.198596834,3,-89.31809649,4.340752602
1763934540615353000,11.9014,-0.5067909998,0.978587843,-0.05493336719,236.3374905,0.1210382208,9.999999709,43.12565906,270.8191227,202.4998366,2.198596834,3,-89.31809649,4.340752602
1763934540625404200,11.9114,-0.7213783378,0.2119898689,0.3309007644,236.3374905,0.1210382208,9.999999709,43.12565906,270.8191227,202.4998366,2.198596834,3,-89.31809649,4.340752602
1763934540635455200,11.9215,-0.5193687418,0.2390634615,0.5800725091,236.3374905,0.1210382208,9.999999709,43.12565906,270.8191227,202.4998366,2.198596834,3,-89.31809649,4.340752602
1763934540645506000,11.9315,0.8801941043,1.250885466,-1.618694257,236.3374905,0.1210382208,9.999999709,43.12565906,270.8191227,202.4998366,2.198596834,3,-89.31809649,4.340752602
1763934540655558100,11.9416,0.5699602804,-0.3811638017,-0.7494955943,236.3374905,0.1210382208,9.999999709,43.12565906,270.8191227,202.4998366,2.198596834,3,-89.31809649,4.340752602
1763934540665609200,11.9516,-0.08870240234,-0.5004365162,1.236474809,236.3374905,0.1210382208,9.999999709,43.12565906,270.8191227,202.4998366,2.198596834,3,-89.31809649,4.340752602
1763934540685711000,11.9717,0.7913491151,-0.4592003965,0.2335036354,236.3374905,0.1210382208,9.999999709,43.12565906,270.8191227,202.4998366,2.198596834,3,-89.31809649,4.340752602
1763934540695763200,11.9818,-0.2187222459,-1.277074531,1.123715276,236.3374905,0.1210382208,9.999999709,43.12565906,270.8191227,202.4998366,2.198596834,3,-89.31809649,4.340752602
1763934540705814000,11.9918,0.6263432618,-0.4704432367,-0.4679828379,236.3374905,0.1210382208,9.999999709,43.12565906,270.8191227,202.4998366,2.198596834,3,-89.31809649,4.340752602
1763934540715865000,12.0019,-0.3080172804,-1.237123921,0.7876695498,236.3374905,0.1210382208,9.999999709,43.12565906,270.8191227,202.4998366,2.198596834,3,-89.31809649,4.340752602
1763934540725916200,12.0119,-0.05523147336,-1.509566651,-0.678565032,236.3374905,0.1210382208,9.999999709,43.12565906,270.8191227,202.4998366,2.198596834,3,-89.31809649,4.340752602
1763934540735968000,12.0220,-0.7550222487,1.227072044,-0.9265490282,236.3374905,0.1210382208,9.999999709,43.12565906,270.8191227,202.4998366,2.198596834,3,-89.31809649,4.340752602
1763934540746019000,12.0320,0.6958873382,-0.1202262158,-1.49354286,236.3374905,0.1210382208,9.999999709,43.12565906,270.8191227,202.4998366,2.198596834,3,-89.31809649,4.340752602
1763934540756070100,12.0421,0.3695277244,-1.741068445,1.856689359,236.3374905,0.1210382208,9.999999709,43.12565906,270.8191227,202.4998366,2.198596834,3,-89.31809649,4.340752602
1763934540766121200,12.0521,1.428397311,1.060242336,1.539562268,236.3374905,0.1210382208,9.999999709,43.12565906,270.8191227,202.4998366,2.198596834,3,-89.31809649,4.340752602
1763934540776173000,12.0622,1.71043263,1.314012807,-2.170737773,236.3374905,0.1210382208,9.999999709,43.12565906,270.8191227,202.4998366,2.198596834,3,-89.31809649,4.340752602
1763934540786224000,12.0722,-0.7091829462,0.1364399763,-0.1067377887,236.3374905,0.1210382208,9.999999709,43.12565906,270.8191227,202.4998366,2.198596834,3,-89.31809649,4.340752602
1763934540796275200,12.0823,1.103877772,-0.6382331677,-0.7653238625,236.3374905,0.1210382208,9.999999709,43.12565906,270.8191227,202.4998366,2.198596834,3,-89.31809649,4.340752602
1763934540806326300,12.0923,1.83986565,0.9470612165,1.044735847,236.3374905,0.1210382208,9.999999709,43.12565906,270.8191227,202.4998366,2.198596834,3,-89.31809649,4.340752602
1763934540816378000,12.1024,0.78814009,1.460571442,-0.2801969976,236.3374905,0.1210382208,9.999999709,43.12565906,270.8191227,202.4998366,2.198596834,3,-89.31809649,4.340752602
1763934540826429200,12.1124,-0.1078196657,-0.009778320562,-0.9826701439,236.3374905,0.1210382208,9.999999709,43.12565906,270.8191227,202.4998366,2.198596834,3,-89.31809649,4.340752602
1763934540836480300,12.1225,-2.664949861,-0.1209048458,1.971082046,236.3374905,0.1210382208,9.999999709,43.12565906,270.8191227,202.4998366,2.198596834,3,-89.31809649,4.340752602
1763934540846531000,12.1325,-0.6841524037,1.51760295,-0.8824538659,236.3374905,0.1210382208,9.999999709,43.12565906,270.8191227,202.4998366,2.198596834,3,-89.31809649,4.340752602
1763934540856583200,12.1426,-0.4918645757,0.1790003302,0.5288315666,236.3374905,0.1210382208,9.999999709,43.12565906,270.8191227,202.4998366,2.198596834,3,-89.31809649,4.340752602
1763934540866634200,12.1526,-1.16763742,-2.477260175,0.8094201939,236.3374905,0.1210382208,9.999999709,43.12565906,270.8191227,202.4998366,2.198596834,3,-89.31809649,4.340752602
1763934540876685000,12.1627,0.545861685,0.8933174975,-0.1218272213,236.3374905,0.1210382208,9.999999709,43.12565906,270.8191227,202.4998366,2.198596834,3,-89.31809649,4.340752602
1763934540886736100,12.1727,-0.05121697702,-0.3637114393,-0.868116713,236.3374905,0.1210382208,9.999999709,43.12565906,270.8191227,202.4998366,2.198596834,3,-89.31809649,4.340752602
1763934540896788200,12.1828,0.5459820965,-1.054704576,-1.218598376,236.3374905,0.1210382208,9.999999709,43.12565906,270.8191227,202.4998366,2.198596834,3,-89.31809649,4.340752602
1763934540906839000,12.1928,1.027612863,-1.567809581,-0.6665881785,236.3374905,0.1210382208,9.999999709,43.12565906,270.8191227,202.4998366,2.198596834,3,-89.31809649,4.340752602
1763934540926941200,12.2129,0.980139091,-0.448193411,-1.619126803,236.3374905,0.1210382208,9.999999709,43.12565906,270.8191227,202.4998366,2.198596834,3,-89.31809649,4.340752602
1763934540936993000,12.2230,-0.5018225637,0.507378152,1.165983223,236.3374905,0.1210382208,9.999999709,43.12565906,270.8191227,202.4998366,2.198596834,3,-89.31809649,4.340752602
1763934540947044000,12.2330,-1.584918244,-0.9114959821,1.112751983,236.3374905,0.1210382208,9.999999709,43.12565906,270.8191227,202.4998366,2.198596834,3,-89.31809649,4.340752602
1763934540957095200,12.2431,-0.703573728,-0.6718443454,-1.230294659,236.3374905,0.1210382208,9.999999709,43.12565906,270.8191227,202.4998366,2.198596834,3,-89.31809649,4.340752602
1763934540967146200,12.2531,-1.37525375,0.7126305293,-0.3904769889,236.3374905,0.1210382208,9.999999709,43.12565906,270.8191227,202.4998366,2.198596834,3,-89.31809649,4.340752602
1763934540977198000,12.2632,-1.563871949,-0.3431602342,-1.137498302,236.3374905,0.1210382208,9.999999709,43.12565906,270.8191227,202.4998366,2.198596834,3,-89.31809649,4.340752602
1763934540987249200,12.2732,-1.433078162,-0.2953130259,1.45096687,236.3374905,0.1210382208,9.999999709,43.12565906,270.8191227,202.4998366,2.198596834,3,-89.31809649,4.340752602
1763934540997300200,12.2833,0.6224656898,-0.5806432947,1.740931228,236.3374905,0.1210382208,9.999999709,43.12565906,270.8191227,202.4998366,2.198596834,3,-89.31809649,4.340752602
1763934541007351000,12.2934,1.571849504,-0.3525542316,1.010965095,236.3374905,0.1210382208,9.999999709,43.12565906,270.8191227,202.4998366,2.198596834,3,-89.31809649,4.340752602
1763934541017403100,12.3034,1.58779643,-1.042677453,-1.110991403,236.3374905,0.1210382208,9.999999709,43.12565906,270.8191227,202.4998366,2.198596834,3,-89.31809649,4.340752602
1763934541027454200,12.3135,-0.06865918327,1.180803629,-0.1794330226,236.3374905,0.1210382208,9.999999709,43.12565906,270.8191227,202.4998366,2.198596834,3,-89.31809649,4.340752602
1763934541037505000,12.3235,1.056808562,0.1810464491,-0.4766109655,236.3374905,0.1210382208,9.999999709,43.12565906,270.8191227,202.4998366,2.198596834,3,-89.31809649,4.340752602
1763934541047556000,12.3336,2.052000334,0.6532775921,-0.9569862521,236.3374905,0.1210382208,9.999999709,43.12565906,270.8191227,202.4998366,2.198596834,3,-89.31809649,4.340752602
1763934541057608200,12.3436,-0.3190156808,0.2411541502,0.3823386907,236.3374905,0.1210382208,9.999999709,43.12565906,270.8191227,202.4998366,2.198596834,3,-89.31809649,4.340752602
1763934541067659300,12.3537,-0.1045476583,-0.6366238328,-0.8517460084,236.3374905,0.1210382208,9.999999709,43.12565906,270.8191227,202.4998366,2.198596834,3,-89.31809649,4.340752602
1763934541087761200,12.3738,0.6831120278,0.03993541229,-0.2252659685,236.3374905,0.1210382208,9.999999709,43.12565906,270.8191227,202.4998366,2.198596834,3,-89.31809649,4.340752602
1763934541097813200,12.3838,-1.360078392,2.275029045,0.6301584362,236.3374905,0.1210382208,9.999999709,43.12565906,270.8191227,202.4998366,2.198596834,3,-89.31809649,4.340752602
1763934541107864300,12.3939,0.4735327271,-1.749002307,-2.407013211,236.3374905,0.1210382208,9.999999709,43.12565906,270.8191227,202.4998366,2.198596834,3,-89.31809649,4.340752602
1763934541117915400,12.4039,-1.341831957,0.8133635247,2.255365436,236.3374905,0.1210382208,9.999999709,43.12565906,270.8191227,202.4998366,2.198596834,3,-89.31809649,4.340752602
1763934541127966500,12.4140,0.3044680269,1.85198878,0.6911924584,236.3374905,0.1210382208,9.999999709,43.12565906,270.8191227,202.4998366,2.198596834,3,-89.31809649,4.340752602
1763934541138018300,12.4240,1.548240665,-2.480890933,-1.95552032,236.3374905,0.1210382208,9.999999709,43.12565906,270.8191227,202.4998366,2.198596834,3,-89.31809649,4.340752602
1763934541148069400,12.4341,-3.328509632,3.644422086,6.212374047,236.3374905,0.1210382208,9.999999709,43.12565906,270.8191227,202.4998366,2.198596834,3,-89.31809649,4.340752602
1763934541158120400,12.4441,0.8906710746,-2.855452559,-1.383710612,236.3374905,0.1210382208,9.999999709,43.12565906,270.8191227,202.4998366,2.198596834,3,-89.31809649,4.340752602
1763934541168171500,12.4542,-0.4588193613,-1.404290459,-0.67031509,236.3374905,0.1210382208,9.999999709,43.12565906,270.8191227,202.4998366,2.198596834,3,-89.31809649,4.340752602
1763934541178223400,12.4642,-1.042504216,0.5493402478,-1.959918263,236.3374905,0.1210382208,9.999999709,43.12565906,270.8191227,202.4998366,2.198596834,3,-89.31809649,4.340752602
1763934541188274400,12.4743,-0.08631634745,-2.07076904,-2.942006223,236.3374905,0.1210382208,9.999999709,43.12565906,270.8191227,202.4998366,2.198596834,3,-89.31809649,4.340752602
1763934541198325500,12.4843,-2.072844385,0.6234960557,3.160667094,236.3374905,0.1210382208,9.999999709,43.12565906,270.8191227,202.4998366,2.198596834,3,-89.31809649,4.340752602
1763934541208376300,12.4944,1.417746153,1.894545335,0.708045978,236.3374905,0.1210382208,9.999999709,43.12565906,270.8191227,202.4998366,2.198596834,3,-89.31809649,4.340752602
1763934541218428400,12.5044,1.101660096,-1.347443659,0.1361573599,236.3374905,0.1210382208,9.999999709,43.12565906,270.8191227,202.4998366,2.198596834,3,-89.31809649,4.340752602
1763934541228479500,12.5145,-1.839488049,0.4422472159,-0.1336211195,236.3374905,0.1210382208,9.999999709,43.12565906,270.8191227,202.4998366,2.198596834,3,-89.31809649,4.340752602
1763934541238530300,12.5245,-2.289157231,2.496318803,-1.751856527,236.3374905,0.1210382208,9.999999709,43.12565906,270.8191227,202.4998366,2.198596834,3,-89.31809649,4.340752602
1763934541248581400,12.5346,-0.5002701466,-0.2099165698,-2.375235094,236.3374905,0.1210382208,9.999999709,43.12565906,270.8191227,202.4998366,2.198596834,3,-89.31809649,4.340752602
1763934541258633500,12.5446,-1.26973352,-0.4912080846,0.3617325405,236.3374905,0.1210382208,9.999999709,43.12565906,270.8191227,202.4998366,2.198596834,3,-89.31809649,4.340752602
1763934541268684300,12.5547,0.9207014712,2.021713771,0.3357785995,236.3374905,0.1210382208,9.999999709,43.12565906,270.8191227,202.4998366,2.198596834,3,-89.31809649,4.340752602
1763934541278735400,12.5647,0.9660159462,-0.857576322,-1.067714572,236.3374905,0.1210382208,9.999999709,43.12565906,270.8191227,202.4998366,2.198596834,3,-89.31809649,4.340752602
1763934541288786400,12.5748,-1.540752939,3.09333251,4.404208188,236.3374905,0.1210382208,9.999999709,43.12565906,270.8191227,202.4998366,2.198596834,3,-89.31809649,4.340752602
1763934541298838300,12.5848,0.822215378,1.370561792,-0.1062368535,236.3374905,0.1210382208,9.999999709,43.12565906,270.8191227,202.4998366,2.198596834,3,-89.31809649,4.340752602
1763934541308889300,12.5949,0.06504208875,-4.567141911,-1.461524504,236.3374905,0.1210382208,9.999999709,43.12565906,270.8191227,202.4998366,2.198596834,3,-89.31809649,4.340752602
1763934541318940400,12.6049,-1.9718051,0.007745061169,1.59775493,236.3374905,0.1210382208,9.999999709,43.12565906,270.8191227,202.4998366,2.198596834,3,-89.31809649,4.340752602
1763934541328991500,12.6150,0.3273497573,1.220248774,-3.02510127,236.3374905,0.1210382208,9.999999709,43.12565906,270.8191227,202.4998366,2.198596834,3,-89.31809649,4.340752602
1763934541339043300,12.6250,0.8763666549,-1.425841489,0.9660299747,236.3374905,0.1210382208,9.999999709,43.12565906,270.8191227,202.4998366,2.198596834,3,-89.31809649,4.340752602
1763934541349094400,12.6351,-0.7479927154,-4.767669744,1.602622243,236.3374905,0.1210382208,9.999999709,43.12565906,270.8191227,202.4998366,2.198596834,3,-89.31809649,4.340752602
1763934541359145500,12.6451,2.066925516,1.623259081,-0.3029752311,236.3374905,0.1210382208,9.999999709,43.12565906,270.8191227,202.4998366,2.198596834,3,-89.31809649,4.340752602
1763934541369196300,12.6552,0.94595742,-0.7408962544,-1.454900118,236.3374905,0.1210382208,9.999999709,43.12565906,270.8191227,202.4998366,2.198596834,3,-89.31809649,4.340752602
1763934541379248400,12.6652,-2.343267592,-2.362919072,1.416807411,236.3374905,0.1210382208,9.999999709,43.12565906,270.8191227,202.4998366,2.198596834,3,-89.31809649,4.340752602
1763934541389299500,12.6753,-0.5175497097,2.217101611,0.07464929053,236.3374905,0.1210382208,9.999999709,43.12565906,270.8191227,202.4998366,2.198596834,3,-89.31809649,4.340752602
1763934541399350500,12.6854,1.414455295,-1.754779575,-3.566313595,236.3374905,0.1210382208,9.999999709,43.12565906,270.8191227,202.4998366,2.198596834,3,-89.31809649,4.340752602
1763934541409401300,12.6954,-1.672127741,-2.542849084,-0.5477192225,236.3374905,0.1210382208,9.999999709,43.12565906,270.8191227,202.4998366,2.198596834,3,-89.31809649,4.340752602
1763934541419453400,12.7055,0.006651859105,1.255893065,-0.04771159925,236.3374905,0.1210382208,9.999999709,43.12565906,270.8191227,202.4998366,2.198596834,3,-89.31809649,4.340752602
1763934541429504500,12.7155,3.013031478,0.8240748883,-1.095175995,236.3374905,0.1210382208,9.999999709,43.12565906,270.8191227,202.4998366,2.198596834,3,-89.31809649,4.340752602
1763934541439555300,12.7256,-1.160161385,-1.766226998,0.3668161274,236.3374905,0.1210382208,9.999999709,43.12565906,270.8191227,202.4998366,2.198596834,3,-89.31809649,4.340752602
1763934541449606400,12.7356,2.588963185,-2.011496767,-5.990100831,236.3374905,0.1210382208,9.999999709,43.12565906,270.8191227,202.4998366,2.198596834,3,-89.31809649,4.340752602
1763934541459658500,12.7457,-1.88819392,2.453983052,-2.90483706,236.3374905,0.1210382208,9.999999709,43.12565906,270.8191227,202.4998366,2.198596834,3,-89.31809649,4.340752602
1763934541469709300,12.7557,-0.1848153367,3.51547568,-0.0842588304,236.3374905,0.1210382208,9.999999709,43.12565906,270.8191227,202.4998366,2.198596834,3,-89.31809649,4.340752602
1763934541479760400,12.7658,-1.311135206,7.046407289,13.20106681,236.3374905,0.1210382208,9.999999709,43.12565906,270.8191227,202.4998366,2.198596834,3,-89.31809649,4.340752602
1763934541489811500,12.7758,2.313350592,2.134441594,12.50169806,236.3374905,0.1210382208,9.999999709,43.12565906,270.8191227,202.4998366,2.198596834,3,-89.31809649,4.340752602
1763934541499863300,12.7859,3.542844457,-5.505742612,3.472264607,236.3374905,0.1210382208,9.999999709,43.12565906,270.8191227,202.4998366,2.198596834,3,-89.31809649,4.340752602
1763934539509715000,10.7957,0.4854009692,-0.7153145808,-0.4095248037,236.4168783,0.1175929904,9.999999709,43.12569495,270.8985105,207.7257646,2.199213171,3,-89.31807286,3.722648382
1763934539519766800,10.8058,-0.4360533297,1.693619588,-1.367279118,236.4168783,0.1175929904,9.999999709,43.12569495,270.8985105,207.7257646,2.199213171,3,-89.31807286,3.722648382
1763934539529817900,10.8158,-1.819615474,1.06865061,-1.617822151,236.4168783,0.1175929904,9.999999709,43.12569495,270.8985105,207.7257646,2.199213171,3,-89.31807286,3.722648382
1763934539539869000,10.8259,-0.727284347,0.3240553554,-1.452657307,236.4168783,0.1175929904,9.999999709,43.12569495,270.8985105,207.7257646,2.199213171,3,-89.31807286,3.722648382
1763934539549919700,10.8359,0.6587304507,-1.62110541,0.8426742287,236.4168783,0.1175929904,9.999999709,43.12569495,270.8985105,207.7257646,2.199213171,3,-89.31807286,3.722648382
1763934539559971800,10.8460,0.2186041359,0.2036352975,2.854823029,236.4168783,0.1175929904,9.999999709,43.12569495,270.8985105,207.7257646,2.199213171,3,-89.31807286,3.722648382
1763934539570023000,10.8560,3.123881378,-0.427886536,-3.40910351,236.4168783,0.1175929904,9.999999709,43.12569495,270.8985105,207.7257646,2.199213171,3,-89.31807286,3.722648382
1763934539580073700,10.8661,-2.212075161,-1.107602711,-1.481315247,236.4168783,0.1175929904,9.999999709,43.12569495,270.8985105,207.7257646,2.199213171,3,-89.31807286,3.722648382
1763934539590124800,10.8761,-2.342886483,-1.348677585,-2.655665316,236.4168783,0.1175929904,9.999999709,43.12569495,270.8985105,207.7257646,2.199213171,3,-89.31807286,3.722648382
1763934539600177000,10.8862,1.120704988,0.2995230448,-4.234310471,236.4168783,0.1175929904,9.999999709,43.12569495,270.8985105,207.7257646,2.199213171,3,-89.31807286,3.722648382
1763934539610227700,10.8962,-0.9360942707,-0.3772873255,2.087786518,236.4168783,0.1175929904,9.999999709,43.12569495,270.8985105,207.7257646,2.199213171,3,-89.31807286,3.722648382
1763934539620278800,10.9063,0.8607049754,-0.7798852526,1.380273624,236.4168783,0.1175929904,9.999999709,43.12569495,270.8985105,207.7257646,2.199213171,3,-89.31807286,3.722648382
1763934539630329900,10.9163,1.667968284,-0.3284381736,-3.619521454,236.4168783,0.1175929904,9.999999709,43.12569495,270.8985105,207.7257646,2.199213171,3,-89.31807286,3.722648382
1763934539640381700,10.9264,-1.763534105,5.293033343,4.926702368,236.4168783,0.1175929904,9.999999709,43.12569495,270.8985105,207.7257646,2.199213171,3,-89.31807286,3.722648382
1763934539650432800,10.9364,-3.663244275,2.681648483,11.70750349,236.4168783,0.1175929904,9.999999709,43.12569495,270.8985105,207.7257646,2.199213171,3,-89.31807286,3.722648382
1763934539660483800,10.9465,1.867154639,-1.808332886,6.587944559,236.4168783,0.1175929904,9.999999709,43.12569495,270.8985105,207.7257646,2.199213171,3,-89.31807286,3.722648382
1763934539670535000,10.9565,3.485312305,-6.285245222,0.9226005829,236.4168783,0.1175929904,9.999999709,43.12569495,270.8985105,207.7257646,2.199213171,3,-89.31807286,3.722648382
1763934539680586800,10.9666,-2.421736148,-6.747647045,0.7113350827,236.4168783,0.1175929904,9.999999709,43.12569495,270.8985105,207.7257646,2.199213171,3,-89.31807286,3.722648382
1763934539690637800,10.9766,-1.666751309,-2.097318024,-5.934735502,236.4168783,0.1175929904,9.999999709,43.12569495,270.8985105,207.7257646,2.199213171,3,-89.31807286,3.722648382
1763934539700689000,10.9867,1.08219201,-1.653620609,-5.774975732,236.4168783,0.1175929904,9.999999709,43.12569495,270.8985105,207.7257646,2.199213171,3,-89.31807286,3.722648382
1763934539720790800,11.0068,3.746456812,-0.7825671121,0.8963041121,236.4168783,0.1175929904,9.999999709,43.12569495,270.8985105,207.7257646,2.199213171,3,-89.31807286,3.722648382
1763934539730843000,11.0168,3.897205007,0.7061402175,-1.896401192,236.4168783,0.1175929904,9.999999709,43.12569495,270.8985105,207.7257646,2.199213171,3,-89.31807286,3.722648382
1763934539740894000,11.0269,-0.7210252866,3.344988765,1.256515727,236.4168783,0.1175929904,9.999999709,43.12569495,270.8985105,207.7257646,2.199213171,3,-89.31807286,3.722648382
1763934539750944800,11.0369,-3.01661109,2.008850344,1.377747905,236.4168783,0.1175929904,9.999999709,43.12569495,270.8985105,207.7257646,2.199213171,3,-89.31807286,3.722648382
1763934539760995800,11.0470,-0.02653261762,1.04347043,-0.5071294379,236.4168783,0.1175929904,9.999999709,43.12569495,270.8985105,207.7257646,2.199213171,3,-89.31807286,3.722648382
1763934539771048000,11.0570,-1.666454372,0.2608428933,-0.05282850387,236.4168783,0.1175929904,9.999999709,43.12569495,270.8985105,207.7257646,2.199213171,3,-89.31807286,3.722648382
1763934539781098800,11.0671,0.8453565997,2.570095695,-1.884463501,236.4168783,0.1175929904,9.999999709,43.12569495,270.8985105,207.7257646,2.199213171,3,-89.31807286,3.722648382
1763934539791149800,11.0771,-0.3811725695,1.719023056,-0.7968845374,236.4168783,0.1175929904,9.999999709,43.12569495,270.8985105,207.7257646,2.199213171,3,-89.31807286,3.722648382
1763934539801201000,11.0872,-0.2351496491,-1.148762623,-0.09590367548,236.4168783,0.1175929904,9.999999709,43.12569495,270.8985105,207.7257646,2.199213171,3,-89.31807286,3.722648382
1763934539811252700,11.0973,0.3451297807,0.9933348919,0.9192623783,236.4168783,0.1175929904,9.999999709,43.12569495,270.8985105,207.7257646,2.199213171,3,-89.31807286,3.722648382
1763934539821303800,11.1073,0.5667933408,1.523112653,-0.5335118334,236.4168783,0.1175929904,9.999999709,43.12569495,270.8985105,207.7257646,2.199213171,3,-89.31807286,3.722648382
1763934539831355000,11.1174,1.419824713,1.282242873,-1.576928999,236.4168783,0.1175929904,9.999999709,43.12569495,270.8985105,207.7257646,2.199213171,3,-89.31807286,3.722648382
1763934539841406000,11.1274,0.2466483454,-1.080556518,-2.201241632,236.4168783,0.1175929904,9.999999709,43.12569495,270.8985105,207.7257646,2.199213171,3,-89.31807286,3.722648382
1763934539851457800,11.1375,0.163431133,-1.856017597,-0.8439139996,236.4168783,0.1175929904,9.999999709,43.12569495,270.8985105,207.7257646,2.199213171,3,-89.31807286,3.722648382
1763934539861508900,11.1475,0.6058312197,1.039458637,1.6356413,236.4168783,0.1175929904,9.999999709,43.12569495,270.8985105,207.7257646,2.199213171,3,-89.31807286,3.722648382
1763934539881610800,11.1676,0.1011561709,-4.945602299,0.1256815586,236.4168783,0.1175929904,9.999999709,43.12569495,270.8985105,207.7257646,2.199213171,3,-89.31807286,3.722648382
1763934539891662800,11.1777,-1.742823326,-7.582450686,2.83394683,236.4168783,0.1175929904,9.999999709,43.12569495,270.8985105,207.7257646,2.199213171,3,-89.31807286,3.722648382
1763934539901714000,11.1877,1.10578682,-4.047073205,1.063151209,236.4168783,0.1175929904,9.999999709,43.12569495,270.8985105,207.7257646,2.199213171,3,-89.31807286,3.722648382
1763934539911764700,11.1978,1.782222439,3.327130745,1.923226655,236.4168783,0.1175929904,9.999999709,43.12569495,270.8985105,207.7257646,2.199213171,3,-89.31807286,3.722648382
1763934539921815800,11.2078,2.194018111,3.991114878,-1.868269322,236.4168783,0.1175929904,9.999999709,43.12569495,270.8985105,207.7257646,2.199213171,3,-89.31807286,3.722648382
1763934539931868000,11.2179,2.596904499,-0.9044019322,-2.981525748,236.4168783,0.1175929904,9.999999709,43.12569495,270.8985105,207.7257646,2.199213171,3,-89.31807286,3.722648382
1763934539941919000,11.2279,-1.706340977,-1.989901167,2.927766685,236.4168783,0.1175929904,9.999999709,43.12569495,270.8985105,207.7257646,2.199213171,3,-89.31807286,3.722648382
1763934539951969800,11.2380,0.6923088952,2.539030987,1.060346673,236.4168783,0.1175929904,9.999999709,43.12569495,270.8985105,207.7257646,2.199213171,3,-89.31807286,3.722648382
1763934539962020900,11.2480,3.135437376,0.02223258234,-1.499233181,236.4168783,0.1175929904,9.999999709,43.12569495,270.8985105,207.7257646,2.199213171,3,-89.31807286,3.722648382
1763934539972073000,11.2581,-0.8933937776,-1.938109167,2.340451365,236.4168783,0.1175929904,9.999999709,43.12569495,270.8985105,207.7257646,2.199213171,3,-89.31807286,3.722648382
1763934539982123800,11.2681,0.5407014161,2.498144265,-0.01981470754,236.4168783,0.1175929904,9.999999709,43.12569495,270.8985105,207.7257646,2.199213171,3,-89.31807286,3.722648382
1763934539992174800,11.2782,1.493946765,4.255355013,-0.2275456038,236.4168783,0.1175929904,9.999999709,43.12569495,270.8985105,207.7257646,2.199213171,3,-89.31807286,3.722648382
1763934540002226000,11.2882,-0.8519944302,0.1595150008,3.318454686,236.4168783,0.1175929904,9.999999709,43.12569495,270.8985105,207.7257646,2.199213171,3,-89.31807286,3.722648382
1763934540012277800,11.2983,1.055349596,1.622892293,0.3577355798,236.4168783,0.1175929904,9.999999709,43.12569495,270.8985105,207.7257646,2.199213171,3,-89.31807286,3.722648382
1763934540022328800,11.3083,2.88349792,3.49767582,-0.7229220601,236.4168783,0.1175929904,9.999999709,43.12569495,270.8985105,207.7257646,2.199213171,3,-89.31807286,3.722648382
1763934540042431000,11.3284,0.6870844385,-0.2938346239,-0.4477268164,236.4168783,0.1175929904,9.999999709,43.12569495,270.8985105,207.7257646,2.199213171,3,-89.31807286,3.722648382
1763934540052482800,11.3385,2.578575062,-1.330768711,-2.838756861,236.4168783,0.1175929904,9.999999709,43.12569495,270.8985105,207.7257646,2.199213171,3,-89.31807286,3.722648382
1763934540062534000,11.3485,-1.094340713,-0.7557730671,0.5269429764,236.4168783,0.1175929904,9.999999709,43.12569495,270.8985105,207.7257646,2.199213171,3,-89.31807286,3.722648382
1763934540072585000,11.3586,1.033317797,-1.690202912,-1.974707836,236.4168783,0.1175929904,9.999999709,43.12569495,270.8985105,207.7257646,2.199213171,3,-89.31807286,3.722648382
1763934540082635800,11.3686,1.501747794,-0.624487551,-0.1331307056,236.4168783,0.1175929904,9.999999709,43.12569495,270.8985105,207.7257646,2.199213171,3,-89.31807286,3.722648382
1763934540092688000,11.3787,0.3990636155,-2.242419884,-0.5330483076,236.4168783,0.1175929904,9.999999709,43.12569495,270.8985105,207.7257646,2.199213171,3,-89.31807286,3.722648382
1763934540102739200,11.3887,2.343986554,-2.198683034,-2.375330371,236.4168783,0.1175929904,9.999999709,43.12569495,270.8985105,207.7257646,2.199213171,3,-89.31807286,3.722648382
1763934540122841000,11.4088,1.093531735,-0.3084479634,1.099923481,236.4168783,0.1175929904,9.999999709,43.12569495,270.8985105,207.7257646,2.199213171,3,-89.31807286,3.722648382
1763934540132893200,11.4189,2.191504666,-1.650899075,-2.243664477,236.4168783,0.1175929904,9.999999709,43.12569495,270.8985105,207.7257646,2.199213171,3,-89.31807286,3.722648382
1763934540142944000,11.4289,0.8150818729,-1.969486448,0.3989782753,236.4168783,0.1175929904,9.999999709,43.12569495,270.8985105,207.7257646,2.199213171,3,-89.31807286,3.722648382
1763934540152995000,11.4390,-0.4858393971,-0.9950899189,0.8447586338,236.4168783,0.1175929904,9.999999709,43.12569495,270.8985105,207.7257646,2.199213171,3,-89.31807286,3.722648382
1763934540163046100,11.4490,1.846509326,2.107238529,-0.4365495888,236.4168783,0.1175929904,9.999999709,43.12569495,270.8985105,207.7257646,2.199213171,3,-89.31807286,3.722648382
1763934540173098000,11.4591,-1.115208144,-2.171689667,0.6994371396,236.4168783,0.1175929904,9.999999709,43.12569495,270.8985105,207.7257646,2.199213171,3,-89.31807286,3.722648382
1763934540183149000,11.4691,-0.2624012469,-0.7024183474,1.355349026,236.4168783,0.1175929904,9.999999709,43.12569495,270.8985105,207.7257646,2.199213171,3,-89.31807286,3.722648382
1763934540203251200,11.4893,1.37536364,2.378287321,-1.243255848,236.4168783,0.1175929904,9.999999709,43.12569495,270.8985105,207.7257646,2.199213171,3,-89.31807286,3.722648382
1763934540213303000,11.4993,-1.242197863,0.01980652423,2.73760827,236.4168783,0.1175929904,9.999999709,43.12569495,270.8985105,207.7257646,2.199213171,3,-89.31807286,3.722648382
1763934540223354000,11.5094,1.550441974,1.989216546,-0.002281973457,236.4168783,0.1175929904,9.999999709,43.12569495,270.8985105,207.7257646,2.199213171,3,-89.31807286,3.722648382
1763934540233405200,11.5194,0.5898761102,1.24017001,-0.3921037133,236.4168783,0.1175929904,9.999999709,43.12569495,270.8985105,207.7257646,2.199213171,3,-89.31807286,3.722648382
1763934540243456000,11.5295,-1.21992641,1.805704437,1.554293389,236.4168783,0.1175929904,9.999999709,43.12569495,270.8985105,207.7257646,2.199213171,3,-89.31807286,3.722648382
1763934540253508000,11.5395,0.4031798552,2.303558974,-0.6758581111,236.4168783,0.1175929904,9.999999709,43.12569495,270.8985105,207.7257646,2.199213171,3,-89.31807286,3.722648382
1763934540263559200,11.5496,-0.8744798183,-0.6619139031,0.07051379816,236.4168783,0.1175929904,9.999999709,43.12569495,270.8985105,207.7257646,2.199213171,3,-89.31807286,3.722648382
1763934540273610200,11.5596,-0.1223497839,0.3198394183,-0.4639169037,236.4168783,0.1175929904,9.999999709,43.12569495,270.8985105,207.7257646,2.199213171,3,-89.31807286,3.722648382
1763934540283661000,11.5697,0.8792764049,1.71120113,-1.138721122,236.4168783,0.1175929904,9.999999709,43.12569495,270.8985105,207.7257646,2.199213171,3,-89.31807286,3.722648382
1763934540293713200,11.5797,0.2361609085,2.221537986,0.834016875,236.4168783,0.1175929904,9.999999709,43.12569495,270.8985105,207.7257646,2.199213171,3,-89.31807286,3.722648382
1763934540303764200,11.5898,0.6811585556,0.6631069122,-0.06609364363,236.4168783,0.1175929904,9.999999709,43.12569495,270.8985105,207.7257646,2.199213171,3,-89.31807286,3.722648382
1763934540313815000,11.5998,0.2785620898,0.7675619968,0.6625169835,236.4168783,0.1175929904,9.999999709,43.12569495,270.8985105,207.7257646,2.199213171,3,-89.31807286,3.722648382
1763934540323866000,11.6099,-0.4918856916,-0.03895516908,-0.3219569949,236.4168783,0.1175929904,9.999999709,43.12569495,270.8985105,207.7257646,2.199213171,3,-89.31807286,3.722648382
1763934540333918200,11.6199,-0.9266016352,1.033982252,-0.3324900794,236.4168783,0.1175929904,9.999999709,43.12569495,270.8985105,207.7257646,2.199213171,3,-89.31807286,3.722648382
1763934540343969000,11.6300,-0.3552724046,-1.663075397,-1.72229784,236.4168783,0.1175929904,9.999999709,43.12569495,270.8985105,207.7257646,2.199213171,3,-89.31807286,3.722648382
1763934540364071200,11.6501,-0.3569651799,-1.120751311,0.2052998697,236.4168783,0.1175929904,9.999999709,43.12569495,270.8985105,207.7257646,2.199213171,3,-89.31807286,3.722648382
1763934540374123000,11.6601,1.440765794,-0.7941039668,-0.5682932239,236.4168783,0.1175929904,9.999999709,43.12569495,270.8985105,207.7257646,2.199213171,3,-89.31807286,3.722648382
1763934540384174000,11.6702,-0.6669301238,-1.420377671,-0.6066343528,236.4168783,0.1175929904,9.999999709,43.12569495,270.8985105,207.7257646,2.199213171,3,-89.31807286,3.722648382
1763934540394225200,11.6802,-0.9270973098,-1.288543142,-1.290040395,236.4168783,0.1175929904,9.999999709,43.12569495,270.8985105,207.7257646,2.199213171,3,-89.31807286,3.722648382
1763934540404276200,11.6903,-0.8578583538,1.972728352,-1.025546578,236.4168783,0.1175929904,9.999999709,43.12569495,270.8985105,207.7257646,2.199213171,3,-89.31807286,3.722648382
1763934540414328000,11.7003,1.003230117,-2.404711218,-0.06274316416,236.4168783,0.1175929904,9.999999709,43.12569495,270.8985105,207.7257646,2.199213171,3,-89.31807286,3.722648382
1763934540424379100,11.7104,2.306904485,0.2738514279,1.944337247,236.4168783,0.1175929904,9.999999709,43.12569495,270.8985105,207.7257646,2.199213171,3,-89.31807286,3.722648382
1763934540434430200,11.7204,2.571344526,-0.9272538155,-0.990351346,236.4168783,0.1175929904,9.999999709,43.12569495,270.8985105,207.7257646,2.199213171,3,-89.31807286,3.722648382
1763934540444481000,11.7305,-1.166542026,-0.4062846528,1.852860741,236.4168783,0.1175929904,9.999999709,43.12569495,270.8985105,207.7257646,2.199213171,3,-89.31807286,3.722648382
1763934540454533000,11.7405,-0.1264227324,-0.499184178,-0.7749275572,236.4168783,0.1175929904,9.999999709,43.12569495,270.8985105,207.7257646,2.199213171,3,-89.31807286,3.722648382
1763934540464584200,11.7506,1.196177285,-0.5964835456,-1.750786267,236.4168783,0.1175929904,9.999999709,43.12569495,270.8985105,207.7257646,2.199213171,3,-89.31807286,3.722648382
1763934540474635000,11.7606,-0.5358522591,0.5786857309,0.9797907891,236.4168783,0.1175929904,9.999999709,43.12569495,270.8985105,207.7257646,2.199213171,3,-89.31807286,3.722648382
1763934540484686000,11.7707,0.5045476047,1.804762772,-1.030441364,236.4168783,0.1175929904,9.999999709,43.12569495,270.8985105,207.7257646,2.199213171,3,-89.31807286,3.722648382
1763934540494738200,11.7807,1.248653323,0.6737244601,0.8801783222,236.4168783,0.1175929904,9.999999709,43.12569495,270.8985105,207.7257646,2.199213171,3,-89.31807286,3.722648382
1763934538504590300,9.7906,-2.785293566,-0.7139044217,-0.9478308857,236.5102628,0.1235599145,9.999999709,43.12572917,270.991895,208.6262431,2.311664512,3,-89.31804746,3.035790682
1763934538514642200,9.8006,-3.177134829,-1.455538124,-0.4045300642,236.5102628,0.1235599145,9.999999709,43.12572917,270.991895,208.6262431,2.311664512,3,-89.31804746,3.035790682
1763934538524693200,9.8107,-2.252527583,0.6903308731,-0.5949643732,236.5102628,0.1235599145,9.999999709,43.12572917,270.991895,208.6262431,2.311664512,3,-89.31804746,3.035790682
1763934538534744300,9.8207,-0.5881681372,0.7198144495,-1.141931316,236.5102628,0.1235599145,9.999999709,43.12572917,270.991895,208.6262431,2.311664512,3,-89.31804746,3.035790682
1763934538544795400,9.8308,0.07086275773,-2.315796963,1.318818746,236.5102628,0.1235599145,9.999999709,43.12572917,270.991895,208.6262431,2.311664512,3,-89.31804746,3.035790682
1763934538554847200,9.8408,0.3400689171,-3.157699184,1.753778435,236.5102628,0.1235599145,9.999999709,43.12572917,270.991895,208.6262431,2.311664512,3,-89.31804746,3.035790682
1763934538564898300,9.8509,1.414215641,0.8059289908,-2.208893024,236.5102628,0.1235599145,9.999999709,43.12572917,270.991895,208.6262431,2.311664512,3,-89.31804746,3.035790682
1763934538574949400,9.8609,-0.1547428179,-2.099950857,-3.340814402,236.5102628,0.1235599145,9.999999709,43.12572917,270.991895,208.6262431,2.311664512,3,-89.31804746,3.035790682
1763934538585000200,9.8710,-3.464538397,0.4950568689,0.9746148477,236.5102628,0.1235599145,9.999999709,43.12572917,270.991895,208.6262431,2.311664512,3,-89.31804746,3.035790682
1763934538595052300,9.8811,2.303134319,2.462969199,0.4666951362,236.5102628,0.1235599145,9.999999709,43.12572917,270.991895,208.6262431,2.311664512,3,-89.31804746,3.035790682
1763934538605103400,9.8911,0.8537117555,-1.857684069,1.913083446,236.5102628,0.1235599145,9.999999709,43.12572917,270.991895,208.6262431,2.311664512,3,-89.31804746,3.035790682
1763934538615154200,9.9012,-2.015308726,-0.7896481564,1.657187946,236.5102628,0.1235599145,9.999999709,43.12572917,270.991895,208.6262431,2.311664512,3,-89.31804746,3.035790682
1763934538625205200,9.9112,-1.407207369,0.6066762922,-4.385418732,236.5102628,0.1235599145,9.999999709,43.12572917,270.991895,208.6262431,2.311664512,3,-89.31804746,3.035790682
1763934538635257300,9.9213,-1.611690662,2.032530494,-2.076944806,236.5102628,0.1235599145,9.999999709,43.12572917,270.991895,208.6262431,2.311664512,3,-89.31804746,3.035790682
1763934538645308200,9.9313,-1.549286959,-1.411091079,1.816519846,236.5102628,0.1235599145,9.999999709,43.12572917,270.991895,208.6262431,2.311664512,3,-89.31804746,3.035790682
1763934538655359200,9.9414,0.3563935175,-1.367035372,1.662062274,236.5102628,0.1235599145,9.999999709,43.12572917,270.991895,208.6262431,2.311664512,3,-89.31804746,3.035790682
1763934538665410300,9.9514,-0.7539560808,0.4753966944,0.1712298424,236.5102628,0.1235599145,9.999999709,43.12572917,270.991895,208.6262431,2.311664512,3,-89.31804746,3.035790682
1763934538675462100,9.9615,-1.327753163,-1.027370944,-2.001272017,236.5102628,0.1235599145,9.999999709,43.12572917,270.991895,208.6262431,2.311664512,3,-89.31804746,3.035790682
1763934538685513200,9.9715,-1.767429359,-1.089433798,-1.18725865,236.5102628,0.1235599145,9.999999709,43.12572917,270.991895,208.6262431,2.311664512,3,-89.31804746,3.035790682
1763934538695564300,9.9816,-1.624233187,-1.114994282,0.9835790754,236.5102628,0.1235599145,9.999999709,43.12572917,270.991895,208.6262431,2.311664512,3,-89.31804746,3.035790682
1763934538705615400,9.9916,-0.7547989614,-0.9827805455,1.20925947,236.5102628,0.1235599145,9.999999709,43.12572917,270.991895,208.6262431,2.311664512,3,-89.31804746,3.035790682
1763934538715667200,10.0017,0.6366320892,0.4320634564,0.2625678174,236.5102628,0.1235599145,9.999999709,43.12572917,270.991895,208.6262431,2.311664512,3,-89.31804746,3.035790682
1763934538725718300,10.0117,0.3872562002,-1.381325617,-1.452194951,236.5102628,0.1235599145,9.999999709,43.12572917,270.991895,208.6262431,2.311664512,3,-89.31804746,3.035790682
1763934538735769300,10.0218,-2.479527828,-1.860421531,-0.2430786885,236.5102628,0.1235599145,9.999999709,43.12572917,270.991895,208.6262431,2.311664512,3,-89.31804746,3.035790682
1763934538745820200,10.0318,-0.3557213539,1.064283209,-0.250527251,236.5102628,0.1235599145,9.999999709,43.12572917,270.991895,208.6262431,2.311664512,3,-89.31804746,3.035790682
1763934538755872300,10.0419,0.4264402096,0.6206158241,0.6613514469,236.5102628,0.1235599145,9.999999709,43.12572917,270.991895,208.6262431,2.311664512,3,-89.31804746,3.035790682
1763934538765923300,10.0519,1.034205028,-3.026502661,0.1296814419,236.5102628,0.1235599145,9.999999709,43.12572917,270.991895,208.6262431,2.311664512,3,-89.31804746,3.035790682
1763934538775974400,10.0620,-0.7754454436,-0.6354525971,1.767586596,236.5102628,0.1235599145,9.999999709,43.12572917,270.991895,208.6262431,2.311664512,3,-89.31804746,3.035790682
1763934538786025200,10.0720,0.5244716179,-0.6092816524,-0.7552841145,236.5102628,0.1235599145,9.999999709,43.12572917,270.991895,208.6262431,2.311664512,3,-89.31804746,3.035790682
1763934538796077300,10.0821,-0.5102933819,-2.316305643,0.3131266227,236.5102628,0.1235599145,9.999999709,43.12572917,270.991895,208.6262431,2.311664512,3,-89.31804746,3.035790682
1763934538806128400,10.0921,-0.7758533668,-1.393765266,0.2759013462,236.5102628,0.1235599145,9.999999709,43.12572917,270.991895,208.6262431,2.311664512,3,-89.31804746,3.035790682
1763934538816179200,10.1022,0.6849649622,1.903599286,-1.464656957,236.5102628,0.1235599145,9.999999709,43.12572917,270.991895,208.6262431,2.311664512,3,-89.31804746,3.035790682
1763934538826230300,10.1122,0.1242400911,-1.072773828,0.9553665419,236.5102628,0.1235599145,9.999999709,43.12572917,270.991895,208.6262431,2.311664512,3,-89.31804746,3.035790682
1763934538836282400,10.1223,0.2537222476,-1.85620859,0.7554360902,236.5102628,0.1235599145,9.999999709,43.12572917,270.991895,208.6262431,2.311664512,3,-89.31804746,3.035790682
1763934538846333200,10.1323,1.154892504,2.47860779,0.9856354234,236.5102628,0.1235599145,9.999999709,43.12572917,270.991895,208.6262431,2.311664512,3,-89.31804746,3.035790682
1763934538856384300,10.1424,0.7314450469,-2.092156403,-0.9583505261,236.5102628,0.1235599145,9.999999709,43.12572917,270.991895,208.6262431,2.311664512,3,-89.31804746,3.035790682
1763934538866435300,10.1524,-0.3022176176,-0.09285627061,0.5908329725,236.5102628,0.1235599145,9.999999709,43.12572917,270.991895,208.6262431,2.311664512,3,-89.31804746,3.035790682
1763934538876487200,10.1625,0.7721439909,0.2887617776,-1.26145026,236.5102628,0.1235599145,9.999999709,43.12572917,270.991895,208.6262431,2.311664512,3,-89.31804746,3.035790682
1763934538886538200,10.1725,-0.09514624471,0.5757112451,-0.9395604855,236.5102628,0.1235599145,9.999999709,43.12572917,270.991895,208.6262431,2.311664512,3,-89.31804746,3.035790682
1763934538896589300,10.1826,0.2037141349,-0.4138848256,-0.4726783023,236.5102628,0.1235599145,9.999999709,43.12572917,270.991895,208.6262431,2.311664512,3,-89.31804746,3.035790682
1763934538906640400,10.1926,-1.386653096,0.2389386661,-0.2024661076,236.5102628,0.1235599145,9.999999709,43.12572917,270.991895,208.6262431,2.311664512,3,-89.31804746,3.035790682
1763934538916692200,10.2027,0.6364508874,1.949860395,-2.53700328,236.5102628,0.1235599145,9.999999709,43.12572917,270.991895,208.6262431,2.311664512,3,-89.31804746,3.035790682
1763934538926743300,10.2127,-1.218142449,-0.4596756128,0.2457838558,236.5102628,0.1235599145,9.999999709,43.12572917,270.991895,208.6262431,2.311664512,3,-89.31804746,3.035790682
1763934538936794400,10.2228,-0.6325496422,1.043449168,2.882323031,236.5102628,0.1235599145,9.999999709,43.12572917,270.991895,208.6262431,2.311664512,3,-89.31804746,3.035790682
1763934538946845200,10.2328,2.091727949,0.2347895105,0.4989899706,236.5102628,0.1235599145,9.999999709,43.12572917,270.991895,208.6262431,2.311664512,3,-89.31804746,3.035790682
1763934538956897300,10.2429,0.8495837889,-1.806215601,1.227171559,236.5102628,0.1235599145,9.999999709,43.12572917,270.991895,208.6262431,2.311664512,3,-89.31804746,3.035790682
1763934538966948400,10.2529,0.9122702544,1.428748316,0.8453092534,236.5102628,0.1235599145,9.999999709,43.12572917,270.991895,208.6262431,2.311664512,3,-89.31804746,3.035790682
1763934538976999200,10.2630,1.787947247,-1.126844441,-2.265249117,236.5102628,0.1235599145,9.999999709,43.12572917,270.991895,208.6262431,2.311664512,3,-89.31804746,3.035790682
1763934538987050200,10.2731,0.8033634511,-3.70886504,-1.396352067,236.5102628,0.1235599145,9.999999709,43.12572917,270.991895,208.6262431,2.311664512,3,-89.31804746,3.035790682
1763934538997102300,10.2831,-0.1949988405,-0.5691184227,-0.272117736,236.5102628,0.1235599145,9.999999709,43.12572917,270.991895,208.6262431,2.311664512,3,-89.31804746,3.035790682
1763934539007153200,10.2932,1.324414374,1.668402291,-1.185851122,236.5102628,0.1235599145,9.999999709,43.12572917,270.991895,208.6262431,2.311664512,3,-89.31804746,3.035790682
1763934539017204200,10.3032,0.8262648726,-1.766545416,1.301996206,236.5102628,0.1235599145,9.999999709,43.12572917,270.991895,208.6262431,2.311664512,3,-89.31804746,3.035790682
1763934539027255300,10.3133,0.3552477816,-1.743943854,2.680682853,236.5102628,0.1235599145,9.999999709,43.12572917,270.991895,208.6262431,2.311664512,3,-89.31804746,3.035790682
1763934539037307100,10.3233,0.7162637713,-1.250059098,-2.228903546,236.5102628,0.1235599145,9.999999709,43.12572917,270.991895,208.6262431,2.311664512,3,-89.31804746,3.035790682
1763934539047358200,10.3334,-0.6499697097,1.076271534,-1.253414838,236.5102628,0.1235599145,9.999999709,43.12572917,270.991895,208.6262431,2.311664512,3,-89.31804746,3.035790682
1763934539057409300,10.3434,-0.7760125029,-1.188133388,-1.159787291,236.5102628,0.1235599145,9.999999709,43.12572917,270.991895,208.6262431,2.311664512,3,-89.31804746,3.035790682
1763934539067460400,10.3535,0.006739537388,-1.09212479,0.06551613601,236.5102628,0.1235599145,9.999999709,43.12572917,270.991895,208.6262431,2.311664512,3,-89.31804746,3.035790682
1763934539077512200,10.3635,-0.2043910843,1.075056167,2.076563113,236.5102628,0.1235599145,9.999999709,43.12572917,270.991895,208.6262431,2.311664512,3,-89.31804746,3.035790682
1763934539087563300,10.3736,-0.2651777807,0.8537222769,0.1080523784,236.5102628,0.1235599145,9.999999709,43.12572917,270.991895,208.6262431,2.311664512,3,-89.31804746,3.035790682
1763934539097613800,10.3836,0.740076024,-0.5105353008,-1.16486211,236.5102628,0.1235599145,9.999999709,43.12572917,270.991895,208.6262431,2.311664512,3,-89.31804746,3.035790682
1763934539107665000,10.3937,-1.221515067,1.205348288,0.4965805714,236.5102628,0.1235599145,9.999999709,43.12572917,270.991895,208.6262431,2.311664512,3,-89.31804746,3.035790682
1763934539117716700,10.4037,0.9951835154,-0.007879647334,-1.196044015,236.5102628,0.1235599145,9.999999709,43.12572917,270.991895,208.6262431,2.311664512,3,-89.31804746,3.035790682
1763934539127767800,10.4138,-0.8985737375,-0.8547130415,0.9565279869,236.5102628,0.1235599145,9.999999709,43.12572917,270.991895,208.6262431,2.311664512,3,-89.31804746,3.035790682
1763934539137819000,10.4238,0.7169839022,1.465424142,-0.3484025188,236.5102628,0.1235599145,9.999999709,43.12572917,270.991895,208.6262431,2.311664512,3,-89.31804746,3.035790682
1763934539157921800,10.4439,-0.4416542185,-2.900549592,1.127526943,236.5102628,0.1235599145,9.999999709,43.12572917,270.991895,208.6262431,2.311664512,3,-89.31804746,3.035790682
1763934539167972900,10.4540,0.6808253781,-0.3247994518,-0.5058189398,236.5102628,0.1235599145,9.999999709,43.12572917,270.991895,208.6262431,2.311664512,3,-89.31804746,3.035790682
1763934539178024000,10.4640,-0.3121731945,-1.098116797,-1.738762068,236.5102628,0.1235599145,9.999999709,43.12572917,270.991895,208.6262431,2.311664512,3,-89.31804746,3.035790682
1763934539188074800,10.4741,-1.196897416,-1.395002406,-0.6152496209,236.5102628,0.1235599145,9.999999709,43.12572917,270.991895,208.6262431,2.311664512,3,-89.31804746,3.035790682
1763934539198126800,10.4841,-1.778145984,0.8269386072,1.054039098,236.5102628,0.1235599145,9.999999709,43.12572917,270.991895,208.6262431,2.311664512,3,-89.31804746,3.035790682
1763934539208178000,10.4942,-0.9495547138,-0.5536613989,1.372462073,236.5102628,0.1235599145,9.999999709,43.12572917,270.991895,208.6262431,2.311664512,3,-89.31804746,3.035790682
1763934539218228700,10.5042,-1.390154382,0.1270149992,-0.123914549,236.5102628,0.1235599145,9.999999709,43.12572917,270.991895,208.6262431,2.311664512,3,-89.31804746,3.035790682
1763934539228279800,10.5143,-0.1373931123,1.309882283,-0.1322574299,236.5102628,0.1235599145,9.999999709,43.12572917,270.991895,208.6262431,2.311664512,3,-89.31804746,3.035790682
1763934539238332000,10.5243,-1.326855337,-3.051286682,0.2639011118,236.5102628,0.1235599145,9.999999709,43.12572917,270.991895,208.6262431,2.311664512,3,-89.31804746,3.035790682
1763934539248382700,10.5344,-0.08758125282,-0.486131585,1.150375904,236.5102628,0.1235599145,9.999999709,43.12572917,270.991895,208.6262431,2.311664512,3,-89.31804746,3.035790682
1763934539258433800,10.5444,1.360401048,1.602609384,-0.04172726414,236.5102628,0.1235599145,9.999999709,43.12572917,270.991895,208.6262431,2.311664512,3,-89.31804746,3.035790682
1763934539268484900,10.5545,2.166567794,-0.9605362727,-0.5784241573,236.5102628,0.1235599145,9.999999709,43.12572917,270.991895,208.6262431,2.311664512,3,-89.31804746,3.035790682
1763934539278536700,10.5645,-0.4937584266,-3.549983515,0.8397071956,236.5102628,0.1235599145,9.999999709,43.12572917,270.991895,208.6262431,2.311664512,3,-89.31804746,3.035790682
1763934539288587800,10.5746,0.02117130978,2.040889742,-1.208794775,236.5102628,0.1235599145,9.999999709,43.12572917,270.991895,208.6262431,2.311664512,3,-89.31804746,3.035790682
1763934539298638800,10.5846,-0.3793804984,0.884827317,-1.651499964,236.5102628,0.1235599145,9.999999709,43.12572917,270.991895,208.6262431,2.311664512,3,-89.31804746,3.035790682
1763934539318741800,10.6047,-0.643544572,0.5733724269,0.1049433065,236.5102628,0.1235599145,9.999999709,43.12572917,270.991895,208.6262431,2.311664512,3,-89.31804746,3.035790682
1763934539328792800,10.6148,1.293579675,0.7096626194,-1.077919739,236.5102628,0.1235599145,9.999999709,43.12572917,270.991895,208.6262431,2.311664512,3,-89.31804746,3.035790682
1763934539338844000,10.6248,-0.3667441581,-1.527097047,1.362605281,236.5102628,0.1235599145,9.999999709,43.12572917,270.991895,208.6262431,2.311664512,3,-89.31804746,3.035790682
1763934539348894700,10.6349,-0.4198923954,-0.336914837,1.061076157,236.5102628,0.1235599145,9.999999709,43.12572917,270.991895,208.6262431,2.311664512,3,-89.31804746,3.035790682
1763934539358946800,10.6449,1.058953611,0.9057724899,-0.7777367694,236.5102628,0.1235599145,9.999999709,43.12572917,270.991895,208.6262431,2.311664512,3,-89.31804746,3.035790682
1763934539368998000,10.6550,0.03630107437,0.2717388928,0.4890893388,236.5102628,0.1235599145,9.999999709,43.12572917,270.991895,208.6262431,2.311664512,3,-89.31804746,3.035790682
1763934539379048700,10.6650,1.076954621,0.2792341439,-0.6579267331,236.5102628,0.1235599145,9.999999709,43.12572917,270.991895,208.6262431,2.311664512,3,-89.31804746,3.035790682
1763934539389099800,10.6751,1.239399172,1.237156946,0.01573708284,236.5102628,0.1235599145,9.999999709,43.12572917,270.991895,208.6262431,2.311664512,3,-89.31804746,3.035790682
1763934539399151900,10.6852,-1.189710208,-0.7783502982,1.935210522,236.5102628,0.1235599145,9.999999709,43.12572917,270.991895,208.6262431,2.311664512,3,-89.31804746,3.035790682
1763934539409202700,10.6952,0.5029132085,-0.8977729425,-2.775601024,236.5102628,0.1235599145,9.999999709,43.12572917,270.991895,208.6262431,2.311664512,3,-89.31804746,3.035790682
1763934539419253800,10.7053,-1.121768891,-0.3284177884,0.4842313774,236.5102628,0.1235599145,9.999999709,43.12572917,270.991895,208.6262431,2.311664512,3,-89.31804746,3.035790682
1763934539429304800,10.7153,-1.269527768,-0.3667443042,0.4677005139,236.5102628,0.1235599145,9.999999709,43.12572917,270.991895,208.6262431,2.311664512,3,-89.31804746,3.035790682
1763934539439357000,10.7254,0.9389010717,-0.2003997497,-1.401752465,236.5102628,0.1235599145,9.999999709,43.12572917,270.991895,208.6262431,2.311664512,3,-89.31804746,3.035790682
1763934539449407700,10.7354,-1.232026013,-0.109337669,0.96378015,236.5102628,0.1235599145,9.999999709,43.12572917,270.991895,208.6262431,2.311664512,3,-89.31804746,3.035790682
1763934539459458800,10.7455,-0.2857389227,0.8164240082,-1.442169231,236.5102628,0.1235599145,9.999999709,43.12572917,270.991895,208.6262431,2.311664512,3,-89.31804746,3.035790682
1763934539479561700,10.7656,-1.011512719,-0.751579634,-0.1583458109,236.5102628,0.1235599145,9.999999709,43.12572917,270.991895,208.6262431,2.311664512,3,-89.31804746,3.035790682
1763934539489612800,10.7756,-0.2667582548,0.8427276394,0.752694098,236.5102628,0.1235599145,9.999999709,43.12572917,270.991895,208.6262431,2.311664512,3,-89.31804746,3.035790682
1763934539499664000,10.7857,-0.8125614145,-2.564254275,2.317655012,236.5102628,0.1235599145,9.999999709,43.12572917,270.991895,208.6262431,2.311664512,3,-89.31804746,3.035790682
1763934537509516800,8.7955,-0.6382194315,-1.615476757,2.247587788,236.601808,0.1040708199,9.999999709,43.12575798,271.0834402,207.2734148,2.507043776,3,-89.31802801,3.035790682
1763934537519567600,8.8056,0.4184231266,-1.119135547,-0.192836694,236.601808,0.1040708199,9.999999709,43.12575798,271.0834402,207.2734148,2.507043776,3,-89.31802801,3.035790682
1763934537529618700,8.8156,-0.6147405754,1.358423757,-0.429037898,236.601808,0.1040708199,9.999999709,43.12575798,271.0834402,207.2734148,2.507043776,3,-89.31802801,3.035790682
1763934537539670800,8.8257,-0.9603156887,0.1319336048,-2.344624852,236.601808,0.1040708199,9.999999709,43.12575798,271.0834402,207.2734148,2.507043776,3,-89.31802801,3.035790682
1763934537549721600,8.8357,-2.381345686,-1.082329226,-0.5442980158,236.601808,0.1040708199,9.999999709,43.12575798,271.0834402,207.2734148,2.507043776,3,-89.31802801,3.035790682
1763934537559772700,8.8458,-0.8239841413,-2.715239202,-1.08391518,236.601808,0.1040708199,9.999999709,43.12575798,271.0834402,207.2734148,2.507043776,3,-89.31802801,3.035790682
1763934537569823700,8.8558,0.04090834897,2.2799269,0.4232973085,236.601808,0.1040708199,9.999999709,43.12575798,271.0834402,207.2734148,2.507043776,3,-89.31802801,3.035790682
1763934537579875600,8.8659,0.9968203959,-1.244262686,-0.7902765175,236.601808,0.1040708199,9.999999709,43.12575798,271.0834402,207.2734148,2.507043776,3,-89.31802801,3.035790682
1763934537589926700,8.8759,-0.5683914967,-2.16004146,1.12547644,236.601808,0.1040708199,9.999999709,43.12575798,271.0834402,207.2734148,2.507043776,3,-89.31802801,3.035790682
1763934537599977700,8.8860,-0.8638052795,0.02421937224,0.2133411374,236.601808,0.1040708199,9.999999709,43.12575798,271.0834402,207.2734148,2.507043776,3,-89.31802801,3.035790682
1763934537610028800,8.8960,0.2834954546,-0.7601369614,-1.965673465,236.601808,0.1040708199,9.999999709,43.12575798,271.0834402,207.2734148,2.507043776,3,-89.31802801,3.035790682
1763934537620080600,8.9061,-1.418474467,-0.06388254345,0.9604460371,236.601808,0.1040708199,9.999999709,43.12575798,271.0834402,207.2734148,2.507043776,3,-89.31802801,3.035790682
1763934537630131700,8.9161,-0.9697076403,-1.029643346,0.5898398698,236.601808,0.1040708199,9.999999709,43.12575798,271.0834402,207.2734148,2.507043776,3,-89.31802801,3.035790682
1763934537640182800,8.9262,-0.5835315635,-4.703818911,-1.290616734,236.601808,0.1040708199,9.999999709,43.12575798,271.0834402,207.2734148,2.507043776,3,-89.31802801,3.035790682
1763934537650233900,8.9362,-3.672292674,1.517995603,1.455927707,236.601808,0.1040708199,9.999999709,43.12575798,271.0834402,207.2734148,2.507043776,3,-89.31802801,3.035790682
1763934537660285700,8.9463,-0.3820553437,2.075742006,-3.134381729,236.601808,0.1040708199,9.999999709,43.12575798,271.0834402,207.2734148,2.507043776,3,-89.31802801,3.035790682
1763934537670336800,8.9563,-0.9362486575,-5.245933738,-0.6548796205,236.601808,0.1040708199,9.999999709,43.12575798,271.0834402,207.2734148,2.507043776,3,-89.31802801,3.035790682
1763934537680387800,8.9664,-4.664277759,-4.827522156,6.471320751,236.601808,0.1040708199,9.999999709,43.12575798,271.0834402,207.2734148,2.507043776,3,-89.31802801,3.035790682
1763934537690438700,8.9764,1.158642797,1.26149863,-0.9725579152,236.601808,0.1040708199,9.999999709,43.12575798,271.0834402,207.2734148,2.507043776,3,-89.31802801,3.035790682
1763934537700490800,8.9865,2.733051338,1.928987118,-1.632187361,236.601808,0.1040708199,9.999999709,43.12575798,271.0834402,207.2734148,2.507043776,3,-89.31802801,3.035790682
1763934537710541800,8.9965,-3.450323994,-0.02609415313,2.517253455,236.601808,0.1040708199,9.999999709,43.12575798,271.0834402,207.2734148,2.507043776,3,-89.31802801,3.035790682
1763934537720592600,9.0066,-0.4852443539,2.775394103,-1.427266846,236.601808,0.1040708199,9.999999709,43.12575798,271.0834402,207.2734148,2.507043776,3,-89.31802801,3.035790682
1763934537730643700,9.0166,0.1795885054,1.054548801,-0.3260445565,236.601808,0.1040708199,9.999999709,43.12575798,271.0834402,207.2734148,2.507043776,3,-89.31802801,3.035790682
1763934537740695800,9.0267,-1.072458697,-2.255524134,2.611108381,236.601808,0.1040708199,9.999999709,43.12575798,271.0834402,207.2734148,2.507043776,3,-89.31802801,3.035790682
1763934537750746600,9.0367,-0.03703282271,-0.047444765,1.774467003,236.601808,0.1040708199,9.999999709,43.12575798,271.0834402,207.2734148,2.507043776,3,-89.31802801,3.035790682
1763934537760797700,9.0468,0.22785825,-0.4985205995,0.1628238331,236.601808,0.1040708199,9.999999709,43.12575798,271.0834402,207.2734148,2.507043776,3,-89.31802801,3.035790682
1763934537770848800,9.0568,-0.323164471,-2.339244912,-0.5907441252,236.601808,0.1040708199,9.999999709,43.12575798,271.0834402,207.2734148,2.507043776,3,-89.31802801,3.035790682
1763934537780900600,9.0669,-1.50229023,0.3023660862,0.5772124435,236.601808,0.1040708199,9.999999709,43.12575798,271.0834402,207.2734148,2.507043776,3,-89.31802801,3.035790682
1763934537790951700,9.0770,1.489426218,0.2155999492,-2.406662498,236.601808,0.1040708199,9.999999709,43.12575798,271.0834402,207.2734148,2.507043776,3,-89.31802801,3.035790682
1763934537801002800,9.0870,-0.09793781166,-2.19741769,-0.5820072765,236.601808,0.1040708199,9.999999709,43.12575798,271.0834402,207.2734148,2.507043776,3,-89.31802801,3.035790682
1763934537811053800,9.0971,-2.18728208,0.2772555373,0.8073480638,236.601808,0.1040708199,9.999999709,43.12575798,271.0834402,207.2734148,2.507043776,3,-89.31802801,3.035790682
1763934537821105700,9.1071,0.2654243758,2.815507503,-1.374661629,236.601808,0.1040708199,9.999999709,43.12575798,271.0834402,207.2734148,2.507043776,3,-89.31802801,3.035790682
1763934537831156700,9.1172,-1.135771624,-1.975429282,-0.3372685458,236.601808,0.1040708199,9.999999709,43.12575798,271.0834402,207.2734148,2.507043776,3,-89.31802801,3.035790682
1763934537841207800,9.1272,-2.656954771,-0.1932609108,2.650501649,236.601808,0.1040708199,9.999999709,43.12575798,271.0834402,207.2734148,2.507043776,3,-89.31802801,3.035790682
1763934537851259000,9.1373,0.8684556626,-0.7055069611,-2.345835981,236.601808,0.1040708199,9.999999709,43.12575798,271.0834402,207.2734148,2.507043776,3,-89.31802801,3.035790682
1763934537861310700,9.1473,-0.9470014491,0.8905587734,-0.07185702946,236.601808,0.1040708199,9.999999709,43.12575798,271.0834402,207.2734148,2.507043776,3,-89.31802801,3.035790682
1763934537871361800,9.1574,-1.64177352,-3.231644418,-1.807669015,236.601808,0.1040708199,9.999999709,43.12575798,271.0834402,207.2734148,2.507043776,3,-89.31802801,3.035790682
1763934537881412900,9.1674,-1.548113239,-0.8787753966,0.3297574395,236.601808,0.1040708199,9.999999709,43.12575798,271.0834402,207.2734148,2.507043776,3,-89.31802801,3.035790682
1763934537891463700,9.1775,-1.550259311,-1.053964133,0.1737555615,236.601808,0.1040708199,9.999999709,43.12575798,271.0834402,207.2734148,2.507043776,3,-89.31802801,3.035790682
1763934537901515800,9.1875,0.7884381961,2.26160813,-1.34470722,236.601808,0.1040708199,9.999999709,43.12575798,271.0834402,207.2734148,2.507043776,3,-89.31802801,3.035790682
1763934537911566800,9.1976,-0.1881669486,-1.744023641,-0.709127928,236.601808,0.1040708199,9.999999709,43.12575798,271.0834402,207.2734148,2.507043776,3,-89.31802801,3.035790682
1763934537921617700,9.2076,-2.946231147,-0.5555030813,2.390772855,236.601808,0.1040708199,9.999999709,43.12575798,271.0834402,207.2734148,2.507043776,3,-89.31802801,3.035790682
1763934537931668700,9.2177,-0.09871288769,0.8852487573,-0.4136760782,236.601808,0.1040708199,9.999999709,43.12575798,271.0834402,207.2734148,2.507043776,3,-89.31802801,3.035790682
1763934537941720800,9.2277,0.9860334828,-1.826802024,0.5251362193,236.601808,0.1040708199,9.999999709,43.12575798,271.0834402,207.2734148,2.507043776,3,-89.31802801,3.035790682
1763934537951771600,9.2378,-0.6547837589,-1.865781889,1.08068219,236.601808,0.1040708199,9.999999709,43.12575798,271.0834402,207.2734148,2.507043776,3,-89.31802801,3.035790682
1763934537961822700,9.2478,3.022422406,0.7583294005,-3.010673516,236.601808,0.1040708199,9.999999709,43.12575798,271.0834402,207.2734148,2.507043776,3,-89.31802801,3.035790682
1763934537971873800,9.2579,1.447126561,0.2785449926,0.3873842836,236.601808,0.1040708199,9.999999709,43.12575798,271.0834402,207.2734148,2.507043776,3,-89.31802801,3.035790682
1763934537981925600,9.2679,0.6701777274,-2.266680173,2.560312844,236.601808,0.1040708199,9.999999709,43.12575798,271.0834402,207.2734148,2.507043776,3,-89.31802801,3.035790682
1763934537991976700,9.2780,2.022959971,-0.3398101201,0.4724772267,236.601808,0.1040708199,9.999999709,43.12575798,271.0834402,207.2734148,2.507043776,3,-89.31802801,3.035790682
1763934538002027800,9.2880,2.21542564,0.9673306821,-1.723307309,236.601808,0.1040708199,9.999999709,43.12575798,271.0834402,207.2734148,2.507043776,3,-89.31802801,3.035790682
1763934538012078800,9.2981,0.1259165364,0.007066869646,-0.7010112571,236.601808,0.1040708199,9.999999709,43.12575798,271.0834402,207.2734148,2.507043776,3,-89.31802801,3.035790682
1763934538022130700,9.3081,-0.243372703,-2.545083711,-1.570759371,236.601808,0.1040708199,9.999999709,43.12575798,271.0834402,207.2734148,2.507043776,3,-89.31802801,3.035790682
1763934538032181800,9.3182,-0.9454745318,1.934336078,1.316716221,236.601808,0.1040708199,9.999999709,43.12575798,271.0834402,207.2734148,2.507043776,3,-89.31802801,3.035790682
1763934538042232800,9.3282,0.1367863055,-0.576245352,0.6275894625,236.601808,0.1040708199,9.999999709,43.12575798,271.0834402,207.2734148,2.507043776,3,-89.31802801,3.035790682
1763934538052283600,9.3383,-0.7319007547,-1.144115382,1.567156962,236.601808,0.1040708199,9.999999709,43.12575798,271.0834402,207.2734148,2.507043776,3,-89.31802801,3.035790682
1763934538062335700,9.3483,1.165114477,-0.1975733672,-3.063827014,236.601808,0.1040708199,9.999999709,43.12575798,271.0834402,207.2734148,2.507043776,3,-89.31802801,3.035790682
1763934538072386800,9.3584,-0.5243722492,-0.4839414546,-3.262568549,236.601808,0.1040708199,9.999999709,43.12575798,271.0834402,207.2734148,2.507043776,3,-89.31802801,3.035790682
1763934538082437600,9.3684,-0.8289430789,-3.049593906,-0.3475847727,236.601808,0.1040708199,9.999999709,43.12575798,271.0834402,207.2734148,2.507043776,3,-89.31802801,3.035790682
1763934538092488700,9.3785,-1.822204906,2.990703618,3.396091468,236.601808,0.1040708199,9.999999709,43.12575798,271.0834402,207.2734148,2.507043776,3,-89.31802801,3.035790682
1763934538102541300,9.3885,3.253952404,0.2587606802,-0.07577507969,236.601808,0.1040708199,9.999999709,43.12575798,271.0834402,207.2734148,2.507043776,3,-89.31802801,3.035790682
1763934538112592100,9.3986,-0.0150000738,-2.912999032,-0.1532242301,236.601808,0.1040708199,9.999999709,43.12575798,271.0834402,207.2734148,2.507043776,3,-89.31802801,3.035790682
1763934538122643200,9.4086,-1.844488195,0.2035273802,0.7654962965,236.601808,0.1040708199,9.999999709,43.12575798,271.0834402,207.2734148,2.507043776,3,-89.31802801,3.035790682
1763934538132694300,9.4187,0.02266542079,-2.670116743,-2.747528776,236.601808,0.1040708199,9.999999709,43.12575798,271.0834402,207.2734148,2.507043776,3,-89.31802801,3.035790682
1763934538142746000,9.4287,0.4831388329,-0.8702050636,2.524206927,236.601808,0.1040708199,9.999999709,43.12575798,271.0834402,207.2734148,2.507043776,3,-89.31802801,3.035790682
1763934538152797200,9.4388,2.237960128,-1.857092679,-0.8297849365,236.601808,0.1040708199,9.999999709,43.12575798,271.0834402,207.2734148,2.507043776,3,-89.31802801,3.035790682
1763934538162848300,9.4488,0.7495603301,1.790504822,-0.2905962265,236.601808,0.1040708199,9.999999709,43.12575798,271.0834402,207.2734148,2.507043776,3,-89.31802801,3.035790682
1763934538172899300,9.4589,-0.5857574228,-3.343506418,1.217477263,236.601808,0.1040708199,9.999999709,43.12575798,271.0834402,207.2734148,2.507043776,3,-89.31802801,3.035790682
1763934538182951200,9.4690,0.1914460434,-3.357953461,0.856674697,236.601808,0.1040708199,9.999999709,43.12575798,271.0834402,207.2734148,2.507043776,3,-89.31802801,3.035790682
1763934538193002200,9.4790,0.4031679821,-0.2990062544,-1.055386421,236.601808,0.1040708199,9.999999709,43.12575798,271.0834402,207.2734148,2.507043776,3,-89.31802801,3.035790682
1763934538203053300,9.4891,0.3846773627,-1.068223252,-2.536638539,236.601808,0.1040708199,9.999999709,43.12575798,271.0834402,207.2734148,2.507043776,3,-89.31802801,3.035790682
1763934538213104000,9.4991,-1.847589522,-3.151437201,-0.3093494423,236.601808,0.1040708199,9.999999709,43.12575798,271.0834402,207.2734148,2.507043776,3,-89.31802801,3.035790682
1763934538223156200,9.5092,-0.9729916304,0.7400987473,0.871602217,236.601808,0.1040708199,9.999999709,43.12575798,271.0834402,207.2734148,2.507043776,3,-89.31802801,3.035790682
1763934538233207300,9.5192,1.030080714,0.2423207828,0.7295850251,236.601808,0.1040708199,9.999999709,43.12575798,271.0834402,207.2734148,2.507043776,3,-89.31802801,3.035790682
1763934538243258000,9.5293,1.049630633,-2.449725687,-0.2361830838,236.601808,0.1040708199,9.999999709,43.12575798,271.0834402,207.2734148,2.507043776,3,-89.31802801,3.035790682
1763934538253309200,9.5393,-1.441882231,-0.3583011778,-0.5404892712,236.601808,0.1040708199,9.999999709,43.12575798,271.0834402,207.2734148,2.507043776,3,-89.31802801,3.035790682
1763934538263360300,9.5494,0.560714167,2.718992125,-0.9730027364,236.601808,0.1040708199,9.999999709,43.12575798,271.0834402,207.2734148,2.507043776,3,-89.31802801,3.035790682
1763934538273412400,9.5594,-0.4123558625,-2.071575534,-0.2358154195,236.601808,0.1040708199,9.999999709,43.12575798,271.0834402,207.2734148,2.507043776,3,-89.31802801,3.035790682
1763934538283463200,9.5695,0.7352794374,-0.1069514315,2.571385442,236.601808,0.1040708199,9.999999709,43.12575798,271.0834402,207.2734148,2.507043776,3,-89.31802801,3.035790682
1763934538293514200,9.5795,1.79106494,1.029226363,-0.3394084805,236.601808,0.1040708199,9.999999709,43.12575798,271.0834402,207.2734148,2.507043776,3,-89.31802801,3.035790682
1763934538303565300,9.5896,0.8835934644,-1.005167588,-0.286669993,236.601808,0.1040708199,9.999999709,43.12575798,271.0834402,207.2734148,2.507043776,3,-89.31802801,3.035790682
1763934538313617200,9.5996,-0.9732617526,-1.645921141,0.4071855471,236.601808,0.1040708199,9.999999709,43.12575798,271.0834402,207.2734148,2.507043776,3,-89.31802801,3.035790682
1763934538323668200,9.6097,1.055424268,4.104598926,0.5177443554,236.601808,0.1040708199,9.999999709,43.12575798,271.0834402,207.2734148,2.507043776,3,-89.31802801,3.035790682
1763934538333719300,9.6197,1.048829838,-0.829521171,-1.699917666,236.601808,0.1040708199,9.999999709,43.12575798,271.0834402,207.2734148,2.507043776,3,-89.31802801,3.035790682
1763934538343770400,9.6298,-1.939352445,-2.663622997,1.464399768,236.601808,0.1040708199,9.999999709,43.12575798,271.0834402,207.2734148,2.507043776,3,-89.31802801,3.035790682
1763934538353822200,9.6398,-0.1840041299,0.4108342058,1.301537356,236.601808,0.1040708199,9.999999709,43.12575798,271.0834402,207.2734148,2.507043776,3,-89.31802801,3.035790682
1763934538363873300,9.6499,3.866083892,-0.2108065043,-3.039766924,236.601808,0.1040708199,9.999999709,43.12575798,271.0834402,207.2734148,2.507043776,3,-89.31802801,3.035790682
1763934538373924400,9.6599,-0.2870915794,-0.6303259017,2.721328751,236.601808,0.1040708199,9.999999709,43.12575798,271.0834402,207.2734148,2.507043776,3,-89.31802801,3.035790682
1763934538383975200,9.6700,-0.2180545758,-0.09367197091,-0.1243885962,236.601808,0.1040708199,9.999999709,43.12575798,271.0834402,207.2734148,2.507043776,3,-89.31802801,3.035790682
1763934538394027300,9.6800,0.6094063017,1.07078375,-2.582644503,236.601808,0.1040708199,9.999999709,43.12575798,271.0834402,207.2734148,2.507043776,3,-89.31802801,3.035790682
1763934538404078300,9.6901,-2.070629047,-2.10907159,-0.731169664,236.601808,0.1040708199,9.999999709,43.12575798,271.0834402,207.2734148,2.507043776,3,-89.31802801,3.035790682
1763934538414129200,9.7001,-0.3870727334,-0.2650591227,0.6512286968,236.601808,0.1040708199,9.999999709,43.12575798,271.0834402,207.2734148,2.507043776,3,-89.31802801,3.035790682
1763934538424180200,9.7102,1.614956824,0.3406208519,1.007968251,236.601808,0.1040708199,9.999999709,43.12575798,271.0834402,207.2734148,2.507043776,3,-89.31802801,3.035790682
1763934538434232300,9.7202,0.9015349985,-0.7879706517,1.040510923,236.601808,0.1040708199,9.999999709,43.12575798,271.0834402,207.2734148,2.507043776,3,-89.31802801,3.035790682
1763934538444283100,9.7303,0.4048270744,0.164891287,-0.6769879919,236.601808,0.1040708199,9.999999709,43.12575798,271.0834402,207.2734148,2.507043776,3,-89.31802801,3.035790682
1763934538454334200,9.7403,-0.3248023744,-1.559750778,-2.078943871,236.601808,0.1040708199,9.999999709,43.12575798,271.0834402,207.2734148,2.507043776,3,-89.31802801,3.035790682
1763934538464385300,9.7504,-1.677474948,1.799786153,1.418722305,236.601808,0.1040708199,9.999999709,43.12575798,271.0834402,207.2734148,2.507043776,3,-89.31802801,3.035790682
1763934538474437000,9.7604,0.4042681253,-0.5902233162,-1.227527533,236.601808,0.1040708199,9.999999709,43.12575798,271.0834402,207.2734148,2.507043776,3,-89.31802801,3.035790682
1763934538484488200,9.7705,-2.300315754,-0.5199492451,1.841898033,236.601808,0.1040708199,9.999999709,43.12575798,271.0834402,207.2734148,2.507043776,3,-89.31802801,3.035790682
1763934538494539300,9.7805,-2.622227156,0.2081989522,2.061122967,236.601808,0.1040708199,9.999999709,43.12575798,271.0834402,207.2734148,2.507043776,3,-89.31802801,3.035790682
1763934536504393000,7.7904,3.240558961,-1.019914783,-0.9699018477,236.7588176,0.1635516733,9.999999709,43.12578194,271.2404498,196.0854693,2.762595266,3,-89.31801529,2.418206453
1763934536514443800,7.8004,-0.1169137394,0.946788537,-0.5315595303,236.7588176,0.1635516733,9.999999709,43.12578194,271.2404498,196.0854693,2.762595266,3,-89.31801529,2.418206453
1763934536524494800,7.8105,-0.5165513463,-0.4770235649,-1.858578534,236.7588176,0.1635516733,9.999999709,43.12578194,271.2404498,196.0854693,2.762595266,3,-89.31801529,2.418206453
1763934536534546000,7.8205,-1.150846444,-1.235344636,-0.2185094799,236.7588176,0.1635516733,9.999999709,43.12578194,271.2404498,196.0854693,2.762595266,3,-89.31801529,2.418206453
1763934536544597800,7.8306,-0.06328971039,-0.1722746022,0.6946247709,236.7588176,0.1635516733,9.999999709,43.12578194,271.2404498,196.0854693,2.762595266,3,-89.31801529,2.418206453
1763934536554648800,7.8406,0.1709785162,-0.1305970224,0.1650748269,236.7588176,0.1635516733,9.999999709,43.12578194,271.2404498,196.0854693,2.762595266,3,-89.31801529,2.418206453
1763934536574751000,7.8608,0.7277274146,-2.337545707,-2.944306901,236.7588176,0.1635516733,9.999999709,43.12578194,271.2404498,196.0854693,2.762595266,3,-89.31801529,2.418206453
1763934536584802800,7.8708,-0.9784791219,-0.2831250138,0.8514122464,236.7588176,0.1635516733,9.999999709,43.12578194,271.2404498,196.0854693,2.762595266,3,-89.31801529,2.418206453
1763934536594854000,7.8809,-1.286931323,-0.9898422275,-0.7961866183,236.7588176,0.1635516733,9.999999709,43.12578194,271.2404498,196.0854693,2.762595266,3,-89.31801529,2.418206453
1763934536604905000,7.8909,0.3789665473,-1.039546316,-1.712204316,236.7588176,0.1635516733,9.999999709,43.12578194,271.2404498,196.0854693,2.762595266,3,-89.31801529,2.418206453
1763934536614955800,7.9010,-1.129665709,-1.815119039,0.8230074052,236.7588176,0.1635516733,9.999999709,43.12578194,271.2404498,196.0854693,2.762595266,3,-89.31801529,2.418206453
1763934536625007900,7.9110,0.0273252293,2.236332527,1.008934466,236.7588176,0.1635516733,9.999999709,43.12578194,271.2404498,196.0854693,2.762595266,3,-89.31801529,2.418206453
1763934536635059000,7.9211,0.441722023,-0.834909586,-1.36728204,236.7588176,0.1635516733,9.999999709,43.12578194,271.2404498,196.0854693,2.762595266,3,-89.31801529,2.418206453
1763934536655160800,7.9412,0.1774432735,1.456253286,-0.03979074312,236.7588176,0.1635516733,9.999999709,43.12578194,271.2404498,196.0854693,2.762595266,3,-89.31801529,2.418206453
1763934536665213000,7.9512,1.468306127,-0.2725301162,-0.5024117618,236.7588176,0.1635516733,9.999999709,43.12578194,271.2404498,196.0854693,2.762595266,3,-89.31801529,2.418206453
1763934536675264000,7.9613,-0.3272339855,-2.707988208,0.8764479035,236.7588176,0.1635516733,9.999999709,43.12578194,271.2404498,196.0854693,2.762595266,3,-89.31801529,2.418206453
1763934536685314800,7.9713,1.933221979,-1.002440574,-1.048935052,236.7588176,0.1635516733,9.999999709,43.12578194,271.2404498,196.0854693,2.762595266,3,-89.31801529,2.418206453
1763934536695366000,7.9814,1.897470282,-0.2121589419,-0.4955307701,236.7588176,0.1635516733,9.999999709,43.12578194,271.2404498,196.0854693,2.762595266,3,-89.31801529,2.418206453
1763934536705418000,7.9914,1.166386543,-0.8063469239,-1.235858138,236.7588176,0.1635516733,9.999999709,43.12578194,271.2404498,196.0854693,2.762595266,3,-89.31801529,2.418206453
1763934536715468800,8.0015,1.315925947,0.7191552549,-0.7208259646,236.7588176,0.1635516733,9.999999709,43.12578194,271.2404498,196.0854693,2.762595266,3,-89.31801529,2.418206453
1763934536735571000,8.0216,-0.4445429987,-2.987200286,0.9297580534,236.7588176,0.1635516733,9.999999709,43.12578194,271.2404498,196.0854693,2.762595266,3,-89.31801529,2.418206453
1763934536745622000,8.0316,-0.8983517653,0.8170993502,0.1275999595,236.7588176,0.1635516733,9.999999709,43.12578194,271.2404498,196.0854693,2.762595266,3,-89.31801529,2.418206453
1763934536755673900,8.0417,0.3231505156,0.5669909092,-3.054620795,236.7588176,0.1635516733,9.999999709,43.12578194,271.2404498,196.0854693,2.762595266,3,-89.31801529,2.418206453
1763934536765725000,8.0517,-1.540157896,1.845291182,-1.258323068,236.7588176,0.1635516733,9.999999709,43.12578194,271.2404498,196.0854693,2.762595266,3,-89.31801529,2.418206453
1763934536775776000,8.0618,-1.59236856,-1.551640829,0.5204717346,236.7588176,0.1635516733,9.999999709,43.12578194,271.2404498,196.0854693,2.762595266,3,-89.31801529,2.418206453
1763934536785826800,8.0718,-1.211295433,-1.125323588,2.239671608,236.7588176,0.1635516733,9.999999709,43.12578194,271.2404498,196.0854693,2.762595266,3,-89.31801529,2.418206453
1763934536795879000,8.0819,0.9264812237,1.564013988,-0.2783908249,236.7588176,0.1635516733,9.999999709,43.12578194,271.2404498,196.0854693,2.762595266,3,-89.31801529,2.418206453
1763934536815980800,8.1020,-1.475798529,-1.5038737,0.1482750832,236.7588176,0.1635516733,9.999999709,43.12578194,271.2404498,196.0854693,2.762595266,3,-89.31801529,2.418206453
1763934536826031900,8.1120,-0.8475439536,-0.7763207651,0.776272542,236.7588176,0.1635516733,9.999999709,43.12578194,271.2404498,196.0854693,2.762595266,3,-89.31801529,2.418206453
1763934536836084000,8.1221,1.089691426,-2.593518948,-1.072871224,236.7588176,0.1635516733,9.999999709,43.12578194,271.2404498,196.0854693,2.762595266,3,-89.31801529,2.418206453
1763934536846134800,8.1321,1.238986646,0.619096944,-0.929506709,236.7588176,0.1635516733,9.999999709,43.12578194,271.2404498,196.0854693,2.762595266,3,-89.31801529,2.418206453
1763934536856185900,8.1422,-0.8060369812,-0.784839441,-0.8074456789,236.7588176,0.1635516733,9.999999709,43.12578194,271.2404498,196.0854693,2.762595266,3,-89.31801529,2.418206453
1763934536866237000,8.1522,-2.338671058,-2.64028976,0.4869225162,236.7588176,0.1635516733,9.999999709,43.12578194,271.2404498,196.0854693,2.762595266,3,-89.31801529,2.418206453
1763934536876288800,8.1623,-1.445197493,-1.787467939,0.7914642659,236.7588176,0.1635516733,9.999999709,43.12578194,271.2404498,196.0854693,2.762595266,3,-89.31801529,2.418206453
1763934536886339800,8.1723,0.8827355324,-0.6724141082,-1.138243567,236.7588176,0.1635516733,9.999999709,43.12578194,271.2404498,196.0854693,2.762595266,3,-89.31801529,2.418206453
1763934536896391000,8.1824,0.8870027614,-1.692370465,-1.541823784,236.7588176,0.1635516733,9.999999709,43.12578194,271.2404498,196.0854693,2.762595266,3,-89.31801529,2.418206453
1763934536906442000,8.1924,-1.528667657,-1.181021217,1.079001105,236.7588176,0.1635516733,9.999999709,43.12578194,271.2404498,196.0854693,2.762595266,3,-89.31801529,2.418206453
1763934536916493800,8.2025,-1.369220607,0.6974225849,1.282089728,236.7588176,0.1635516733,9.999999709,43.12578194,271.2404498,196.0854693,2.762595266,3,-89.31801529,2.418206453
1763934536926545000,8.2125,-1.386817931,-2.517894383,0.4901847329,236.7588176,0.1635516733,9.999999709,43.12578194,271.2404498,196.0854693,2.762595266,3,-89.31801529,2.418206453
1763934536936596000,8.2226,-1.325598615,-2.819098221,-0.6959048739,236.7588176,0.1635516733,9.999999709,43.12578194,271.2404498,196.0854693,2.762595266,3,-89.31801529,2.418206453
1763934536946647000,8.2326,-1.310986737,-0.7287275315,-1.462714006,236.7588176,0.1635516733,9.999999709,43.12578194,271.2404498,196.0854693,2.762595266,3,-89.31801529,2.418206453
1763934536956699000,8.2427,-1.878154318,0.7735793574,1.020820134,236.7588176,0.1635516733,9.999999709,43.12578194,271.2404498,196.0854693,2.762595266,3,-89.31801529,2.418206453
1763934536976801000,8.2628,-1.363330526,-0.9542483515,0.6251122588,236.7588176,0.1635516733,9.999999709,43.12578194,271.2404498,196.0854693,2.762595266,3,-89.31801529,2.418206453
1763934536986851800,8.2729,-1.810209493,0.3393859764,-1.53283559,236.7588176,0.1635516733,9.999999709,43.12578194,271.2404498,196.0854693,2.762595266,3,-89.31801529,2.418206453
1763934536996904000,8.2829,-1.963091924,-0.6762080936,-1.802781243,236.7588176,0.1635516733,9.999999709,43.12578194,271.2404498,196.0854693,2.762595266,3,-89.31801529,2.418206453
1763934537006955000,8.2930,-2.824423799,0.09202464209,2.06263571,236.7588176,0.1635516733,9.999999709,43.12578194,271.2404498,196.0854693,2.762595266,3,-89.31801529,2.418206453
1763934537017005800,8.3030,-0.2262218079,-1.053670849,0.5812012208,236.7588176,0.1635516733,9.999999709,43.12578194,271.2404498,196.0854693,2.762595266,3,-89.31801529,2.418206453
1763934537027057000,8.3131,-0.4614567972,0.5616312818,1.360553024,236.7588176,0.1635516733,9.999999709,43.12578194,271.2404498,196.0854693,2.762595266,3,-89.31801529,2.418206453
1763934537037109000,8.3231,-0.3220294756,-2.842633994,-0.8206570427,236.7588176,0.1635516733,9.999999709,43.12578194,271.2404498,196.0854693,2.762595266,3,-89.31801529,2.418206453
1763934537047159800,8.3332,-1.811671967,0.2142531377,-0.2171522201,236.7588176,0.1635516733,9.999999709,43.12578194,271.2404498,196.0854693,2.762595266,3,-89.31801529,2.418206453
1763934537057211000,8.3432,-1.422667973,1.448475784,0.1776490618,236.7588176,0.1635516733,9.999999709,43.12578194,271.2404498,196.0854693,2.762595266,3,-89.31801529,2.418206453
1763934537067262000,8.3533,-1.145010723,-0.3811979962,1.847645636,236.7588176,0.1635516733,9.999999709,43.12578194,271.2404498,196.0854693,2.762595266,3,-89.31801529,2.418206453
1763934537077313800,8.3633,0.0734847768,-1.314145639,0.9905191038,236.7588176,0.1635516733,9.999999709,43.12578194,271.2404498,196.0854693,2.762595266,3,-89.31801529,2.418206453
1763934537087364900,8.3734,-0.6199509305,-0.8170664708,-0.6549006633,236.7588176,0.1635516733,9.999999709,43.12578194,271.2404498,196.0854693,2.762595266,3,-89.31801529,2.418206453
1763934537097415700,8.3834,-0.09522796818,1.830897038,0.2269482225,236.7588176,0.1635516733,9.999999709,43.12578194,271.2404498,196.0854693,2.762595266,3,-89.31801529,2.418206453
1763934537107466800,8.3935,-0.6819805395,-2.49871622,-0.8572720784,236.7588176,0.1635516733,9.999999709,43.12578194,271.2404498,196.0854693,2.762595266,3,-89.31801529,2.418206453
1763934537117517800,8.4035,-0.05850143494,-1.324992758,0.3170738991,236.7588176,0.1635516733,9.999999709,43.12578194,271.2404498,196.0854693,2.762595266,3,-89.31801529,2.418206453
1763934537127569700,8.4136,0.168073278,0.7671766508,-1.340433781,236.7588176,0.1635516733,9.999999709,43.12578194,271.2404498,196.0854693,2.762595266,3,-89.31801529,2.418206453
1763934537137620700,8.4236,0.6140178872,0.7471500541,-0.819195738,236.7588176,0.1635516733,9.999999709,43.12578194,271.2404498,196.0854693,2.762595266,3,-89.31801529,2.418206453
1763934537147671800,8.4337,-2.129172567,-3.042142421,2.158534125,236.7588176,0.1635516733,9.999999709,43.12578194,271.2404498,196.0854693,2.762595266,3,-89.31801529,2.418206453
1763934537157722600,8.4437,-1.927487965,-2.095917363,0.473299649,236.7588176,0.1635516733,9.999999709,43.12578194,271.2404498,196.0854693,2.762595266,3,-89.31801529,2.418206453
1763934537167774700,8.4538,0.07155249356,1.774019405,-1.332680098,236.7588176,0.1635516733,9.999999709,43.12578194,271.2404498,196.0854693,2.762595266,3,-89.31801529,2.418206453
1763934537177825800,8.4638,-1.38438632,0.7247929686,1.334638246,236.7588176,0.1635516733,9.999999709,43.12578194,271.2404498,196.0854693,2.762595266,3,-89.31801529,2.418206453
1763934537187876600,8.4739,-1.478096869,-1.952032186,1.48145787,236.7588176,0.1635516733,9.999999709,43.12578194,271.2404498,196.0854693,2.762595266,3,-89.31801529,2.418206453
1763934537197927700,8.4839,-2.152164005,1.000414037,1.185821896,236.7588176,0.1635516733,9.999999709,43.12578194,271.2404498,196.0854693,2.762595266,3,-89.31801529,2.418206453
1763934537207979800,8.4940,-1.154984859,-0.08713628553,-1.617186191,236.7588176,0.1635516733,9.999999709,43.12578194,271.2404498,196.0854693,2.762595266,3,-89.31801529,2.418206453
1763934537218030600,8.5040,-2.985197714,-1.74213359,0.2074029795,236.7588176,0.1635516733,9.999999709,43.12578194,271.2404498,196.0854693,2.762595266,3,-89.31801529,2.418206453
1763934537228081700,8.5141,-3.23278482,-0.02251987484,0.8322615558,236.7588176,0.1635516733,9.999999709,43.12578194,271.2404498,196.0854693,2.762595266,3,-89.31801529,2.418206453
1763934537238132700,8.5241,0.6529691107,1.16380281,-2.089065452,236.7588176,0.1635516733,9.999999709,43.12578194,271.2404498,196.0854693,2.762595266,3,-89.31801529,2.418206453
1763934537248184600,8.5342,-1.476848476,-0.7442134161,0.7970026109,236.7588176,0.1635516733,9.999999709,43.12578194,271.2404498,196.0854693,2.762595266,3,-89.31801529,2.418206453
1763934537258235600,8.5442,-0.8678443258,-0.02655972482,1.023634607,236.7588176,0.1635516733,9.999999709,43.12578194,271.2404498,196.0854693,2.762595266,3,-89.31801529,2.418206453
1763934537268286700,8.5543,0.3004033348,1.089280872,-0.1343915193,236.7588176,0.1635516733,9.999999709,43.12578194,271.2404498,196.0854693,2.762595266,3,-89.31801529,2.418206453
1763934537278337800,8.5643,-0.5889268466,-2.141494873,-2.781307711,236.7588176,0.1635516733,9.999999709,43.12578194,271.2404498,196.0854693,2.762595266,3,-89.31801529,2.418206453
1763934537288389600,8.5744,-0.601727876,0.4088288574,-0.9417921901,236.7588176,0.1635516733,9.999999709,43.12578194,271.2404498,196.0854693,2.762595266,3,-89.31801529,2.418206453
1763934537298440700,8.5844,-0.3627930093,0.1557403776,-1.744241376,236.7588176,0.1635516733,9.999999709,43.12578194,271.2404498,196.0854693,2.762595266,3,-89.31801529,2.418206453
1763934537308491800,8.5945,0.8298118245,1.039285911,-0.8696551746,236.7588176,0.1635516733,9.999999709,43.12578194,271.2404498,196.0854693,2.762595266,3,-89.31801529,2.418206453
1763934537318542600,8.6045,-0.4528827378,-0.06479330162,1.380885618,236.7588176,0.1635516733,9.999999709,43.12578194,271.2404498,196.0854693,2.762595266,3,-89.31801529,2.418206453
1763934537328594700,8.6146,-0.7860543697,1.947908968,4.136045327,236.7588176,0.1635516733,9.999999709,43.12578194,271.2404498,196.0854693,2.762595266,3,-89.31801529,2.418206453
1763934537338645800,8.6246,1.602516007,2.366848374,4.085763585,236.7588176,0.1635516733,9.999999709,43.12578194,271.2404498,196.0854693,2.762595266,3,-89.31801529,2.418206453
1763934537348696800,8.6347,-1.050858422,1.40260689,6.023509764,236.7588176,0.1635516733,9.999999709,43.12578194,271.2404498,196.0854693,2.762595266,3,-89.31801529,2.418206453
1763934537358747600,8.6447,-1.892908673,-3.847594296,1.917220108,236.7588176,0.1635516733,9.999999709,43.12578194,271.2404498,196.0854693,2.762595266,3,-89.31801529,2.418206453
1763934537368799700,8.6548,-2.456847209,1.122938081,1.18856681,236.7588176,0.1635516733,9.999999709,43.12578194,271.2404498,196.0854693,2.762595266,3,-89.31801529,2.418206453
1763934537378850800,8.6649,-0.9773439804,-0.2422830081,-2.287382038,236.7588176,0.1635516733,9.999999709,43.12578194,271.2404498,196.0854693,2.762595266,3,-89.31801529,2.418206453
1763934537388901600,8.6749,0.0895300488,-3.703780868,-1.492384338,236.7588176,0.1635516733,9.999999709,43.12578194,271.2404498,196.0854693,2.762595266,3,-89.31801529,2.418206453
1763934537398952700,8.6850,-2.03435961,-5.000594703,0.05512509037,236.7588176,0.1635516733,9.999999709,43.12578194,271.2404498,196.0854693,2.762595266,3,-89.31801529,2.418206453
1763934537409004800,8.6950,-0.5450957421,0.1085904308,-3.229247878,236.7588176,0.1635516733,9.999999709,43.12578194,271.2404498,196.0854693,2.762595266,3,-89.31801529,2.418206453
1763934537419055600,8.7051,-0.2511094348,0.7704650248,-3.465392384,236.7588176,0.1635516733,9.999999709,43.12578194,271.2404498,196.0854693,2.762595266,3,-89.31801529,2.418206453
1763934537429106700,8.7151,-2.162033219,-3.443345387,0.1225952831,236.7588176,0.1635516733,9.999999709,43.12578194,271.2404498,196.0854693,2.762595266,3,-89.31801529,2.418206453
1763934537439157800,8.7252,-1.315025783,-0.3710046651,2.479278821,236.7588176,0.1635516733,9.999999709,43.12578194,271.2404498,196.0854693,2.762595266,3,-89.31801529,2.418206453
1763934537449209600,8.7352,2.943700167,2.7383851,-0.364857979,236.7588176,0.1635516733,9.999999709,43.12578194,271.2404498,196.0854693,2.762595266,3,-89.31801529,2.418206453
1763934537459260700,8.7453,2.001450881,-0.02828808298,0.9929092138,236.7588176,0.1635516733,9.999999709,43.12578194,271.2404498,196.0854693,2.762595266,3,-89.31801529,2.418206453
1763934537469311700,8.7553,-1.545694488,-2.923299184,1.434331377,236.7588176,0.1635516733,9.999999709,43.12578194,271.2404498,196.0854693,2.762595266,3,-89.31801529,2.418206453
1763934537479362800,8.7654,-2.285350825,-1.362979228,-3.066685326,236.7588176,0.1635516733,9.999999709,43.12578194,271.2404498,196.0854693,2.762595266,3,-89.31801529,2.418206453
1763934537489414700,8.7754,-2.146898632,1.549286959,-3.004187661,236.7588176,0.1635516733,9.999999709,43.12578194,271.2404498,196.0854693,2.762595266,3,-89.31801529,2.418206453
1763934537499465700,8.7855,-2.314808244,-0.7383318107,0.3065250325,236.7588176,0.1635516733,9.999999709,43.12578194,271.2404498,196.0854693,2.762595266,3,-89.31801529,2.418206453
1763934535509321000,6.7953,-1.909992056,1.096770205,-0.19252982,236.8664606,0.1131330356,9.999999709,43.12579559,271.3480928,199.3364345,3.065781952,3,-89.31800432,1.426241994
1763934535519372000,6.8054,-0.7067419828,-0.7236828884,1.467483705,236.8664606,0.1131330356,9.999999709,43.12579559,271.3480928,199.3364345,3.065781952,3,-89.31800432,1.426241994
1763934535529424000,6.8154,1.57220387,1.560089216,1.18665367,236.8664606,0.1131330356,9.999999709,43.12579559,271.3480928,199.3364345,3.065781952,3,-89.31800432,1.426241994
1763934535539475000,6.8255,1.670842816,1.418885386,0.2349807223,236.8664606,0.1131330356,9.999999709,43.12579559,271.3480928,199.3364345,3.065781952,3,-89.31800432,1.426241994
1763934535549526000,6.8355,0.3031809828,0.04079758207,1.281492931,236.8664606,0.1131330356,9.999999709,43.12579559,271.3480928,199.3364345,3.065781952,3,-89.31800432,1.426241994
1763934535559577000,6.8456,-0.481829577,-2.076866334,-0.2448860302,236.8664606,0.1131330356,9.999999709,43.12579559,271.3480928,199.3364345,3.065781952,3,-89.31800432,1.426241994
1763934535569628000,6.8556,1.584027579,0.3872999663,0.4207482085,236.8664606,0.1131330356,9.999999709,43.12579559,271.3480928,199.3364345,3.065781952,3,-89.31800432,1.426241994
1763934535589731000,6.8757,0.8001015998,-4.797490298,-1.923780197,236.8664606,0.1131330356,9.999999709,43.12579559,271.3480928,199.3364345,3.065781952,3,-89.31800432,1.426241994
1763934535599782000,6.8858,-0.02112695918,-2.070561534,0.6328425607,236.8664606,0.1131330356,9.999999709,43.12579559,271.3480928,199.3364345,3.065781952,3,-89.31800432,1.426241994
1763934535609833000,6.8958,0.8623382757,-0.2913226411,1.463403742,236.8664606,0.1131330356,9.999999709,43.12579559,271.3480928,199.3364345,3.065781952,3,-89.31800432,1.426241994
1763934535619885000,6.9059,1.132582473,2.826372888,0.1629407374,236.8664606,0.1131330356,9.999999709,43.12579559,271.3480928,199.3364345,3.065781952,3,-89.31800432,1.426241994
1763934535629935900,6.9159,2.393794833,2.983314385,-3.002886516,236.8664606,0.1131330356,9.999999709,43.12579559,271.3480928,199.3364345,3.065781952,3,-89.31800432,1.426241994
1763934535639987000,6.9260,0.9038017013,0.2917196045,-0.7862170129,236.8664606,0.1131330356,9.999999709,43.12579559,271.3480928,199.3364345,3.065781952,3,-89.31800432,1.426241994
1763934535650038000,6.9360,-0.9873954919,-4.185098989,2.433332478,236.8664606,0.1131330356,9.999999709,43.12579559,271.3480928,199.3364345,3.065781952,3,-89.31800432,1.426241994
1763934535660089900,6.9461,-1.418503547,-1.024670672,4.288958007,236.8664606,0.1131330356,9.999999709,43.12579559,271.3480928,199.3364345,3.065781952,3,-89.31800432,1.426241994
1763934535670141000,6.9561,1.036947604,-0.2186913393,-0.8087368878,236.8664606,0.1131330356,9.999999709,43.12579559,271.3480928,199.3364345,3.065781952,3,-89.31800432,1.426241994
1763934535680192000,6.9662,0.5508802438,0.2423943595,-1.497235869,236.8664606,0.1131330356,9.999999709,43.12579559,271.3480928,199.3364345,3.065781952,3,-89.31800432,1.426241994
1763934535690243000,6.9762,-1.807346359,-1.810903175,-0.661648384,236.8664606,0.1131330356,9.999999709,43.12579559,271.3480928,199.3364345,3.065781952,3,-89.31800432,1.426241994
1763934535700295000,6.9863,-0.344710094,-0.1870358257,-2.384012859,236.8664606,0.1131330356,9.999999709,43.12579559,271.3480928,199.3364345,3.065781952,3,-89.31800432,1.426241994
1763934535710346000,6.9963,-0.5160534067,-0.07523278951,0.2184247243,236.8664606,0.1131330356,9.999999709,43.12579559,271.3480928,199.3364345,3.065781952,3,-89.31800432,1.426241994
1763934535720397000,7.0064,-0.3391350704,-1.63116474,2.455793316,236.8664606,0.1131330356,9.999999709,43.12579559,271.3480928,199.3364345,3.065781952,3,-89.31800432,1.426241994
1763934535730448100,7.0164,0.458517675,-0.5323490732,1.594328462,236.8664606,0.1131330356,9.999999709,43.12579559,271.3480928,199.3364345,3.065781952,3,-89.31800432,1.426241994
1763934535740499000,7.0265,-0.6219874047,-0.2164462638,-1.059576273,236.8664606,0.1131330356,9.999999709,43.12579559,271.3480928,199.3364345,3.065781952,3,-89.31800432,1.426241994
1763934535750551000,7.0366,-2.197179205,-0.490822154,-1.851464902,236.8664606,0.1131330356,9.999999709,43.12579559,271.3480928,199.3364345,3.065781952,3,-89.31800432,1.426241994
1763934535760602000,7.0466,-2.854553565,0.2066979,-1.589315018,236.8664606,0.1131330356,9.999999709,43.12579559,271.3480928,199.3364345,3.065781952,3,-89.31800432,1.426241994
1763934535770653000,7.0567,-0.4135468989,0.002760258494,-0.174451727,236.8664606,0.1131330356,9.999999709,43.12579559,271.3480928,199.3364345,3.065781952,3,-89.31800432,1.426241994
1763934535780704000,7.0667,1.45695705,-0.1080928566,0.9102864602,236.8664606,0.1131330356,9.999999709,43.12579559,271.3480928,199.3364345,3.065781952,3,-89.31800432,1.426241994
1763934535790756000,7.0768,1.222341654,-0.9863631532,1.062974684,236.8664606,0.1131330356,9.999999709,43.12579559,271.3480928,199.3364345,3.065781952,3,-89.31800432,1.426241994
1763934535800807000,7.0868,-0.6741758571,-0.9645050302,0.5321989973,236.8664606,0.1131330356,9.999999709,43.12579559,271.3480928,199.3364345,3.065781952,3,-89.31800432,1.426241994
1763934535810858000,7.0969,0.2653132436,0.543072931,-2.70335178,236.8664606,0.1131330356,9.999999709,43.12579559,271.3480928,199.3364345,3.065781952,3,-89.31800432,1.426241994
1763934535820909000,7.1069,-0.280782104,0.7634182481,-0.8083890973,236.8664606,0.1131330356,9.999999709,43.12579559,271.3480928,199.3364345,3.065781952,3,-89.31800432,1.426241994
1763934535830961000,7.1170,0.5908300499,-1.837829468,-0.06725275054,236.8664606,0.1131330356,9.999999709,43.12579559,271.3480928,199.3364345,3.065781952,3,-89.31800432,1.426241994
1763934535841012000,7.1270,2.166135247,-0.6438591179,1.964277042,236.8664606,0.1131330356,9.999999709,43.12579559,271.3480928,199.3364345,3.065781952,3,-89.31800432,1.426241994
1763934535851063000,7.1371,1.333818162,-1.326603701,1.948515994,236.8664606,0.1131330356,9.999999709,43.12579559,271.3480928,199.3364345,3.065781952,3,-89.31800432,1.426241994
1763934535861114000,7.1471,1.409788472,0.1617586881,-0.4926502462,236.8664606,0.1131330356,9.999999709,43.12579559,271.3480928,199.3364345,3.065781952,3,-89.31800432,1.426241994
1763934535871166000,7.1572,0.6243349177,-1.953968853,-0.7583382414,236.8664606,0.1131330356,9.999999709,43.12579559,271.3480928,199.3364345,3.065781952,3,-89.31800432,1.426241994
1763934535881217000,7.1672,-0.7383247964,-2.531894559,-0.005980243453,236.8664606,0.1131330356,9.999999709,43.12579559,271.3480928,199.3364345,3.065781952,3,-89.31800432,1.426241994
1763934535891268000,7.1773,0.4771802899,0.4250543813,-1.295748251,236.8664606,0.1131330356,9.999999709,43.12579559,271.3480928,199.3364345,3.065781952,3,-89.31800432,1.426241994
1763934535901319000,7.1873,-0.3719534902,-1.452662276,-0.4805073885,236.8664606,0.1131330356,9.999999709,43.12579559,271.3480928,199.3364345,3.065781952,3,-89.31800432,1.426241994
1763934535921422000,7.2074,-0.1048667707,-0.5406763913,-0.1513461612,236.8664606,0.1131330356,9.999999709,43.12579559,271.3480928,199.3364345,3.065781952,3,-89.31800432,1.426241994
1763934535931473000,7.2175,-0.3058007368,0.03427797105,-0.07341653387,236.8664606,0.1131330356,9.999999709,43.12579559,271.3480928,199.3364345,3.065781952,3,-89.31800432,1.426241994
1763934535941524000,7.2275,-0.3961632909,-2.393788257,-0.3224485778,236.8664606,0.1131330356,9.999999709,43.12579559,271.3480928,199.3364345,3.065781952,3,-89.31800432,1.426241994
1763934535951575000,7.2376,-0.8752339246,-2.007967716,1.012057566,236.8664606,0.1131330356,9.999999709,43.12579559,271.3480928,199.3364345,3.065781952,3,-89.31800432,1.426241994
1763934535961627000,7.2476,0.8686054464,-0.09887056247,-0.249232535,236.8664606,0.1131330356,9.999999709,43.12579559,271.3480928,199.3364345,3.065781952,3,-89.31800432,1.426241994
1763934535971678000,7.2577,1.006858902,-0.8930786472,0.2980968114,236.8664606,0.1131330356,9.999999709,43.12579559,271.3480928,199.3364345,3.065781952,3,-89.31800432,1.426241994
1763934535981729000,7.2677,0.9559469721,-2.177509751,0.2435030514,236.8664606,0.1131330356,9.999999709,43.12579559,271.3480928,199.3364345,3.065781952,3,-89.31800432,1.426241994
1763934536001832000,7.2878,0.2337421204,-1.57653357,-0.3947147726,236.8664606,0.1131330356,9.999999709,43.12579559,271.3480928,199.3364345,3.065781952,3,-89.31800432,1.426241994
1763934536011883000,7.2979,-0.2444014616,-1.469737622,0.1444786136,236.8664606,0.1131330356,9.999999709,43.12579559,271.3480928,199.3364345,3.065781952,3,-89.31800432,1.426241994
1763934536021934000,7.3079,-0.03115505325,-1.841041416,-0.7646966705,236.8664606,0.1131330356,9.999999709,43.12579559,271.3480928,199.3364345,3.065781952,3,-89.31800432,1.426241994
1763934536031985200,7.3180,0.09235445857,0.4595254638,-0.1992389623,236.8664606,0.1131330356,9.999999709,43.12579559,271.3480928,199.3364345,3.065781952,3,-89.31800432,1.426241994
1763934536042037000,7.3280,-0.2095031667,-1.829372167,-0.2516086165,236.8664606,0.1131330356,9.999999709,43.12579559,271.3480928,199.3364345,3.065781952,3,-89.31800432,1.426241994
1763934536052088000,7.3381,-0.5383937602,-0.6899308409,-0.06776011554,236.8664606,0.1131330356,9.999999709,43.12579559,271.3480928,199.3364345,3.065781952,3,-89.31800432,1.426241994
1763934536062139100,7.3481,0.9467980355,-1.940283442,-1.158065289,236.8664606,0.1131330356,9.999999709,43.12579559,271.3480928,199.3364345,3.065781952,3,-89.31800432,1.426241994
1763934536082241000,7.3682,0.6110346336,0.8210598513,-0.5458955142,236.8664606,0.1131330356,9.999999709,43.12579559,271.3480928,199.3364345,3.065781952,3,-89.31800432,1.426241994
1763934536092291800,7.3783,0.9171008164,-1.527531931,-1.592515275,236.8664606,0.1131330356,9.999999709,43.12579559,271.3480928,199.3364345,3.065781952,3,-89.31800432,1.426241994
1763934536102343000,7.3883,-1.553224299,-3.131101684,1.539178822,236.8664606,0.1131330356,9.999999709,43.12579559,271.3480928,199.3364345,3.065781952,3,-89.31800432,1.426241994
1763934536112394000,7.3984,0.6633072571,-1.307952192,-0.6180810449,236.8664606,0.1131330356,9.999999709,43.12579559,271.3480928,199.3364345,3.065781952,3,-89.31800432,1.426241994
1763934536122445800,7.4084,0.9934159943,-0.1416265851,-1.126740761,236.8664606,0.1131330356,9.999999709,43.12579559,271.3480928,199.3364345,3.065781952,3,-89.31800432,1.426241994
1763934536132497000,7.4185,0.186366603,-2.130413507,-0.028866029,236.8664606,0.1131330356,9.999999709,43.12579559,271.3480928,199.3364345,3.065781952,3,-89.31800432,1.426241994
1763934536142548000,7.4285,-0.1817968474,-1.584957992,-0.2260106493,236.8664606,0.1131330356,9.999999709,43.12579559,271.3480928,199.3364345,3.065781952,3,-89.31800432,1.426241994
1763934536152598800,7.4386,-0.1905249282,0.1020135367,0.6763479405,236.8664606,0.1131330356,9.999999709,43.12579559,271.3480928,199.3364345,3.065781952,3,-89.31800432,1.426241994
1763934536162649900,7.4486,0.1050140337,-2.169096143,-0.0652408262,236.8664606,0.1131330356,9.999999709,43.12579559,271.3480928,199.3364345,3.065781952,3,-89.31800432,1.426241994
1763934536172702000,7.4587,0.8305284484,-0.2892737457,-0.3519178334,236.8664606,0.1131330356,9.999999709,43.12579559,271.3480928,199.3364345,3.065781952,3,-89.31800432,1.426241994
1763934536182752800,7.4688,0.443725764,-0.2419667087,0.1582195541,236.8664606,0.1131330356,9.999999709,43.12579559,271.3480928,199.3364345,3.065781952,3,-89.31800432,1.426241994
1763934536192803800,7.4788,0.1722293748,-0.3061584642,0.6736854433,236.8664606,0.1131330356,9.999999709,43.12579559,271.3480928,199.3364345,3.065781952,3,-89.31800432,1.426241994
1763934536202855000,7.4889,0.08062661138,-2.603169989,0.5396510668,236.8664606,0.1131330356,9.999999709,43.12579559,271.3480928,199.3364345,3.065781952,3,-89.31800432,1.426241994
1763934536212906800,7.4989,0.1520902576,0.2288895658,0.3492453993,236.8664606,0.1131330356,9.999999709,43.12579559,271.3480928,199.3364345,3.065781952,3,-89.31800432,1.426241994
1763934536222957800,7.5090,1.523423034,-0.8049456057,-2.012735076,236.8664606,0.1131330356,9.999999709,43.12579559,271.3480928,199.3364345,3.065781952,3,-89.31800432,1.426241994
1763934536233009000,7.5190,-1.088055933,-2.108309666,-0.3005956425,236.8664606,0.1131330356,9.999999709,43.12579559,271.3480928,199.3364345,3.065781952,3,-89.31800432,1.426241994
1763934536253111800,7.5391,-0.5607587368,-1.360731596,0.8524380823,236.8664606,0.1131330356,9.999999709,43.12579559,271.3480928,199.3364345,3.065781952,3,-89.31800432,1.426241994
1763934536263163000,7.5492,0.9128747231,-0.944640346,0.2399555881,236.8664606,0.1131330356,9.999999709,43.12579559,271.3480928,199.3364345,3.065781952,3,-89.31800432,1.426241994
1763934536273214000,7.5592,2.354277646,0.06479885458,-1.199936346,236.8664606,0.1131330356,9.999999709,43.12579559,271.3480928,199.3364345,3.065781952,3,-89.31800432,1.426241994
1763934536283264800,7.5693,-0.7098889755,-1.368488201,0.9835860897,236.8664606,0.1131330356,9.999999709,43.12579559,271.3480928,199.3364345,3.065781952,3,-89.31800432,1.426241994
1763934536293316900,7.5793,-0.5569874016,-0.8399801673,1.421219967,236.8664606,0.1131330356,9.999999709,43.12579559,271.3480928,199.3364345,3.065781952,3,-89.31800432,1.426241994
1763934536303368000,7.5894,1.528864933,-3.298685864,-0.09620996495,236.8664606,0.1131330356,9.999999709,43.12579559,271.3480928,199.3364345,3.065781952,3,-89.31800432,1.426241994
1763934536313418800,7.5994,1.422526373,-0.1940405899,0.3848936358,236.8664606,0.1131330356,9.999999709,43.12579559,271.3480928,199.3364345,3.065781952,3,-89.31800432,1.426241994
1763934536323469800,7.6095,2.776807477,0.1679468752,-3.065729049,236.8664606,0.1131330356,9.999999709,43.12579559,271.3480928,199.3364345,3.065781952,3,-89.31800432,1.426241994
1763934536333522000,7.6195,-0.3062619977,-1.763665623,-0.2083861453,236.8664606,0.1131330356,9.999999709,43.12579559,271.3480928,199.3364345,3.065781952,3,-89.31800432,1.426241994
1763934536343572700,7.6296,-0.4911141227,-1.95717101,0.81183953,236.8664606,0.1131330356,9.999999709,43.12579559,271.3480928,199.3364345,3.065781952,3,-89.31800432,1.426241994
1763934536353623800,7.6396,2.052729817,0.02965549888,0.1182815115,236.8664606,0.1131330356,9.999999709,43.12579559,271.3480928,199.3364345,3.065781952,3,-89.31800432,1.426241994
1763934536363675000,7.6497,1.337332308,0.5994397651,-0.02722176892,236.8664606,0.1131330356,9.999999709,43.12579559,271.3480928,199.3364345,3.065781952,3,-89.31800432,1.426241994
1763934536373726000,7.6597,0.7167272971,0.05510952748,-0.5520873545,236.8664606,0.1131330356,9.999999709,43.12579559,271.3480928,199.3364345,3.065781952,3,-89.31800432,1.426241994
1763934536383777800,7.6698,-0.2973433627,-1.231336716,0.04945230543,236.8664606,0.1131330356,9.999999709,43.12579559,271.3480928,199.3364345,3.065781952,3,-89.31800432,1.426241994
1763934536393828900,7.6798,0.1694628327,-0.4809421266,-0.1711567771,236.8664606,0.1131330356,9.999999709,43.12579559,271.3480928,199.3364345,3.065781952,3,-89.31800432,1.426241994
1763934536413931000,7.6999,-0.647256286,-1.367078627,-1.021840125,236.8664606,0.1131330356,9.999999709,43.12579559,271.3480928,199.3364345,3.065781952,3,-89.31800432,1.426241994
1763934536423982800,7.7100,-0.506703906,1.038989705,-0.3475789274,236.8664606,0.1131330356,9.999999709,43.12579559,271.3480928,199.3364345,3.065781952,3,-89.31800432,1.426241994
1763934536434034000,7.7200,0.1431447346,0.313516718,0.7917676328,236.8664606,0.1131330356,9.999999709,43.12579559,271.3480928,199.3364345,3.065781952,3,-89.31800432,1.426241994
1763934536444085000,7.7301,-0.4472434168,1.476023278,2.547581373,236.8664606,0.1131330356,9.999999709,43.12579559,271.3480928,199.3364345,3.065781952,3,-89.31800432,1.426241994
1763934536454135800,7.7401,0.6417629493,-0.8982027853,-0.6153957514,236.8664606,0.1131330356,9.999999709,43.12579559,271.3480928,199.3364345,3.065781952,3,-89.31800432,1.426241994
1763934536464188000,7.7502,0.2849450689,0.2381202624,-0.3340548445,236.8664606,0.1131330356,9.999999709,43.12579559,271.3480928,199.3364345,3.065781952,3,-89.31800432,1.426241994
1763934536474239000,7.7602,-1.656229915,-0.3492212878,0.9120219057,236.8664606,0.1131330356,9.999999709,43.12579559,271.3480928,199.3364345,3.065781952,3,-89.31800432,1.426241994
1763934536484289800,7.7703,0.5243570516,-1.196649725,0.9829507144,236.8664606,0.1131330356,9.999999709,43.12579559,271.3480928,199.3364345,3.065781952,3,-89.31800432,1.426241994
1763934536494340900,7.7803,1.679071861,-1.789428133,1.227610535,236.8664606,0.1131330356,9.999999709,43.12579559,271.3480928,199.3364345,3.065781952,3,-89.31800432,1.426241994
1763934534534351400,5.8204,0.4645956797,-0.4596325043,0.7823240972,237.087471,0.1116067916,9.999999709,43.12579998,271.5691032,194.6356661,4.230987458,3,-89.3179965,0.366776675
1763934534544402400,5.8304,1.292900315,1.408056241,-1.059925818,237.087471,0.1116067916,9.999999709,43.12579998,271.5691032,194.6356661,4.230987458,3,-89.3179965,0.366776675
1763934534554453200,5.8405,-0.3990531672,0.1271190441,1.834643531,237.087471,0.1116067916,9.999999709,43.12579998,271.5691032,194.6356661,4.230987458,3,-89.3179965,0.366776675
1763934534564505300,5.8505,0.3320188086,-1.075056605,1.934709587,237.087471,0.1116067916,9.999999709,43.12579998,271.5691032,194.6356661,4.230987458,3,-89.3179965,0.366776675
1763934534574556400,5.8606,1.769481031,1.906251993,0.04431435802,237.087471,0.1116067916,9.999999709,43.12579998,271.5691032,194.6356661,4.230987458,3,-89.3179965,0.366776675
1763934534584607500,5.8706,0.06313062911,0.8253210159,0.1516395912,237.087471,0.1116067916,9.999999709,43.12579998,271.5691032,194.6356661,4.230987458,3,-89.3179965,0.366776675
1763934534594658300,5.8807,-0.6438249964,-3.099257809,1.554462316,237.087471,0.1116067916,9.999999709,43.12579998,271.5691032,194.6356661,4.230987458,3,-89.3179965,0.366776675
1763934534604709400,5.8907,1.414733673,-1.672619909,0.3120446727,237.087471,0.1116067916,9.999999709,43.12579998,271.5691032,194.6356661,4.230987458,3,-89.3179965,0.366776675
1763934534614761500,5.9008,1.64086868,1.749304504,-1.657093254,237.087471,0.1116067916,9.999999709,43.12579998,271.5691032,194.6356661,4.230987458,3,-89.3179965,0.366776675
1763934534624812300,5.9108,-1.474631823,-1.01637974,-1.081720301,237.087471,0.1116067916,9.999999709,43.12579998,271.5691032,194.6356661,4.230987458,3,-89.3179965,0.366776675
1763934534634863400,5.9209,-3.062001553,-2.775420699,0.6505418836,237.087471,0.1116067916,9.999999709,43.12579998,271.5691032,194.6356661,4.230987458,3,-89.3179965,0.366776675
1763934534644914400,5.9309,-2.05276372,-0.865303263,1.127147588,237.087471,0.1116067916,9.999999709,43.12579998,271.5691032,194.6356661,4.230987458,3,-89.3179965,0.366776675
1763934534654966300,5.9410,-1.96031223,0.3258328134,0.2095095964,237.087471,0.1116067916,9.999999709,43.12579998,271.5691032,194.6356661,4.230987458,3,-89.3179965,0.366776675
1763934534665017300,5.9510,-2.201454398,-1.714058565,-1.640286496,237.087471,0.1116067916,9.999999709,43.12579998,271.5691032,194.6356661,4.230987458,3,-89.3179965,0.366776675
1763934534675068400,5.9611,-2.695178995,-1.673818617,-0.8668009542,237.087471,0.1116067916,9.999999709,43.12579998,271.5691032,194.6356661,4.230987458,3,-89.3179965,0.366776675
1763934534685119500,5.9711,-2.233411379,-0.9252295431,-0.4113958583,237.087471,0.1116067916,9.999999709,43.12579998,271.5691032,194.6356661,4.230987458,3,-89.3179965,0.366776675
1763934534695171300,5.9812,-0.7552653368,-1.59853059,0.4182978928,237.087471,0.1116067916,9.999999709,43.12579998,271.5691032,194.6356661,4.230987458,3,-89.3179965,0.366776675
1763934534705222400,5.9912,0.8278359944,-1.74383411,0.5655541544,237.087471,0.1116067916,9.999999709,43.12579998,271.5691032,194.6356661,4.230987458,3,-89.3179965,0.366776675
1763934534715273500,6.0013,2.338655714,-1.593304672,-1.032736197,237.087471,0.1116067916,9.999999709,43.12579998,271.5691032,194.6356661,4.230987458,3,-89.3179965,0.366776675
1763934534725324300,6.0113,0.1504160408,-0.5455529113,-0.7392249601,237.087471,0.1116067916,9.999999709,43.12579998,271.5691032,194.6356661,4.230987458,3,-89.3179965,0.366776675
1763934534735375000,6.0214,-1.671169125,-0.1566292893,-0.3478635896,237.087471,0.1116067916,9.999999709,43.12579998,271.5691032,194.6356661,4.230987458,3,-89.3179965,0.366776675
1763934534745427500,6.0314,-1.490353124,-1.389759829,0.1944084734,237.087471,0.1116067916,9.999999709,43.12579998,271.5691032,194.6356661,4.230987458,3,-89.3179965,0.366776675
1763934534755478300,6.0415,-0.8181705596,0.3917478856,1.65267836,237.087471,0.1116067916,9.999999709,43.12579998,271.5691032,194.6356661,4.230987458,3,-89.3179965,0.366776675
1763934534765529300,6.0515,0.3619827158,0.125801824,-0.8586363525,237.087471,0.1116067916,9.999999709,43.12579998,271.5691032,194.6356661,4.230987458,3,-89.3179965,0.366776675
1763934534775580200,6.0616,-0.67329206,-0.4433524007,-0.5631359873,237.087471,0.1116067916,9.999999709,43.12579998,271.5691032,194.6356661,4.230987458,3,-89.3179965,0.366776675
1763934534785632300,6.0716,-0.7527904711,1.04311526,-0.09114800539,237.087471,0.1116067916,9.999999709,43.12579998,271.5691032,194.6356661,4.230987458,3,-89.3179965,0.366776675
1763934534795683300,6.0817,0.01764898087,2.915466299,0.8357236789,237.087471,0.1116067916,9.999999709,43.12579998,271.5691032,194.6356661,4.230987458,3,-89.3179965,0.366776675
1763934534805734400,6.0917,-0.5287772061,-1.159113848,0.8660498436,237.087471,0.1116067916,9.999999709,43.12579998,271.5691032,194.6356661,4.230987458,3,-89.3179965,0.366776675
1763934534815785200,6.1018,-0.7293312696,-1.495929901,0.9268465499,237.087471,0.1116067916,9.999999709,43.12579998,271.5691032,194.6356661,4.230987458,3,-89.3179965,0.366776675
1763934534825836300,6.1118,0.03101480453,1.226876667,-0.8510878368,237.087471,0.1116067916,9.999999709,43.12579998,271.5691032,194.6356661,4.230987458,3,-89.3179965,0.366776675
1763934534835888400,6.1219,0.07033069668,2.168985084,-1.025720766,237.087471,0.1116067916,9.999999709,43.12579998,271.5691032,194.6356661,4.230987458,3,-89.3179965,0.366776675
1763934534845939500,6.1319,-0.4165209462,-0.3634919514,0.6425263349,237.087471,0.1116067916,9.999999709,43.12579998,271.5691032,194.6356661,4.230987458,3,-89.3179965,0.366776675
1763934534855990300,6.1420,1.012064581,-1.158802298,-0.339275794,237.087471,0.1116067916,9.999999709,43.12579998,271.5691032,194.6356661,4.230987458,3,-89.3179965,0.366776675
1763934534866041000,6.1520,1.13581371,1.193080342,0.8978338059,237.087471,0.1116067916,9.999999709,43.12579998,271.5691032,194.6356661,4.230987458,3,-89.3179965,0.366776675
1763934534876093400,6.1621,0.5310870905,2.123280148,-0.4699374791,237.087471,0.1116067916,9.999999709,43.12579998,271.5691032,194.6356661,4.230987458,3,-89.3179965,0.366776675
1763934534886144500,6.1721,0.8587363057,1.526512379,-1.48638422,237.087471,0.1116067916,9.999999709,43.12579998,271.5691032,194.6356661,4.230987458,3,-89.3179965,0.366776675
1763934534896195000,6.1822,0.04340301533,-1.986421654,0.7401724701,237.087471,0.1116067916,9.999999709,43.12579998,271.5691032,194.6356661,4.230987458,3,-89.3179965,0.366776675
1763934534906246100,6.1922,0.6526150366,0.5882387183,2.003995889,237.087471,0.1116067916,9.999999709,43.12579998,271.5691032,194.6356661,4.230987458,3,-89.3179965,0.366776675
1763934534916298500,6.2023,1.236468525,0.5312096209,-0.4673439555,237.087471,0.1116067916,9.999999709,43.12579998,271.5691032,194.6356661,4.230987458,3,-89.3179965,0.366776675
1763934534926349300,6.2123,-0.4973603966,0.1213432372,-1.174411444,237.087471,0.1116067916,9.999999709,43.12579998,271.5691032,194.6356661,4.230987458,3,-89.3179965,0.366776675
1763934534936400100,6.2224,-0.9976092082,-0.08194171256,-0.9134972389,237.087471,0.1116067916,9.999999709,43.12579998,271.5691032,194.6356661,4.230987458,3,-89.3179965,0.366776675
1763934534946451200,6.2325,-0.1897814712,-0.6339357628,-0.03175239809,237.087471,0.1116067916,9.999999709,43.12579998,271.5691032,194.6356661,4.230987458,3,-89.3179965,0.366776675
1763934534956502300,6.2425,0.6661082129,-0.7472071911,0.8570300863,237.087471,0.1116067916,9.999999709,43.12579998,271.5691032,194.6356661,4.230987458,3,-89.3179965,0.366776675
1763934534966554000,6.2526,0.07762319178,-1.130976353,0.5365408258,237.087471,0.1116067916,9.999999709,43.12579998,271.5691032,194.6356661,4.230987458,3,-89.3179965,0.366776675
1763934534976605200,6.2626,-1.61363712,-2.019930687,0.2348918749,237.087471,0.1116067916,9.999999709,43.12579998,271.5691032,194.6356661,4.230987458,3,-89.3179965,0.366776675
1763934534986656300,6.2727,-1.251482555,-1.789373626,-0.1560088924,237.087471,0.1116067916,9.999999709,43.12579998,271.5691032,194.6356661,4.230987458,3,-89.3179965,0.366776675
1763934534996707300,6.2827,0.4615608421,0.579040901,-1.758781358,237.087471,0.1116067916,9.999999709,43.12579998,271.5691032,194.6356661,4.230987458,3,-89.3179965,0.366776675
1763934535006759200,6.2928,-1.137859537,1.862135934,-1.138716446,237.087471,0.1116067916,9.999999709,43.12579998,271.5691032,194.6356661,4.230987458,3,-89.3179965,0.366776675
1763934535016810200,6.3028,-1.449936943,0.1168706218,0.9182371269,237.087471,0.1116067916,9.999999709,43.12579998,271.5691032,194.6356661,4.230987458,3,-89.3179965,0.366776675
1763934535026861300,6.3129,-1.376253428,-2.726928471,1.90258368,237.087471,0.1116067916,9.999999709,43.12579998,271.5691032,194.6356661,4.230987458,3,-89.3179965,0.366776675
1763934535036912000,6.3229,-0.01730900833,-0.2862422691,1.086139871,237.087471,0.1116067916,9.999999709,43.12579998,271.5691032,194.6356661,4.230987458,3,-89.3179965,0.366776675
1763934535046963200,6.3330,0.01563362246,1.041601495,-0.2937748565,237.087471,0.1116067916,9.999999709,43.12579998,271.5691032,194.6356661,4.230987458,3,-89.3179965,0.366776675
1763934535057015300,6.3430,-0.7341932496,-0.2719801542,-1.316278998,237.087471,0.1116067916,9.999999709,43.12579998,271.5691032,194.6356661,4.230987458,3,-89.3179965,0.366776675
1763934535067066000,6.3531,-1.97107547,1.68857531,0.5134282458,237.087471,0.1116067916,9.999999709,43.12579998,271.5691032,194.6356661,4.230987458,3,-89.3179965,0.366776675
1763934535077117200,6.3631,-0.6211421861,0.1117727141,-0.601273118,237.087471,0.1116067916,9.999999709,43.12579998,271.5691032,194.6356661,4.230987458,3,-89.3179965,0.366776675
1763934535087168300,6.3732,-1.612614061,-0.4773232055,0.6968418624,237.087471,0.1116067916,9.999999709,43.12579998,271.5691032,194.6356661,4.230987458,3,-89.3179965,0.366776675
1763934535097221000,6.3832,-1.414666892,-1.570358827,-0.6207692611,237.087471,0.1116067916,9.999999709,43.12579998,271.5691032,194.6356661,4.230987458,3,-89.3179965,0.366776675
1763934535107272200,6.3933,-1.193951572,1.935020114,-0.1266565411,237.087471,0.1116067916,9.999999709,43.12579998,271.5691032,194.6356661,4.230987458,3,-89.3179965,0.366776675
1763934535117323000,6.4033,0.0742798727,-0.4500077669,-0.04048749321,237.087471,0.1116067916,9.999999709,43.12579998,271.5691032,194.6356661,4.230987458,3,-89.3179965,0.366776675
1763934535127373800,6.4134,0.09402852926,-2.050935043,1.435436708,237.087471,0.1116067916,9.999999709,43.12579998,271.5691032,194.6356661,4.230987458,3,-89.3179965,0.366776675
1763934535137426200,6.4234,0.7448318402,2.136642026,-0.2870698059,237.087471,0.1116067916,9.999999709,43.12579998,271.5691032,194.6356661,4.230987458,3,-89.3179965,0.366776675
1763934535147477200,6.4335,1.695960891,3.027298196,-3.109929425,237.087471,0.1116067916,9.999999709,43.12579998,271.5691032,194.6356661,4.230987458,3,-89.3179965,0.366776675
1763934535157527800,6.4435,-1.079981202,0.1100165181,0.3324059082,237.087471,0.1116067916,9.999999709,43.12579998,271.5691032,194.6356661,4.230987458,3,-89.3179965,0.366776675
1763934535167579000,6.4536,-2.954714898,-1.660381774,2.605620305,237.087471,0.1116067916,9.999999709,43.12579998,271.5691032,194.6356661,4.230987458,3,-89.3179965,0.366776675
1763934535187682000,6.4737,0.8049941941,0.4574862861,-0.7610720503,237.087471,0.1116067916,9.999999709,43.12579998,271.5691032,194.6356661,4.230987458,3,-89.3179965,0.366776675
1763934535197732900,6.4837,-1.34160034,-3.043345367,0.03077215488,237.087471,0.1116067916,9.999999709,43.12579998,271.5691032,194.6356661,4.230987458,3,-89.3179965,0.366776675
1763934535207784000,6.4938,-1.612457263,3.104400432,0.6752379334,237.087471,0.1116067916,9.999999709,43.12579998,271.5691032,194.6356661,4.230987458,3,-89.3179965,0.366776675
1763934535217835000,6.5038,0.2933179066,2.310722144,-2.31461842,237.087471,0.1116067916,9.999999709,43.12579998,271.5691032,194.6356661,4.230987458,3,-89.3179965,0.366776675
1763934535227886800,6.5139,-1.957189568,1.315142834,0.5953998421,237.087471,0.1116067916,9.999999709,43.12579998,271.5691032,194.6356661,4.230987458,3,-89.3179965,0.366776675
1763934535237938000,6.5239,-2.265288718,2.899194963,1.012170379,237.087471,0.1116067916,9.999999709,43.12579998,271.5691032,194.6356661,4.230987458,3,-89.3179965,0.366776675
1763934535247989000,6.5340,-1.485529357,0.7974270468,0.09979951388,237.087471,0.1116067916,9.999999709,43.12579998,271.5691032,194.6356661,4.230987458,3,-89.3179965,0.366776675
1763934535268092000,6.5541,-0.3624408349,0.6987175932,1.905910778,237.087471,0.1116067916,9.999999709,43.12579998,271.5691032,194.6356661,4.230987458,3,-89.3179965,0.366776675
1763934535278143000,6.5641,0.8888229625,-1.792038315,0.09504910448,237.087471,0.1116067916,9.999999709,43.12579998,271.5691032,194.6356661,4.230987458,3,-89.3179965,0.366776675
1763934535288194000,6.5742,0.1821522184,1.33182012,1.27512515,237.087471,0.1116067916,9.999999709,43.12579998,271.5691032,194.6356661,4.230987458,3,-89.3179965,0.366776675
1763934535298244900,6.5842,0.9966238504,0.4554110873,-2.11039524,237.087471,0.1116067916,9.999999709,43.12579998,271.5691032,194.6356661,4.230987458,3,-89.3179965,0.366776675
1763934535308296000,6.5943,-1.124922898,0.6275598711,-1.133853224,237.087471,0.1116067916,9.999999709,43.12579998,271.5691032,194.6356661,4.230987458,3,-89.3179965,0.366776675
1763934535318348000,6.6043,-2.676550283,0.1001638902,-0.1057762502,237.087471,0.1116067916,9.999999709,43.12579998,271.5691032,194.6356661,4.230987458,3,-89.3179965,0.366776675
1763934535328398800,6.6144,-2.361602874,-0.2194523137,0.7244482468,237.087471,0.1116067916,9.999999709,43.12579998,271.5691032,194.6356661,4.230987458,3,-89.3179965,0.366776675
1763934535348501000,6.6345,-0.583281242,0.08279036528,-0.1214157179,237.087471,0.1116067916,9.999999709,43.12579998,271.5691032,194.6356661,4.230987458,3,-89.3179965,0.366776675
1763934535358552800,6.6446,0.08348258533,-0.6136471541,-1.506376623,237.087471,0.1116067916,9.999999709,43.12579998,271.5691032,194.6356661,4.230987458,3,-89.3179965,0.366776675
1763934535368604000,6.6546,-0.8688743995,1.17088327,0.1199590893,237.087471,0.1116067916,9.999999709,43.12579998,271.5691032,194.6356661,4.230987458,3,-89.3179965,0.366776675
1763934535378655000,6.6647,-0.187935478,-0.5485100806,-0.7062848136,237.087471,0.1116067916,9.999999709,43.12579998,271.5691032,194.6356661,4.230987458,3,-89.3179965,0.366776675
1763934535388706000,6.6747,-0.96950788,2.00983877,1.371037593,237.087471,0.1116067916,9.999999709,43.12579998,271.5691032,194.6356661,4.230987458,3,-89.3179965,0.366776675
1763934535398756900,6.6848,1.18338327,-0.4757794101,-1.415656487,237.087471,0.1116067916,9.999999709,43.12579998,271.5691032,194.6356661,4.230987458,3,-89.3179965,0.366776675
1763934535408809000,6.6948,-1.255329732,-0.745407229,1.151925471,237.087471,0.1116067916,9.999999709,43.12579998,271.5691032,194.6356661,4.230987458,3,-89.3179965,0.366776675
1763934535428910800,6.7149,0.7478104177,1.500937939,0.09651274729,237.087471,0.1116067916,9.999999709,43.12579998,271.5691032,194.6356661,4.230987458,3,-89.3179965,0.366776675
1763934535438962000,6.7250,0.3862263457,-0.940601519,0.3202291482,237.087471,0.1116067916,9.999999709,43.12579998,271.5691032,194.6356661,4.230987458,3,-89.3179965,0.366776675
1763934535449014000,6.7350,-0.9243231689,-1.08173243,0.7297714876,237.087471,0.1116067916,9.999999709,43.12579998,271.5691032,194.6356661,4.230987458,3,-89.3179965,0.366776675
1763934535459065000,6.7451,0.8788578872,-2.446247197,-1.911602852,237.087471,0.1116067916,9.999999709,43.12579998,271.5691032,194.6356661,4.230987458,3,-89.3179965,0.366776675
1763934535469116000,6.7551,1.268455901,-1.940928169,0.03271042947,237.087471,0.1116067916,9.999999709,43.12579998,271.5691032,194.6356661,4.230987458,3,-89.3179965,0.366776675
1763934535479167000,6.7652,-0.5753600936,-0.6533696543,2.749621364,237.087471,0.1116067916,9.999999709,43.12579998,271.5691032,194.6356661,4.230987458,3,-89.3179965,0.366776675
1763934535489219000,6.7752,0.0332637525,4.358323804,-0.5843582236,237.087471,0.1116067916,9.999999709,43.12579998,271.5691032,194.6356661,4.230987458,3,-89.3179965,0.366776675